{
 "type": "FeatureCollection",
 "name": "RU-PlumeScan CH4 plume catalogue, West Siberian Plain, 2019-2025",
 "crs": {
  "type": "name",
  "properties": {
   "name": "urn:ogc:def:crs:OGC:1.3:CRS84"
  }
 },
 "features": [
  {
   "type": "Feature",
   "geometry": {
    "type": "MultiPolygon",
    "coordinates": [
     [
      [
       [
        76.13763098677869,
        64.73421582812173
       ],
       [
        76.17243995087038,
        64.73806067758623
       ],
       [
        76.20724870276037,
        64.74190557730233
       ],
       [
        76.24205764348419,
        64.74575047587038
       ],
       [
        76.22496149389656,
        64.77699312364133
       ],
       [
        76.20786519651342,
        64.80823584051463
       ],
       [
        76.17297610964694,
        64.8043831991905
       ],
       [
        76.13808691298722,
        64.80053050069967
       ],
       [
        76.10319788364315,
        64.79667786082742
       ],
       [
        76.06830873102751,
        64.79282515663014
       ],
       [
        76.08556546406359,
        64.76159809671249
       ],
       [
        76.10282219800779,
        64.73037097051602
       ],
       [
        76.13763098677869,
        64.73421582812173
       ]
      ]
     ],
     [
      [
       [
        76.24205764348419,
        64.74575047587038
       ],
       [
        76.25903117114932,
        64.71449321228772
       ],
       [
        76.27600481204742,
        64.68323609280286
       ],
       [
        76.29297830914582,
        64.65197892881721
       ],
       [
        76.30995185695842,
        64.62072166675456
       ],
       [
        76.37933329037895,
        64.62829998821164
       ],
       [
        76.44871474075362,
        64.6358781587813
       ],
       [
        76.43190051468163,
        64.66715206868352
       ],
       [
        76.41508635809782,
        64.69842603264092
       ],
       [
        76.39827218595441,
        64.72969992996711
       ],
       [
        76.3814579727236,
        64.76097383005988
       ],
       [
        76.34660790768001,
        64.75716798119653
       ],
       [
        76.31175776926081,
        64.75336210454714
       ],
       [
        76.27690766508898,
        64.74955629963587
       ],
       [
        76.24205764348419,
        64.74575047587038
       ]
      ]
     ],
     [
      [
       [
        76.10282219800779,
        64.73037097051602
       ],
       [
        76.0680557302176,
        64.72648820131464
       ],
       [
        76.03328914575782,
        64.72260549676506
       ],
       [
        75.998522719268,
        64.71872269554453
       ],
       [
        75.96375616249816,
        64.71483995179142
       ],
       [
        75.9506309073284,
        64.73823967206778
       ],
       [
        75.93750546841987,
        64.76163936730805
       ],
       [
        75.92438002780797,
        64.78503904676306
       ],
       [
        75.91125476822512,
        64.808438719773
       ],
       [
        75.89812930570459,
        64.8318384333569
       ],
       [
        75.88500404982472,
        64.85523812635952
       ],
       [
        75.87187867276879,
        64.87863775876129
       ],
       [
        75.85875330051422,
        64.90203742691055
       ],
       [
        75.82381237578097,
        64.89807052252702
       ],
       [
        75.78887144362629,
        64.89410361947348
       ],
       [
        75.75393032620936,
        64.89013669738075
       ],
       [
        75.71898935785705,
        64.8861697857936
       ],
       [
        75.68404858916661,
        64.88220279424466
       ],
       [
        75.6491075564105,
        64.87823585932328
       ],
       [
        75.61416659359166,
        64.8742690107662
       ],
       [
        75.5792256387238,
        64.87030205439184
       ],
       [
        75.56123534819184,
        64.9014466403456
       ],
       [
        75.54324516286144,
        64.93259123119569
       ],
       [
        75.50835689620583,
        64.92850085320701
       ],
       [
        75.47346861828187,
        64.92441046780475
       ],
       [
        75.4385803217739,
        64.92032007114838
       ],
       [
        75.40369199938846,
        64.9162296593909
       ],
       [
        75.36880375604353,
        64.91213933255942
       ],
       [
        75.33391535998163,
        64.90804887905793
       ],
       [
        75.29902719936672,
        64.90395852005335
       ],
       [
        75.26413881251814,
        64.89986811334322
       ],
       [
        75.22925053453399,
        64.89577768958537
       ],
       [
        75.19436229865302,
        64.8916873316556
       ],
       [
        75.15947398593633,
        64.88759693170368
       ],
       [
        75.12458570054959,
        64.88350658988972
       ],
       [
        75.08969732385782,
        64.87941619829947
       ],
       [
        75.05480919102996,
        64.87532578813807
       ],
       [
        75.01992089253831,
        64.87123540708028
       ],
       [
        74.98503265244045,
        64.86714498227819
       ],
       [
        74.96632001753052,
        64.89820710980267
       ],
       [
        74.9476072376277,
        64.92926922679794
       ],
       [
        74.9127538629716,
        64.92507429502881
       ],
       [
        74.87790046300326,
        64.92087940695545
       ],
       [
        74.84304709107687,
        64.91668447214869
       ],
       [
        74.80819350729512,
        64.91248955522975
       ],
       [
        74.8269273214113,
        64.8814342230884
       ],
       [
        74.84566118028661,
        64.85037876245723
       ],
       [
        74.86439493117406,
        64.81932336124525
       ],
       [
        74.88312877489392,
        64.78826796584386
       ],
       [
        74.90186250962043,
        64.75721257350475
       ],
       [
        74.92059633524791,
        64.72615713059308
       ],
       [
        74.93933015997561,
        64.69510173857186
       ],
       [
        74.9580640127399,
        64.66404632604717
       ],
       [
        74.9926051670203,
        64.6682033383553
       ],
       [
        75.02714656009736,
        64.67236034198017
       ],
       [
        75.0616878593495,
        64.67651730552414
       ],
       [
        75.0962291819534,
        64.68067433686062
       ],
       [
        75.11453938680549,
        64.64957205774955
       ],
       [
        75.13284962187089,
        64.6184698743983
       ],
       [
        75.15115980583678,
        64.58736761201409
       ],
       [
        75.16946984909409,
        64.55626537284081
       ],
       [
        75.2383339778444,
        64.56446569531803
       ],
       [
        75.30719816581654,
        64.57266592553891
       ],
       [
        75.28904292281862,
        64.60378714497323
       ],
       [
        75.27088764929992,
        64.63490836335188
       ],
       [
        75.25273243471351,
        64.66602947817714
       ],
       [
        75.23457719192066,
        64.69715064674669
       ],
       [
        75.28658880533168,
        64.70321558700347
       ],
       [
        75.33860027589644,
        64.70928053536917
       ],
       [
        75.39061179705718,
        64.71534552168974
       ],
       [
        75.44262328106063,
        64.72141045475328
       ],
       [
        75.49463475118735,
        64.72747534716383
       ],
       [
        75.54664634270675,
        64.73354031515098
       ],
       [
        75.59865779779162,
        64.73960525069324
       ],
       [
        75.65066930985762,
        64.7456701832612
       ],
       [
        75.66835638510176,
        64.71449327831994
       ],
       [
        75.68604343744244,
        64.68331632076769
       ],
       [
        75.70373037973228,
        64.65213941400452
       ],
       [
        75.72141740846652,
        64.62096250446362
       ],
       [
        75.79066723531493,
        64.62882384479289
       ],
       [
        75.85991703784914,
        64.63668529634603
       ],
       [
        75.92916698335061,
        64.64454671399776
       ],
       [
        75.99841678743361,
        64.65240809356234
       ],
       [
        76.0156645924338,
        64.62118097035173
       ],
       [
        76.03291242348617,
        64.5899539110816
       ],
       [
        76.10213109141235,
        64.59768376091294
       ],
       [
        76.17134970583285,
        64.60541365336428
       ],
       [
        76.15421785063573,
        64.63665292354466
       ],
       [
        76.13708598062071,
        64.66789230807713
       ],
       [
        76.11995401164549,
        64.69913168647699
       ],
       [
        76.10282219800779,
        64.73037097051602
       ]
      ]
     ]
    ]
   },
   "properties": {
    "event_id": "CH4-WSP-001",
    "datetime_utc": "2019-03-15T05:59:48Z",
    "date_utc": "2019-03-15",
    "year": 2019,
    "month": 3,
    "centroid_lon": 75.52736416311893,
    "centroid_lat": 64.76449954687061,
    "area_km2": 1508.9564075565036,
    "n_pixels": 31,
    "max_z": 10.788029382163845,
    "mean_z": 5.170684411409307,
    "max_delta": 38.5353446561212,
    "mean_delta": 18.581998206809107,
    "artifact_likely": 1,
    "corr_albedo": 0.2072757599262354,
    "nearest_source_type": "viirs_flare_high",
    "nearest_source_distance_km": 12.467073245102341,
    "matched_schuit_150km": 0,
    "matched_mars_150km": 0,
    "algorithm_version": "2.3.2",
    "config_id": "default_combine",
    "params_hash": "d98a789c5e179d12e49e7df613db1b9655a8203f84fa7900a8de69ead5947285",
    "run_id": "default_combine_2019_combined_d98a789c",
    "aoi_boundary": "zapsib",
    "artifact_likely_albedo_positive": 0,
    "build_date": "2026-05-23",
    "cluster_id": 1666447310942,
    "cluster_overlap_snow_fraction": 0.9339646018073963,
    "count": 31,
    "enrichment_method": "numpy_eigh_with_cos_lat",
    "enrichment_stage": "axis_v1",
    "event_class": "CH4_only",
    "inside_reference_clean_zone": 0,
    "intermediate_asset": "projects/nodal-thunder-481307-u1/assets/RuPlumeScan/catalog/CH4/events_2019_intermediate",
    "nearest_source_id": "viirs_0174",
    "orbit_date_millis": 1552629588000,
    "plume_axis_deg": 100.34856706027053,
    "qa_flags": "",
    "rna_version": "1.2",
    "stage_2_run_date": "2026-05-23T02:59:45.045830+00:00",
    "stage_3_match_radius_km": 150,
    "stage_3_run_date": "2026-05-23",
    "stage_3b_rescope_date": "2026-06-20",
    "surface_confounded_dark": 0,
    "td0044_reclassified": null,
    "wind_alignment_score": 0.7381842244175935,
    "wind_consistency_diff_deg": 2.252699649772012,
    "wind_consistent": 1,
    "wind_dir_deg": 123.91198686268712,
    "wind_level": "10m",
    "wind_levels_inconsistent_qa": 0,
    "wind_source": "ERA5_HOURLY_10m",
    "wind_speed": 3.533204038598795,
    "wind_state": "aligned",
    "wind_u": 1.971240758895874,
    "wind_u_850hPa": 4.9337615966796875,
    "wind_v": -2.932190418243408,
    "wind_v_850hPa": -8.001152038574219,
    "zone_boundary_step_ppb": null
   }
  },
  {
   "type": "Feature",
   "geometry": {
    "type": "MultiPolygon",
    "coordinates": [
     [
      [
       [
        75.87371797714226,
        60.63890497270816
       ],
       [
        75.88878751481846,
        60.60741036151889
       ],
       [
        75.90385716606154,
        60.57591569591032
       ],
       [
        75.84400261986315,
        60.56797405145957
       ],
       [
        75.78414800873306,
        60.560032428954905
       ],
       [
        75.7992710899125,
        60.52854446389428
       ],
       [
        75.81439420855683,
        60.49705651745737
       ],
       [
        75.8741305468139,
        60.504982572488174
       ],
       [
        75.93386689853862,
        60.51290864577455
       ],
       [
        75.94881160133153,
        60.48139835652506
       ],
       [
        75.96375612071223,
        60.44988818172541
       ],
       [
        76.02343911282051,
        60.457733910477096
       ],
       [
        76.08312188429439,
        60.46557969939071
       ],
       [
        76.06078736810011,
        60.51285621771423
       ],
       [
        76.0384528674493,
        60.56013278225876
       ],
       [
        76.01611837570852,
        60.607409219457836
       ],
       [
        75.99378383297093,
        60.65468571180798
       ],
       [
        75.93375096533381,
        60.64679533084081
       ],
       [
        75.87371797714226,
        60.63890497270816
       ]
      ]
     ],
     [
      [
       [
        75.87371797714226,
        60.63890497270816
       ],
       [
        75.85858387066938,
        60.67038847259676
       ],
       [
        75.8434497313946,
        60.70187193607632
       ],
       [
        75.9036029152934,
        60.70978016819522
       ],
       [
        75.96375625175592,
        60.71768837184573
       ],
       [
        75.94864652145615,
        60.74917519007569
       ],
       [
        75.93353681123024,
        60.78066207464778
       ],
       [
        75.91842724816483,
        60.812148833947
       ],
       [
        75.9033175619061,
        60.8436356867868
       ],
       [
        75.84292803310939,
        60.835698464792564
       ],
       [
        75.78253829743167,
        60.827761292250656
       ],
       [
        75.7977974168746,
        60.79629341257952
       ],
       [
        75.81305636053169,
        60.76482555314466
       ],
       [
        75.75284967822884,
        60.75683711115883
       ],
       [
        75.6926429459247,
        60.748848550719046
       ],
       [
        75.70792531682447,
        60.717382980899046
       ],
       [
        75.72320780471452,
        60.68591727584997
       ],
       [
        75.73849028109993,
        60.65445162671479
       ],
       [
        75.75377276985898,
        60.62298596946544
       ],
       [
        75.81374541511977,
        60.63094550044812
       ],
       [
        75.87371797714226,
        60.63890497270816
       ]
      ]
     ]
    ]
   },
   "properties": {
    "event_id": "CH4-WSP-002",
    "datetime_utc": "2019-05-09T07:15:09Z",
    "date_utc": "2019-05-09",
    "year": 2019,
    "month": 5,
    "centroid_lon": 75.88865160562551,
    "centroid_lat": 60.640865802873876,
    "area_km2": 389.66764107736606,
    "n_pixels": 8,
    "max_z": 4.635502577788072,
    "mean_z": 3.736230134603238,
    "max_delta": 27.067428263978854,
    "mean_delta": 18.030835627724645,
    "artifact_likely": 0,
    "corr_albedo": 0.059726989253271474,
    "nearest_source_type": "gas_field",
    "nearest_source_distance_km": 44.840301950050936,
    "matched_schuit_150km": 0,
    "matched_mars_150km": 0,
    "algorithm_version": "2.3.2",
    "config_id": "default_combine",
    "params_hash": "d98a789c5e179d12e49e7df613db1b9655a8203f84fa7900a8de69ead5947285",
    "run_id": "default_combine_2019_combined_d98a789c",
    "aoi_boundary": "zapsib",
    "artifact_likely_albedo_positive": 0,
    "build_date": "2026-05-23",
    "cluster_id": 1915555414128,
    "cluster_overlap_snow_fraction": 0,
    "count": 8,
    "enrichment_method": "numpy_eigh_with_cos_lat",
    "enrichment_stage": "axis_v1",
    "event_class": "CH4_only",
    "inside_reference_clean_zone": 0,
    "intermediate_asset": "projects/nodal-thunder-481307-u1/assets/RuPlumeScan/catalog/CH4/events_2019_intermediate",
    "nearest_source_id": "ru_khmao_samotlor",
    "orbit_date_millis": 1557386109000,
    "plume_axis_deg": 170.86415558383484,
    "qa_flags": "",
    "rna_version": "1.2",
    "stage_2_run_date": "2026-05-23T02:59:45.045830+00:00",
    "stage_3_match_radius_km": 150,
    "stage_3_run_date": "2026-05-23",
    "stage_3b_rescope_date": "2026-06-20",
    "surface_confounded_dark": 0,
    "td0044_reclassified": null,
    "wind_alignment_score": 0.7138408192164398,
    "wind_consistency_diff_deg": 68.8512352155982,
    "wind_consistent": 1,
    "wind_dir_deg": 16.618481854355252,
    "wind_level": "10m",
    "wind_levels_inconsistent_qa": 1,
    "wind_source": "ERA5_HOURLY_10m",
    "wind_speed": 3.1581324366056807,
    "wind_state": "aligned",
    "wind_u": -3.0262184143066406,
    "wind_u_850hPa": -0.5619850158691406,
    "wind_v": -0.9032179117202759,
    "wind_v_850hPa": -7.092766761779785,
    "zone_boundary_step_ppb": null
   }
  },
  {
   "type": "Feature",
   "geometry": {
    "type": "Polygon",
    "coordinates": [
     [
      [
       77.56907719803725,
       65.936580103799
      ],
      [
       77.58518342438299,
       65.905231493077
      ],
      [
       77.60128973175573,
       65.87388292614317
      ],
      [
       77.61739596722701,
       65.8425343191564
      ],
      [
       77.63350227809921,
       65.81118570518522
      ],
      [
       77.67006585576615,
       65.8146025619915
      ],
      [
       77.70662933920335,
       65.81801932606714
      ],
      [
       77.74319286000716,
       65.82143610324106
      ],
      [
       77.77975625019123,
       65.8248528827216
      ],
      [
       77.79556166237799,
       65.79347639809211
      ],
      [
       77.81136686468172,
       65.76209999070542
      ],
      [
       77.84788129643759,
       65.76546992456831
      ],
      [
       77.88439578752684,
       65.76883989860141
      ],
      [
       77.92091022080372,
       65.77220981399114
      ],
      [
       77.95742467800481,
       65.77557986441568
      ],
      [
       77.93386282254392,
       65.8226578507408
      ],
      [
       77.91030101784234,
       65.86973594070295
      ],
      [
       77.8867390070697,
       65.91681404161733
      ],
      [
       77.8631772371469,
       65.96389211705615
      ],
      [
       77.82641461574046,
       65.96047810215687
      ],
      [
       77.7896522211871,
       65.95706415512048
      ],
      [
       77.75288974375562,
       65.9536501560122
      ],
      [
       77.71612717586547,
       65.95023610127865
      ],
      [
       77.67936463486409,
       65.94682208977413
      ],
      [
       77.64260211280423,
       65.94340811802066
      ],
      [
       77.60583965372267,
       65.93999409450635
      ],
      [
       77.56907719803725,
       65.936580103799
      ]
     ]
    ]
   },
   "properties": {
    "event_id": "CH4-WSP-003",
    "datetime_utc": "2019-06-23T06:32:00Z",
    "date_utc": "2019-06-23",
    "year": 2019,
    "month": 6,
    "centroid_lon": 77.77212043310915,
    "centroid_lat": 65.87009130300845,
    "area_km2": 243.2223710234339,
    "n_pixels": 5,
    "max_z": 4.979679931289834,
    "mean_z": 4.5650826292263735,
    "max_delta": 20.97704994309379,
    "mean_delta": 13.394242030208655,
    "artifact_likely": 0,
    "corr_albedo": -0.506854872164725,
    "nearest_source_type": "gas_field",
    "nearest_source_distance_km": 23.2840937629866,
    "matched_schuit_150km": 0,
    "matched_mars_150km": 0,
    "algorithm_version": "2.3.2",
    "config_id": "default_combine",
    "params_hash": "d98a789c5e179d12e49e7df613db1b9655a8203f84fa7900a8de69ead5947285",
    "run_id": "default_combine_2019_combined_d98a789c",
    "aoi_boundary": "zapsib",
    "artifact_likely_albedo_positive": 0,
    "build_date": "2026-05-23",
    "cluster_id": 1597727834192,
    "cluster_overlap_snow_fraction": 0,
    "count": 5,
    "enrichment_method": "numpy_eigh_with_cos_lat",
    "enrichment_stage": "axis_v1",
    "event_class": "wind_ambiguous",
    "inside_reference_clean_zone": 0,
    "intermediate_asset": "projects/nodal-thunder-481307-u1/assets/RuPlumeScan/catalog/CH4/events_2019_intermediate",
    "nearest_source_id": "manual_p_01_0d_yuzhno_russkoye",
    "orbit_date_millis": 1561271520000,
    "plume_axis_deg": 148.4297020180288,
    "qa_flags": "",
    "rna_version": "1.2",
    "stage_2_run_date": "2026-05-23T02:59:45.045830+00:00",
    "stage_3_match_radius_km": 150,
    "stage_3_run_date": "2026-05-23",
    "stage_3b_rescope_date": "2026-06-20",
    "surface_confounded_dark": 1,
    "td0044_reclassified": null,
    "wind_alignment_score": 0.24240398931504348,
    "wind_consistency_diff_deg": 108.9093056346938,
    "wind_consistent": 0,
    "wind_dir_deg": 260.2460610563827,
    "wind_level": "10m",
    "wind_levels_inconsistent_qa": 1,
    "wind_source": "ERA5_HOURLY_10m",
    "wind_speed": 4.6895805656959215,
    "wind_state": "misaligned",
    "wind_u": 0.7944958806037903,
    "wind_u_850hPa": 4.010161399841309,
    "wind_v": 4.621789932250977,
    "wind_v_850hPa": -2.1921567916870117,
    "zone_boundary_step_ppb": null
   }
  },
  {
   "type": "Feature",
   "geometry": {
    "type": "MultiPolygon",
    "coordinates": [
     [
      [
       [
        72.39236854516614,
        67.89142330888299
       ],
       [
        72.35344047418755,
        67.88656622979545
       ],
       [
        72.31451257107231,
        67.88170910548392
       ],
       [
        72.27558474425814,
        67.87685201548688
       ],
       [
        72.23665678493468,
        67.87199493193094
       ],
       [
        72.26150956572994,
        67.84153932423598
       ],
       [
        72.28636237424216,
        67.81108364223653
       ],
       [
        72.32519561494553,
        67.81592735508997
       ],
       [
        72.36402872698444,
        67.82077101904153
       ],
       [
        72.40286184054331,
        67.82561474740875
       ],
       [
        72.44169504681447,
        67.8304584606372
       ],
       [
        72.41703182621312,
        67.86094090636502
       ],
       [
        72.39236854516614,
        67.89142330888299
       ]
      ]
     ],
     [
      [
       [
        72.39236854516614,
        67.89142330888299
       ],
       [
        72.43139743692714,
        67.89621733321427
       ],
       [
        72.47042614431047,
        67.90101143731475
       ],
       [
        72.50945495404918,
        67.90580556319351
       ],
       [
        72.54848395702984,
        67.91059963114083
       ],
       [
        72.58751269844197,
        67.91539369003276
       ],
       [
        72.62654158272147,
        67.92018778872327
       ],
       [
        72.66557042812266,
        67.92498191189215
       ],
       [
        72.70459932504554,
        67.92977597984216
       ],
       [
        72.68011866270459,
        67.96028965873275
       ],
       [
        72.65563835773344,
        67.99080328982359
       ],
       [
        72.6311577827034,
        68.02131688905537
       ],
       [
        72.60667736662391,
        68.05183049291401
       ],
       [
        72.56745635353118,
        68.0470113205559
       ],
       [
        72.52823518694294,
        68.04219218205766
       ],
       [
        72.48901393071368,
        68.03737298549062
       ],
       [
        72.44979288619083,
        68.03255385336867
       ],
       [
        72.41057172456706,
        68.02773465087976
       ],
       [
        72.37135055045546,
        68.02291547901254
       ],
       [
        72.33212934992022,
        68.01809633159124
       ],
       [
        72.29290818773255,
        68.01327711689972
       ],
       [
        72.31777338436315,
        67.98281368764106
       ],
       [
        72.34263842301401,
        67.95235024302636
       ],
       [
        72.36750354106908,
        67.92188672460682
       ],
       [
        72.39236854516614,
        67.89142330888299
       ]
      ]
     ]
    ]
   },
   "properties": {
    "event_id": "CH4-WSP-004",
    "datetime_utc": "2019-06-30T06:00:06Z",
    "date_utc": "2019-06-30",
    "year": 2019,
    "month": 6,
    "centroid_lon": 72.46700411266715,
    "centroid_lat": 67.94753884533726,
    "area_km2": 243.27786138183149,
    "n_pixels": 5,
    "max_z": 4.488214381616956,
    "mean_z": 3.773758559110212,
    "max_delta": 30.9734608113547,
    "mean_delta": 13.385591834357271,
    "artifact_likely": 1,
    "corr_albedo": 0.5789715703074118,
    "nearest_source_type": "gas_field",
    "nearest_source_distance_km": 13.320409736048411,
    "matched_schuit_150km": 0,
    "matched_mars_150km": 0,
    "algorithm_version": "2.3.2",
    "config_id": "default_combine",
    "params_hash": "d98a789c5e179d12e49e7df613db1b9655a8203f84fa7900a8de69ead5947285",
    "run_id": "default_combine_2019_combined_d98a789c",
    "aoi_boundary": "zapsib",
    "artifact_likely_albedo_positive": 1,
    "build_date": "2026-05-23",
    "cluster_id": 1425929142376,
    "cluster_overlap_snow_fraction": 0,
    "count": 5,
    "enrichment_method": "numpy_eigh_with_cos_lat",
    "enrichment_stage": "axis_v1",
    "event_class": "wind_ambiguous",
    "inside_reference_clean_zone": 0,
    "intermediate_asset": "projects/nodal-thunder-481307-u1/assets/RuPlumeScan/catalog/CH4/events_2019_intermediate",
    "nearest_source_id": "manual_p_01_0d_novoportovskoye",
    "orbit_date_millis": 1561874406000,
    "plume_axis_deg": 27.156917125914976,
    "qa_flags": "",
    "rna_version": "1.2",
    "stage_2_run_date": "2026-05-23T02:59:45.045830+00:00",
    "stage_3_match_radius_km": 150,
    "stage_3_run_date": "2026-05-23",
    "stage_3b_rescope_date": "2026-06-20",
    "surface_confounded_dark": 0,
    "td0044_reclassified": null,
    "wind_alignment_score": 0.15150001466696184,
    "wind_consistency_diff_deg": 146.30248846110408,
    "wind_consistent": 0,
    "wind_dir_deg": 310.7919184459415,
    "wind_level": "10m",
    "wind_levels_inconsistent_qa": 1,
    "wind_source": "ERA5_HOURLY_10m",
    "wind_speed": 5.958208950252547,
    "wind_state": "misaligned",
    "wind_u": -3.892580270767212,
    "wind_u_850hPa": 2.443105697631836,
    "wind_v": 4.510883808135986,
    "wind_v_850hPa": -0.6780185699462891,
    "zone_boundary_step_ppb": null
   }
  },
  {
   "type": "Feature",
   "geometry": {
    "type": "Polygon",
    "coordinates": [
     [
      [
       70.39755405268733,
       61.47682359267951
      ],
      [
       70.4188194611504,
       61.446283236632596
      ],
      [
       70.44008492397683,
       61.41574277617281
      ],
      [
       70.46135042283392,
       61.385202410536735
      ],
      [
       70.48261584264098,
       61.354662046114974
      ],
      [
       70.54244578269937,
       61.36542741810055
      ],
      [
       70.60227581203242,
       61.37619282876715
      ],
      [
       70.662105731724,
       61.38695818016738
      ],
      [
       70.72193581615068,
       61.397723629738316
      ],
      [
       70.70093569906855,
       61.42831301526004
      ],
      [
       70.67993551948405,
       61.458902438670336
      ],
      [
       70.74000621436373,
       61.469590944791946
      ],
      [
       70.8000770212707,
       61.48027940793485
      ],
      [
       70.77909924570407,
       61.51087774102826
      ],
      [
       70.75812135381187,
       61.541476118747205
      ],
      [
       70.6979391386003,
       61.530765362357805
      ],
      [
       70.63775681218603,
       61.52005453391855
      ],
      [
       70.6165783717542,
       61.550619479737406
      ],
      [
       70.59539990669963,
       61.581184378238625
      ],
      [
       70.53519303657049,
       61.5703866660863
      ],
      [
       70.47498634578166,
       61.55958894199669
      ],
      [
       70.49627625578405,
       61.529046331622894
      ],
      [
       70.5175663001817,
       61.49850372980323
      ],
      [
       70.45756017897112,
       61.48766367445713
      ],
      [
       70.39755405268733,
       61.47682359267951
      ]
     ]
    ]
   },
   "properties": {
    "event_id": "CH4-WSP-005",
    "datetime_utc": "2019-07-02T07:03:29Z",
    "date_utc": "2019-07-02",
    "year": 2019,
    "month": 7,
    "centroid_lon": 70.58582886943233,
    "centroid_lat": 61.46491125174024,
    "area_km2": 292.36839193858714,
    "n_pixels": 6,
    "max_z": 8.96725019326112,
    "mean_z": 6.659895183234617,
    "max_delta": 24.36849187384587,
    "mean_delta": 15.577566189339194,
    "artifact_likely": 0,
    "corr_albedo": 0.014380557194983717,
    "nearest_source_type": "viirs_flare_high",
    "nearest_source_distance_km": 22.7703603439725,
    "matched_schuit_150km": 0,
    "matched_mars_150km": 0,
    "algorithm_version": "2.3.2",
    "config_id": "default_combine",
    "params_hash": "d98a789c5e179d12e49e7df613db1b9655a8203f84fa7900a8de69ead5947285",
    "run_id": "default_combine_2019_combined_d98a789c",
    "aoi_boundary": "zapsib",
    "artifact_likely_albedo_positive": 0,
    "build_date": "2026-05-23",
    "cluster_id": 1821066133652,
    "cluster_overlap_snow_fraction": 0,
    "count": 6,
    "enrichment_method": "numpy_eigh_with_cos_lat",
    "enrichment_stage": "axis_v1",
    "event_class": "wind_ambiguous",
    "inside_reference_clean_zone": 0,
    "intermediate_asset": "projects/nodal-thunder-481307-u1/assets/RuPlumeScan/catalog/CH4/events_2019_intermediate",
    "nearest_source_id": "viirs_0253",
    "orbit_date_millis": 1562051009000,
    "plume_axis_deg": 14.420379819062612,
    "qa_flags": "zone_boundary_adjustment_applied",
    "rna_version": "1.2",
    "stage_2_run_date": "2026-05-23T02:59:45.045830+00:00",
    "stage_3_match_radius_km": 150,
    "stage_3_run_date": "2026-05-23",
    "stage_3b_rescope_date": "2026-06-20",
    "surface_confounded_dark": 0,
    "td0044_reclassified": null,
    "wind_alignment_score": 0.4553724972460278,
    "wind_consistency_diff_deg": 37.64524771852666,
    "wind_consistent": 0,
    "wind_dir_deg": 325.4039045712051,
    "wind_level": "10m",
    "wind_levels_inconsistent_qa": 0,
    "wind_source": "ERA5_HOURLY_10m",
    "wind_speed": 3.573208010888086,
    "wind_state": "misaligned",
    "wind_u": -2.941375732421875,
    "wind_u_850hPa": -1.9451141357421875,
    "wind_v": 2.0288233757019043,
    "wind_v_850hPa": 6.073374271392822,
    "zone_boundary_step_ppb": 16
   }
  },
  {
   "type": "Feature",
   "geometry": {
    "type": "MultiPolygon",
    "coordinates": [
     [
      [
       [
        73.2896422716709,
        58.63013789699949
       ],
       [
        73.27293179440728,
        58.66139176987073
       ],
       [
        73.25622129986782,
        58.69264563672464
       ],
       [
        73.20059620226561,
        58.68321234742204
       ],
       [
        73.14497107013939,
        58.67377916582254
       ],
       [
        73.1617797927904,
        58.64254534597232
       ],
       [
        73.17858832404649,
        58.6113116099957
       ],
       [
        73.23411529043634,
        58.62072479670796
       ],
       [
        73.2896422716709,
        58.63013789699949
       ]
      ]
     ],
     [
      [
       [
        73.25622129986782,
        58.69264563672464
       ],
       [
        73.31191098588843,
        58.70201421584558
       ],
       [
        73.36760066731293,
        58.71138271668775
       ],
       [
        73.34248478811277,
        58.75825573089787
       ],
       [
        73.31736889370418,
        58.80512867678662
       ],
       [
        73.29225296770313,
        58.85200165166804
       ],
       [
        73.26713710517889,
        58.89887458794
       ],
       [
        73.2111508899331,
        58.889452494324296
       ],
       [
        73.155164698055,
        58.88003038948731
       ],
       [
        73.17207357648354,
        58.848810064907006
       ],
       [
        73.1889823990447,
        58.817589645645924
       ],
       [
        73.13316112989114,
        58.80812520222783
       ],
       [
        73.07733989347487,
        58.798660739889584
       ],
       [
        73.09428004788857,
        58.76744706619729
       ],
       [
        73.11122017113033,
        58.73623329399129
       ],
       [
        73.16694337472822,
        58.74567990856916
       ],
       [
        73.22266649979323,
        58.75512655770561
       ],
       [
        73.23944393849845,
        58.723886044111985
       ],
       [
        73.25622129986782,
        58.69264563672464
       ]
      ]
     ],
     [
      [
       [
        73.2896422716709,
        58.63013789699949
       ],
       [
        73.3061932637823,
        58.59885900226758
       ],
       [
        73.32274430840341,
        58.56758009255714
       ],
       [
        73.33929537753279,
        58.53630118832648
       ],
       [
        73.35584649851218,
        58.50502222770002
       ],
       [
        73.37239758802518,
        58.47374331355865
       ],
       [
        73.38894867336704,
        58.44246438409508
       ],
       [
        73.40549972654149,
        58.41118545989071
       ],
       [
        73.42205071962697,
        58.37990656154757
       ],
       [
        73.47725217423773,
        58.38919484001949
       ],
       [
        73.53245363133327,
        58.39848319701888
       ],
       [
        73.51600016924388,
        58.429778261876734
       ],
       [
        73.49954662957116,
        58.46107332511025
       ],
       [
        73.48309312258615,
        58.4923684665144
       ],
       [
        73.46663959380231,
        58.523663564868905
       ],
       [
        73.45018607117136,
        58.55495859944922
       ],
       [
        73.43373247243309,
        58.586253714467155
       ],
       [
        73.41727888034414,
        58.617548806849015
       ],
       [
        73.40082546086352,
        58.64884387426041
       ],
       [
        73.34523378162324,
        58.63949087946155
       ],
       [
        73.2896422716709,
        58.63013789699949
       ]
      ]
     ]
    ]
   },
   "properties": {
    "event_id": "CH4-WSP-006",
    "datetime_utc": "2019-07-02T07:03:29Z",
    "date_utc": "2019-07-02",
    "year": 2019,
    "month": 7,
    "centroid_lon": 73.31115521655488,
    "centroid_lat": 58.65261127154433,
    "area_km2": 438.55673611447673,
    "n_pixels": 9,
    "max_z": 11.823028005480088,
    "mean_z": 5.875366677201152,
    "max_delta": 16.348834224299708,
    "mean_delta": 3.947299269357015,
    "artifact_likely": 0,
    "corr_albedo": -0.02476363380879567,
    "nearest_source_type": "viirs_flare_high",
    "nearest_source_distance_km": 22.538436437586846,
    "matched_schuit_150km": 0,
    "matched_mars_150km": 0,
    "algorithm_version": "2.3.2",
    "config_id": "default_combine",
    "params_hash": "d98a789c5e179d12e49e7df613db1b9655a8203f84fa7900a8de69ead5947285",
    "run_id": "default_combine_2019_combined_d98a789c",
    "aoi_boundary": "zapsib",
    "artifact_likely_albedo_positive": 0,
    "build_date": "2026-05-23",
    "cluster_id": 2014339661965,
    "cluster_overlap_snow_fraction": 0,
    "count": 9,
    "enrichment_method": "numpy_eigh_with_cos_lat",
    "enrichment_stage": "axis_v1",
    "event_class": "CH4_only",
    "inside_reference_clean_zone": 0,
    "intermediate_asset": "projects/nodal-thunder-481307-u1/assets/RuPlumeScan/catalog/CH4/events_2019_intermediate",
    "nearest_source_id": "viirs_0438",
    "orbit_date_millis": 1562051009000,
    "plume_axis_deg": 161.64840107785562,
    "qa_flags": "",
    "rna_version": "1.2",
    "stage_2_run_date": "2026-05-23T02:59:45.045830+00:00",
    "stage_3_match_radius_km": 150,
    "stage_3_run_date": "2026-05-23",
    "stage_3b_rescope_date": "2026-06-20",
    "surface_confounded_dark": 0,
    "td0044_reclassified": null,
    "wind_alignment_score": 0.9916269435152217,
    "wind_consistency_diff_deg": 42.61020740471315,
    "wind_consistent": 1,
    "wind_dir_deg": 340.8948259942256,
    "wind_level": "10m",
    "wind_levels_inconsistent_qa": 0,
    "wind_source": "ERA5_HOURLY_10m",
    "wind_speed": 3.0020459961116397,
    "wind_state": "aligned",
    "wind_u": -2.836691379547119,
    "wind_u_850hPa": -3.3012847900390625,
    "wind_v": 0.9825793504714966,
    "wind_v_850hPa": -1.4357843399047852,
    "zone_boundary_step_ppb": null
   }
  },
  {
   "type": "Feature",
   "geometry": {
    "type": "MultiPolygon",
    "coordinates": [
     [
      [
       [
        73.98676019610532,
        60.57374858351947
       ],
       [
        74.00375606096443,
        60.542526012349676
       ],
       [
        74.02075191164161,
        60.511303339194605
       ],
       [
        74.08001793844873,
        60.52021267137849
       ],
       [
        74.13928373629328,
        60.5291219067426
       ],
       [
        74.1224016221238,
        60.56036012676454
       ],
       [
        74.1055195433884,
        60.59159840421413
       ],
       [
        74.04613983523086,
        60.582673472574584
       ],
       [
        73.98676019610532,
        60.57374858351947
       ]
      ]
     ],
     [
      [
       [
        73.33652075096904,
        60.812243598972756
       ],
       [
        73.39617677692439,
        60.82151853192804
       ],
       [
        73.45583290973917,
        60.83079352287838
       ],
       [
        73.43806566106969,
        60.86190017539195
       ],
       [
        73.42029838582106,
        60.89300685890118
       ],
       [
        73.36052633036131,
        60.88371413799614
       ],
       [
        73.30075427135553,
        60.874421286177814
       ],
       [
        73.318637577626,
        60.84333246503646
       ],
       [
        73.33652075096904,
        60.812243598972756
       ]
      ]
     ],
     [
      [
       [
        73.33652075096904,
        60.812243598972756
       ],
       [
        73.27697501328784,
        60.80287168194826
       ],
       [
        73.21742937581982,
        60.79349976803101
       ],
       [
        73.15788360007176,
        60.78412789726878
       ],
       [
        73.0983378633023,
        60.77475598024579
       ],
       [
        73.11633364403846,
        60.74368607913414
       ],
       [
        73.1343295302816,
        60.71261618756429
       ],
       [
        73.15232534434787,
        60.68154630348706
       ],
       [
        73.170321116291,
        60.650476360428094
       ],
       [
        73.22960491111618,
        60.65984496541029
       ],
       [
        73.28888860682088,
        60.669213511591884
       ],
       [
        73.30666254075135,
        60.63811129712068
       ],
       [
        73.32443663021394,
        60.607009075862415
       ],
       [
        73.3836824346119,
        60.61629512143788
       ],
       [
        73.4429282235625,
        60.62558118692401
       ],
       [
        73.42962731168477,
        60.64891396487001
       ],
       [
        73.41632641529043,
        60.672246780044844
       ],
       [
        73.40302539895568,
        60.695579606255336
       ],
       [
        73.38972448131682,
        60.718912371052895
       ],
       [
        73.37642355767753,
        60.74224523471945
       ],
       [
        73.36312260962917,
        60.765578003347606
       ],
       [
        73.34982168015337,
        60.78891085608633
       ],
       [
        73.33652075096904,
        60.812243598972756
       ]
      ]
     ],
     [
      [
       [
        73.98676019610532,
        60.57374858351947
       ],
       [
        73.96969302480228,
        60.604957810382764
       ],
       [
        73.95262591776272,
        60.63616707190191
       ],
       [
        73.90811235171716,
        60.62936192711719
       ],
       [
        73.86359872716784,
        60.622556769530355
       ],
       [
        73.81908526937714,
        60.615751709700284
       ],
       [
        73.7745716387781,
        60.60894651499002
       ],
       [
        73.73005815074984,
        60.60214139833259
       ],
       [
        73.68554455614454,
        60.595336229192554
       ],
       [
        73.64103107989084,
        60.588531118393185
       ],
       [
        73.5965176203969,
        60.581725953737994
       ],
       [
        73.57904237738182,
        60.61287501400219
       ],
       [
        73.56156712094314,
        60.644024041494575
       ],
       [
        73.50224769406293,
        60.63480265771206
       ],
       [
        73.4429282235625,
        60.62558118692401
       ],
       [
        73.46051716432257,
        60.59445002060386
       ],
       [
        73.47810613780533,
        60.56331876446591
       ],
       [
        73.41897170338152,
        60.55405052335708
       ],
       [
        73.3598373327139,
        60.54478230024457
       ],
       [
        73.37746427744403,
        60.513657759545765
       ],
       [
        73.39509100363982,
        60.48253326932313
       ],
       [
        73.45414966078388,
        60.49175242548276
       ],
       [
        73.51320811556032,
        60.500971619313944
       ],
       [
        73.57226674806172,
        60.51019082807851
       ],
       [
        73.6313252932341,
        60.51941003821075
       ],
       [
        73.6486578700643,
        60.48824089404985
       ],
       [
        73.66599040550535,
        60.45707172747362
       ],
       [
        73.60700755366096,
        60.4479015958326
       ],
       [
        73.54802484567053,
        60.43873145683929
       ],
       [
        73.56539527849347,
        60.40756903390056
       ],
       [
        73.58276562465907,
        60.376406664108096
       ],
       [
        73.64167481187536,
        60.38552551433526
       ],
       [
        73.70058407088183,
        60.39464430853752
       ],
       [
        73.75949316895218,
        60.40376321918568
       ],
       [
        73.81840245074272,
        60.4128820362668
       ],
       [
        73.80121702229891,
        60.4440745921795
       ],
       [
        73.78403158275471,
        60.47526715053447
       ],
       [
        73.76684636455249,
        60.50645962723409
       ],
       [
        73.74966093238068,
        60.53765221901359
       ],
       [
        73.8089358430319,
        60.546676258724396
       ],
       [
        73.86821051704563,
        60.5557003890338
       ],
       [
        73.92748538999435,
        60.564724501687046
       ],
       [
        73.98676019610532,
        60.57374858351947
       ]
      ]
     ]
    ]
   },
   "properties": {
    "event_id": "CH4-WSP-007",
    "datetime_utc": "2019-07-02T07:03:29Z",
    "date_utc": "2019-07-02",
    "year": 2019,
    "month": 7,
    "centroid_lon": 73.54936366835986,
    "centroid_lat": 60.60815210136108,
    "area_km2": 779.3035072468411,
    "n_pixels": 16,
    "max_z": 8.240182706831472,
    "mean_z": 5.1868593259268385,
    "max_delta": 12.693821511069018,
    "mean_delta": 5.8802323145452675,
    "artifact_likely": 0,
    "corr_albedo": -0.44013675220745213,
    "nearest_source_type": "viirs_flare_high",
    "nearest_source_distance_km": 29.083985908596055,
    "matched_schuit_150km": 0,
    "matched_mars_150km": 0,
    "algorithm_version": "2.3.2",
    "config_id": "default_combine",
    "params_hash": "d98a789c5e179d12e49e7df613db1b9655a8203f84fa7900a8de69ead5947285",
    "run_id": "default_combine_2019_combined_d98a789c",
    "aoi_boundary": "zapsib",
    "artifact_likely_albedo_positive": 0,
    "build_date": "2026-05-23",
    "cluster_id": 1915555414143,
    "cluster_overlap_snow_fraction": 0,
    "count": 16,
    "enrichment_method": "numpy_eigh_with_cos_lat",
    "enrichment_stage": "axis_v1",
    "event_class": "CH4_only",
    "inside_reference_clean_zone": 0,
    "intermediate_asset": "projects/nodal-thunder-481307-u1/assets/RuPlumeScan/catalog/CH4/events_2019_intermediate",
    "nearest_source_id": "viirs_0386",
    "orbit_date_millis": 1562051009000,
    "plume_axis_deg": 135.02903209814784,
    "qa_flags": "",
    "rna_version": "1.2",
    "stage_2_run_date": "2026-05-23T02:59:45.045830+00:00",
    "stage_3_match_radius_km": 150,
    "stage_3_run_date": "2026-05-23",
    "stage_3b_rescope_date": "2026-06-20",
    "surface_confounded_dark": 0,
    "td0044_reclassified": null,
    "wind_alignment_score": 0.6886718044531919,
    "wind_consistency_diff_deg": 6.839311729210067,
    "wind_consistent": 1,
    "wind_dir_deg": 343.04856969736056,
    "wind_level": "10m",
    "wind_levels_inconsistent_qa": 0,
    "wind_source": "ERA5_HOURLY_10m",
    "wind_speed": 2.86244987464928,
    "wind_state": "aligned",
    "wind_u": -2.7380828857421875,
    "wind_u_850hPa": -5.6804962158203125,
    "wind_v": 0.8345785737037659,
    "wind_v_850hPa": 1.0130901336669922,
    "zone_boundary_step_ppb": null
   }
  },
  {
   "type": "Feature",
   "geometry": {
    "type": "MultiPolygon",
    "coordinates": [
     [
      [
       [
        73.8266161449597,
        61.56269696540844
       ],
       [
        73.88796436540274,
        61.57168647051425
       ],
       [
        73.94931276440576,
        61.58067604796676
       ],
       [
        73.93161453188605,
        61.61180730509042
       ],
       [
        73.91391640830753,
        61.64293844407241
       ],
       [
        73.85244536322917,
        61.63392887262142
       ],
       [
        73.79097449008319,
        61.6249192843448
       ],
       [
        73.80879533608673,
        61.593808086650895
       ],
       [
        73.8266161449597,
        61.56269696540844
       ]
      ]
     ],
     [
      [
       [
        73.8266161449597,
        61.56269696540844
       ],
       [
        73.7653414500295,
        61.55363826217401
       ],
       [
        73.70406658720307,
        61.544579597056156
       ],
       [
        73.72193200265755,
        61.51347519028929
       ],
       [
        73.73979734412394,
        61.482370661185236
       ],
       [
        73.80094949361424,
        61.491409324788755
       ],
       [
        73.86210165898126,
        61.500447862743755
       ],
       [
        73.84435880197121,
        61.53157242713397
       ],
       [
        73.8266161449597,
        61.56269696540844
       ]
      ]
     ],
     [
      [
       [
        73.70406658720307,
        61.544579597056156
       ],
       [
        73.68612761998746,
        61.57567293229658
       ],
       [
        73.66818865414426,
        61.606766287382676
       ],
       [
        73.60691063998377,
        61.59758941919618
       ],
       [
        73.5456325492548,
        61.588412554185325
       ],
       [
        73.48435443982099,
        61.579235769678284
       ],
       [
        73.42307633649921,
        61.57005895546271
       ],
       [
        73.44125620836408,
        61.539001269981696
       ],
       [
        73.45943587805303,
        61.50794363996742
       ],
       [
        73.52059357903417,
        61.51710261823709
       ],
       [
        73.58175130315182,
        61.526261655520194
       ],
       [
        73.64290884010428,
        61.53542065557814
       ],
       [
        73.70406658720307,
        61.544579597056156
       ]
      ]
     ],
     [
      [
       [
        73.73979734412394,
        61.482370661185236
       ],
       [
        73.67875794494933,
        61.47323067840558
       ],
       [
        73.61771837045616,
        61.464090582509016
       ],
       [
        73.55667877225262,
        61.45495055406826
       ],
       [
        73.49563932736419,
        61.4458105021395
       ],
       [
        73.51362508879095,
        61.414726107687294
       ],
       [
        73.5316109454978,
        61.383641727115496
       ],
       [
        73.5495967165205,
        61.35255735847316
       ],
       [
        73.56758243166844,
        61.32147293442787
       ],
       [
        73.62838557756244,
        61.330577328188326
       ],
       [
        73.68918887685813,
        61.33968168385106
       ],
       [
        73.74999200170119,
        61.34878607356088
       ],
       [
        73.81079519468187,
        61.35789045664192
       ],
       [
        73.79304575845377,
        61.38901046516335
       ],
       [
        73.77529634125673,
        61.420130550973774
       ],
       [
        73.75754682100559,
        61.45125067836513
       ],
       [
        73.73979734412394,
        61.482370661185236
       ]
      ]
     ]
    ]
   },
   "properties": {
    "event_id": "CH4-WSP-008",
    "datetime_utc": "2019-07-02T07:03:29Z",
    "date_utc": "2019-07-02",
    "year": 2019,
    "month": 7,
    "centroid_lon": 73.67422342519049,
    "centroid_lat": 61.4809924162727,
    "area_km2": 389.70048530596034,
    "n_pixels": 8,
    "max_z": 7.786920926210443,
    "mean_z": 5.091498989021413,
    "max_delta": 14.527672362764633,
    "mean_delta": 6.685835938539884,
    "artifact_likely": 0,
    "corr_albedo": 0.1626949281981322,
    "nearest_source_type": "gas_field",
    "nearest_source_distance_km": 35.97870290806176,
    "matched_schuit_150km": 0,
    "matched_mars_150km": 0,
    "algorithm_version": "2.3.2",
    "config_id": "default_combine",
    "params_hash": "d98a789c5e179d12e49e7df613db1b9655a8203f84fa7900a8de69ead5947285",
    "run_id": "default_combine_2019_combined_d98a789c",
    "aoi_boundary": "zapsib",
    "artifact_likely_albedo_positive": 0,
    "build_date": "2026-05-23",
    "cluster_id": 1846835937404,
    "cluster_overlap_snow_fraction": 0,
    "count": 8,
    "enrichment_method": "numpy_eigh_with_cos_lat",
    "enrichment_stage": "axis_v1",
    "event_class": "wind_ambiguous",
    "inside_reference_clean_zone": 0,
    "intermediate_asset": "projects/nodal-thunder-481307-u1/assets/RuPlumeScan/catalog/CH4/events_2019_intermediate",
    "nearest_source_id": "ru_khmao_priobskoye",
    "orbit_date_millis": 1562051009000,
    "plume_axis_deg": 15.9662483609473,
    "qa_flags": "zone_boundary_adjustment_applied",
    "rna_version": "1.2",
    "stage_2_run_date": "2026-05-23T02:59:45.045830+00:00",
    "stage_3_match_radius_km": 150,
    "stage_3_run_date": "2026-05-23",
    "stage_3b_rescope_date": "2026-06-20",
    "surface_confounded_dark": 0,
    "td0044_reclassified": null,
    "wind_alignment_score": 0.6433381365008504,
    "wind_consistency_diff_deg": 4.287144087929846,
    "wind_consistent": 0,
    "wind_dir_deg": 343.86668064602384,
    "wind_level": "10m",
    "wind_levels_inconsistent_qa": 0,
    "wind_source": "ERA5_HOURLY_10m",
    "wind_speed": 3.213247091409474,
    "wind_state": "misaligned",
    "wind_u": -3.0867021083831787,
    "wind_u_850hPa": -4.46832275390625,
    "wind_v": 0.8928756713867188,
    "wind_v_850hPa": 0.9372401237487793,
    "zone_boundary_step_ppb": 16
   }
  },
  {
   "type": "Feature",
   "geometry": {
    "type": "Polygon",
    "coordinates": [
     [
      [
       73.92046231534047,
       60.225577526579656
      ],
      [
       73.93729880690725,
       60.19433481848241
      ],
      [
       73.9541352349017,
       60.163092147694286
      ],
      [
       73.97097162707071,
       60.13184944953781
      ],
      [
       73.98780809966027,
       60.10060676110603
      ],
      [
       74.03170578646295,
       60.10726146419914
      ],
      [
       74.07560333061002,
       60.11391607414952
      ],
      [
       74.11950097608197,
       60.120570719776254
      ],
      [
       74.16339858910194,
       60.127225392555665
      ],
      [
       74.20729623540798,
       60.133880017881346
      ],
      [
       74.25119387058069,
       60.14053468894328
      ],
      [
       74.29509141570539,
       60.14718931351167
      ],
      [
       74.3389891157361,
       60.153844019940585
      ],
      [
       74.3225171647644,
       60.18514238116477
      ],
      [
       74.30604528165364,
       60.21644085521844
      ],
      [
       74.24733667316353,
       60.207616293853825
      ],
      [
       74.1886281796901,
       60.198791699521706
      ],
      [
       74.1719444685773,
       60.230057778599765
      ],
      [
       74.15526078910354,
       60.26132393405889
      ],
      [
       74.13857707971745,
       60.29259004489469
      ],
      [
       74.1218933686381,
       60.32385609177321
      ],
      [
       74.06303098098633,
       60.314933468784346
      ],
      [
       74.00416849501615,
       60.30601082513594
      ],
      [
       74.02099727364069,
       60.27476589547056
      ],
      [
       74.03782590880398,
       60.24352099854343
      ],
      [
       73.97914409951713,
       60.234549221387525
      ],
      [
       73.92046231534047,
       60.225577526579656
      ]
     ]
    ]
   },
   "properties": {
    "event_id": "CH4-WSP-009",
    "datetime_utc": "2019-07-02T07:03:29Z",
    "date_utc": "2019-07-02",
    "year": 2019,
    "month": 7,
    "centroid_lon": 74.10487996671385,
    "centroid_lat": 60.197289474559994,
    "area_km2": 292.56807174062743,
    "n_pixels": 6,
    "max_z": 7.831097886265265,
    "mean_z": 6.1295658630911225,
    "max_delta": 15.275453137136083,
    "mean_delta": 8.5624368666387,
    "artifact_likely": 1,
    "corr_albedo": 0.7184408236389367,
    "nearest_source_type": "viirs_flare_high",
    "nearest_source_distance_km": 22.583717671912968,
    "matched_schuit_150km": 0,
    "matched_mars_150km": 0,
    "algorithm_version": "2.3.2",
    "config_id": "default_combine",
    "params_hash": "d98a789c5e179d12e49e7df613db1b9655a8203f84fa7900a8de69ead5947285",
    "run_id": "default_combine_2019_combined_d98a789c",
    "aoi_boundary": "zapsib",
    "artifact_likely_albedo_positive": 1,
    "build_date": "2026-05-23",
    "cluster_id": 1941325217919,
    "cluster_overlap_snow_fraction": 0,
    "count": 6,
    "enrichment_method": "numpy_eigh_with_cos_lat",
    "enrichment_stage": "axis_v1",
    "event_class": "diffuse_CH4",
    "inside_reference_clean_zone": 1,
    "intermediate_asset": "projects/nodal-thunder-481307-u1/assets/RuPlumeScan/catalog/CH4/events_2019_intermediate",
    "nearest_source_id": "viirs_0399",
    "orbit_date_millis": 1562051009000,
    "plume_axis_deg": 130.0371451909219,
    "qa_flags": "",
    "rna_version": "1.2",
    "stage_2_run_date": "2026-05-23T02:59:45.045830+00:00",
    "stage_3_match_radius_km": 150,
    "stage_3_run_date": "2026-05-23",
    "stage_3b_rescope_date": "2026-06-20",
    "surface_confounded_dark": 0,
    "td0044_reclassified": null,
    "wind_alignment_score": 0.636222486721735,
    "wind_consistency_diff_deg": 6.3321583239372785,
    "wind_consistent": 0,
    "wind_dir_deg": 342.77712138596576,
    "wind_level": "10m",
    "wind_levels_inconsistent_qa": 0,
    "wind_source": "ERA5_HOURLY_10m",
    "wind_speed": 2.7788578452989494,
    "wind_state": "misaligned",
    "wind_u": -2.65425443649292,
    "wind_u_850hPa": -4.8487396240234375,
    "wind_v": 0.8227905631065369,
    "wind_v_850hPa": 0.9329056739807129,
    "zone_boundary_step_ppb": null
   }
  },
  {
   "type": "Feature",
   "geometry": {
    "type": "Polygon",
    "coordinates": [
     [
      [
       74.00337038321628,
       60.778911819492414
      ],
      [
       74.02043088149881,
       60.74769816557323
      ],
      [
       74.03749147219321,
       60.71648442151538
      ],
      [
       74.0545519225916,
       60.68527067206729
      ],
      [
       74.071612498949,
       60.65405697173598
      ],
      [
       74.1311748951534,
       60.66293503714468
      ],
      [
       74.19073733826858,
       60.671813144591816
      ],
      [
       74.20754262890149,
       60.64056266483573
      ],
      [
       74.2243477940741,
       60.60931214631705
      ],
      [
       74.24115309924885,
       60.578061643490955
      ],
      [
       74.25795836908408,
       60.54681115755655
      ],
      [
       74.31736468568076,
       60.55559117012702
      ],
      [
       74.37677102153378,
       60.56437109379387
      ],
      [
       74.39335892799654,
       60.533088297784595
      ],
      [
       74.40994675618819,
       60.50180545342219
      ],
      [
       74.46930857627522,
       60.51050296509869
      ],
      [
       74.52867033790524,
       60.51920044644709
      ],
      [
       74.54507765537737,
       60.487890865459136
      ],
      [
       74.56148486024742,
       60.456581258961805
      ],
      [
       74.62079979754478,
       60.46519621950962
      ],
      [
       74.68011474380863,
       60.47381122680503
      ],
      [
       74.66378894751789,
       60.505131979524734
      ],
      [
       74.64746298018767,
       60.53645266853079
      ],
      [
       74.63113710773261,
       60.567773392870684
      ],
      [
       74.61481121187377,
       60.5990941157094
      ],
      [
       74.67442280979463,
       60.60767564407516
      ],
      [
       74.73403429638088,
       60.61625722072056
      ],
      [
       74.71772290214969,
       60.64758019928888
      ],
      [
       74.70141147315137,
       60.67890308990764
      ],
      [
       74.64168410680814,
       60.670303718606455
      ],
      [
       74.58195655467435,
       60.661704397887696
      ],
      [
       74.56546018630934,
       60.693000612190794
      ],
      [
       74.54896375261488,
       60.724296799003696
      ],
      [
       74.60880486783186,
       60.73291401100618
      ],
      [
       74.66864592596956,
       60.74153121104081
      ],
      [
       74.65219631441052,
       60.772834088598735
      ],
      [
       74.63574679399109,
       60.8041369667196
      ],
      [
       74.57578738266609,
       60.795504196164494
      ],
      [
       74.51582817996965,
       60.786871363328736
      ],
      [
       74.49915887859244,
       60.8181430247342
      ],
      [
       74.48248961303682,
       60.84941465048607
      ],
      [
       74.46582044938144,
       60.88068640807184
      ],
      [
       74.44915123041343,
       60.9119580744948
      ],
      [
       74.38902907733826,
       60.90322487243548
      ],
      [
       74.32890703022328,
       60.89449171863031
      ],
      [
       74.34572900809364,
       60.8632423958299
      ],
      [
       74.3625509751385,
       60.8319930105776
      ],
      [
       74.3176534148831,
       60.82535786055639
      ],
      [
       74.27275577617561,
       60.81872267305966
      ],
      [
       74.22785828678985,
       60.81208755813076
      ],
      [
       74.18296069468578,
       60.80545238612976
      ],
      [
       74.13806307960016,
       60.79881724934115
      ],
      [
       74.09316557714074,
       60.792182155875906
      ],
      [
       74.04826793589365,
       60.78554697579967
      ],
      [
       74.00337038321628,
       60.778911819492414
      ]
     ]
    ]
   },
   "properties": {
    "event_id": "CH4-WSP-010",
    "datetime_utc": "2019-07-02T07:03:29Z",
    "date_utc": "2019-07-02",
    "year": 2019,
    "month": 7,
    "centroid_lon": 74.39595337244738,
    "centroid_lat": 60.68511468190491,
    "area_km2": 974.184483619793,
    "n_pixels": 20,
    "max_z": 11.383247270498472,
    "mean_z": 6.079275936469861,
    "max_delta": 19.699203340124768,
    "mean_delta": 9.364537914440627,
    "artifact_likely": 0,
    "corr_albedo": -0.32679477117452826,
    "nearest_source_type": "viirs_flare_high",
    "nearest_source_distance_km": 11.53348358234197,
    "matched_schuit_150km": 0,
    "matched_mars_150km": 0,
    "algorithm_version": "2.3.2",
    "config_id": "default_combine",
    "params_hash": "d98a789c5e179d12e49e7df613db1b9655a8203f84fa7900a8de69ead5947285",
    "run_id": "default_combine_2019_combined_d98a789c",
    "aoi_boundary": "zapsib",
    "artifact_likely_albedo_positive": 0,
    "build_date": "2026-05-23",
    "cluster_id": 1906965479546,
    "cluster_overlap_snow_fraction": 0,
    "count": 20,
    "enrichment_method": "numpy_eigh_with_cos_lat",
    "enrichment_stage": "axis_v1",
    "event_class": "CH4_only",
    "inside_reference_clean_zone": 0,
    "intermediate_asset": "projects/nodal-thunder-481307-u1/assets/RuPlumeScan/catalog/CH4/events_2019_intermediate",
    "nearest_source_id": "viirs_0385",
    "orbit_date_millis": 1562051009000,
    "plume_axis_deg": 148.8190970318624,
    "qa_flags": "",
    "rna_version": "1.2",
    "stage_2_run_date": "2026-05-23T02:59:45.045830+00:00",
    "stage_3_match_radius_km": 150,
    "stage_3_run_date": "2026-05-23",
    "stage_3b_rescope_date": "2026-06-20",
    "surface_confounded_dark": 0,
    "td0044_reclassified": null,
    "wind_alignment_score": 0.7920681903991588,
    "wind_consistency_diff_deg": 1.3839675316413604,
    "wind_consistent": 1,
    "wind_dir_deg": 347.5329598959381,
    "wind_level": "10m",
    "wind_levels_inconsistent_qa": 0,
    "wind_source": "ERA5_HOURLY_10m",
    "wind_speed": 2.7008418573114175,
    "wind_state": "aligned",
    "wind_u": -2.6371569633483887,
    "wind_u_850hPa": -6.200611114501953,
    "wind_v": 0.5830522179603577,
    "wind_v_850hPa": 1.5288705825805664,
    "zone_boundary_step_ppb": null
   }
  },
  {
   "type": "Feature",
   "geometry": {
    "type": "MultiPolygon",
    "coordinates": [
     [
      [
       [
        75.02852227361696,
        60.792436261690824
       ],
       [
        75.08866994245449,
        60.80075587418772
       ],
       [
        75.14881754775396,
        60.809075411224235
       ],
       [
        75.20896535721387,
        60.8173950125172
       ],
       [
        75.26911300848286,
        60.82571456512519
       ],
       [
        75.25324747041579,
        60.857099964410985
       ],
       [
        75.23738208194695,
        60.88848532536171
       ],
       [
        75.17711724710205,
        60.88014900883042
       ],
       [
        75.11685256855576,
        60.87181278170278
       ],
       [
        75.05658777723754,
        60.863476504010066
       ],
       [
        74.99632299418226,
        60.85514017053223
       ],
       [
        75.0124225555659,
        60.82378825334183
       ],
       [
        75.02852227361696,
        60.792436261690824
       ]
      ]
     ],
     [
      [
       [
        75.02852227361696,
        60.792436261690824
       ],
       [
        74.96850939952527,
        60.783985185706996
       ],
       [
        74.90849658835799,
        60.77553410551461
       ],
       [
        74.84848366620153,
        60.76708298219854
       ],
       [
        74.78847090090824,
        60.75863182768281
       ],
       [
        74.8046351734944,
        60.72728825507675
       ],
       [
        74.82079945192325,
        60.695944711390105
       ],
       [
        74.83696361564574,
        60.66460111483795
       ],
       [
        74.85312793042907,
        60.633257519234554
       ],
       [
        74.8692922217319,
        60.60191392742485
       ],
       [
        74.88545646194633,
        60.570570359277006
       ],
       [
        74.9016206235441,
        60.53922683467729
       ],
       [
        74.91778493123832,
        60.50788322128985
       ],
       [
        74.97730055424154,
        60.51630197863612
       ],
       [
        75.03681616253832,
        60.52472075096075
       ],
       [
        75.01279382635813,
        60.57176760696833
       ],
       [
        74.988771493314,
        60.61881451136613
       ],
       [
        74.9647492568463,
        60.665861396440555
       ],
       [
        74.94072686370967,
        60.71290824552746
       ],
       [
        75.00065729906488,
        60.72130916586445
       ],
       [
        75.06058751636971,
        60.729710105191046
       ],
       [
        75.04455484090441,
        60.76107319599314
       ],
       [
        75.02852227361696,
        60.792436261690824
       ]
      ]
     ]
    ]
   },
   "properties": {
    "event_id": "CH4-WSP-011",
    "datetime_utc": "2019-07-02T07:03:29Z",
    "date_utc": "2019-07-02",
    "year": 2019,
    "month": 7,
    "centroid_lon": 74.98573410888432,
    "centroid_lat": 60.71435302849509,
    "area_km2": 341.15474416415725,
    "n_pixels": 7,
    "max_z": 6.876130927220563,
    "mean_z": 4.88570968893245,
    "max_delta": 8.578248069567508,
    "mean_delta": 4.65462531699683,
    "artifact_likely": 1,
    "corr_albedo": 0.5393591049462169,
    "nearest_source_type": "viirs_flare_high",
    "nearest_source_distance_km": 23.65369696497716,
    "matched_schuit_150km": 0,
    "matched_mars_150km": 0,
    "algorithm_version": "2.3.2",
    "config_id": "default_combine",
    "params_hash": "d98a789c5e179d12e49e7df613db1b9655a8203f84fa7900a8de69ead5947285",
    "run_id": "default_combine_2019_combined_d98a789c",
    "aoi_boundary": "zapsib",
    "artifact_likely_albedo_positive": 1,
    "build_date": "2026-05-23",
    "cluster_id": 1906965479541,
    "cluster_overlap_snow_fraction": 0,
    "count": 7,
    "enrichment_method": "numpy_eigh_with_cos_lat",
    "enrichment_stage": "axis_v1",
    "event_class": "CH4_only",
    "inside_reference_clean_zone": 0,
    "intermediate_asset": "projects/nodal-thunder-481307-u1/assets/RuPlumeScan/catalog/CH4/events_2019_intermediate",
    "nearest_source_id": "viirs_0385",
    "orbit_date_millis": 1562051009000,
    "plume_axis_deg": 18.428158060266213,
    "qa_flags": "",
    "rna_version": "1.2",
    "stage_2_run_date": "2026-05-23T02:59:45.045830+00:00",
    "stage_3_match_radius_km": 150,
    "stage_3_run_date": "2026-05-23",
    "stage_3b_rescope_date": "2026-06-20",
    "surface_confounded_dark": 0,
    "td0044_reclassified": null,
    "wind_alignment_score": 0.6927093048080931,
    "wind_consistency_diff_deg": 2.774051566482626,
    "wind_consistent": 1,
    "wind_dir_deg": 350.7719954929946,
    "wind_level": "10m",
    "wind_levels_inconsistent_qa": 0,
    "wind_source": "ERA5_HOURLY_10m",
    "wind_speed": 2.6849883432396653,
    "wind_state": "aligned",
    "wind_u": -2.6502392292022705,
    "wind_u_850hPa": -6.16192626953125,
    "wind_v": 0.43057453632354736,
    "wind_v_850hPa": 1.3099889755249023,
    "zone_boundary_step_ppb": null
   }
  },
  {
   "type": "Feature",
   "geometry": {
    "type": "Polygon",
    "coordinates": [
     [
      [
       77.90524429018743,
       66.49258096054942
      ],
      [
       77.92132617214958,
       66.46123126096197
      ],
      [
       77.93740788129475,
       66.42988152550204
      ],
      [
       77.97495913930425,
       66.43321025596698
      ],
      [
       78.01251025480997,
       66.43653897505882
      ],
      [
       78.05006141621894,
       66.4398677004079
      ],
      [
       78.0876126319845,
       66.44319643554071
      ],
      [
       78.10338122257444,
       66.41181887930252
      ],
      [
       78.11914961449433,
       66.38044129867133
      ],
      [
       78.13491813869082,
       66.34906374046457
      ],
      [
       78.15068663779446,
       66.3176861215601
      ],
      [
       78.1880918617211,
       66.32095794756214
      ],
      [
       78.225496919019,
       66.32422982164739
      ],
      [
       78.26290222584997,
       66.32750168636855
      ],
      [
       78.30030738261205,
       66.33077360613352
      ],
      [
       78.28472505890633,
       66.3621678421025
      ],
      [
       78.26914264309298,
       66.39356216147465
      ],
      [
       78.25356039262999,
       66.42495647023564
      ],
      [
       78.2379779263555,
       66.45635081010724
      ],
      [
       78.2756116762379,
       66.45959807752189
      ],
      [
       78.31324537025628,
       66.46284542928898
      ],
      [
       78.35087906696695,
       66.46609278050197
      ],
      [
       78.38851277468987,
       66.46934013463463
      ],
      [
       78.37299729225735,
       66.50073888901926
      ],
      [
       78.35748183777568,
       66.53213769996002
      ],
      [
       78.30095219280706,
       66.52719308664072
      ],
      [
       78.24442252513592,
       66.52224847846992
      ],
      [
       78.1878928059135,
       66.51730386342015
      ],
      [
       78.13136313603451,
       66.51235933163801
      ],
      [
       78.07483335681346,
       66.50741476889758
      ],
      [
       78.01830380065174,
       66.50247019105971
      ],
      [
       77.96177407828098,
       66.497525558218
      ],
      [
       77.90524429018743,
       66.49258096054942
      ]
     ]
    ]
   },
   "properties": {
    "event_id": "CH4-WSP-012",
    "datetime_utc": "2019-07-02T07:03:29Z",
    "date_utc": "2019-07-02",
    "year": 2019,
    "month": 7,
    "centroid_lon": 78.1659419066768,
    "centroid_lat": 66.44342014493618,
    "area_km2": 243.07438672618025,
    "n_pixels": 5,
    "max_z": 3.7274656439506915,
    "mean_z": 3.3634890532155857,
    "max_delta": 28.169710590507293,
    "mean_delta": 14.497917645406506,
    "artifact_likely": 0,
    "corr_albedo": -0.7727243798679576,
    "nearest_source_type": "viirs_flare_high",
    "nearest_source_distance_km": 19.68950237969764,
    "matched_schuit_150km": 0,
    "matched_mars_150km": 0,
    "algorithm_version": "2.3.2",
    "config_id": "default_combine",
    "params_hash": "d98a789c5e179d12e49e7df613db1b9655a8203f84fa7900a8de69ead5947285",
    "run_id": "default_combine_2019_combined_d98a789c",
    "aoi_boundary": "zapsib",
    "artifact_likely_albedo_positive": 0,
    "build_date": "2026-05-23",
    "cluster_id": 1563368095819,
    "cluster_overlap_snow_fraction": 0,
    "count": 5,
    "enrichment_method": "numpy_eigh_with_cos_lat",
    "enrichment_stage": "axis_v1",
    "event_class": "wind_ambiguous",
    "inside_reference_clean_zone": 0,
    "intermediate_asset": "projects/nodal-thunder-481307-u1/assets/RuPlumeScan/catalog/CH4/events_2019_intermediate",
    "nearest_source_id": "viirs_0103",
    "orbit_date_millis": 1562051009000,
    "plume_axis_deg": 172.62559822084364,
    "qa_flags": "",
    "rna_version": "1.2",
    "stage_2_run_date": "2026-05-23T02:59:45.045830+00:00",
    "stage_3_match_radius_km": 150,
    "stage_3_run_date": "2026-05-23",
    "stage_3b_rescope_date": "2026-06-20",
    "surface_confounded_dark": 1,
    "td0044_reclassified": null,
    "wind_alignment_score": 0.3235413794834048,
    "wind_consistency_diff_deg": 30.447494528118057,
    "wind_consistent": 0,
    "wind_dir_deg": 291.7443223743501,
    "wind_level": "10m",
    "wind_levels_inconsistent_qa": 0,
    "wind_source": "ERA5_HOURLY_10m",
    "wind_speed": 4.050321969470294,
    "wind_state": "misaligned",
    "wind_u": -1.5005041360855103,
    "wind_u_850hPa": 0.08806991577148438,
    "wind_v": 3.7621264457702637,
    "wind_v_850hPa": 0.5753264427185059,
    "zone_boundary_step_ppb": null
   }
  },
  {
   "type": "Feature",
   "geometry": {
    "type": "Polygon",
    "coordinates": [
     [
      [
       79.22276152705635,
       66.01572468081761
      ],
      [
       79.24376048458889,
       65.96842705664295
      ],
      [
       79.26475969047324,
       65.9211293024667
      ],
      [
       79.28575861704807,
       65.87383164241471
      ],
      [
       79.30675761721626,
       65.8265339952728
      ],
      [
       79.34355968441524,
       65.82949144391455
      ],
      [
       79.38036188954987,
       65.83244895235259
      ],
      [
       79.41716389124285,
       65.83540649912631
      ],
      [
       79.45396591469712,
       65.83836401068986
      ],
      [
       79.46763982160144,
       65.80680248672029
      ],
      [
       79.48131363665254,
       65.77524097456966
      ],
      [
       79.51805995550971,
       65.77815158952673
      ],
      [
       79.55480626006418,
       65.78106228154469
      ],
      [
       79.59155260067415,
       65.78397296472396
      ],
      [
       79.62829898367598,
       65.78688364190477
      ],
      [
       79.61477223514171,
       65.81845517912815
      ],
      [
       79.60124567960229,
       65.85002671528754
      ],
      [
       79.58771895092079,
       65.88159829366923
      ],
      [
       79.57419229185781,
       65.91316981567452
      ],
      [
       79.53726300268848,
       65.91024464521652
      ],
      [
       79.50033397012223,
       65.90731951624089
      ],
      [
       79.46340470818286,
       65.90439430095626
      ],
      [
       79.42647564528052,
       65.90146921019682
      ],
      [
       79.41262452200588,
       65.93301289140432
      ],
      [
       79.39877343594829,
       65.96455649068358
      ],
      [
       79.38492232360342,
       65.99610016419994
      ],
      [
       79.37107121046589,
       66.02764389062334
      ],
      [
       79.33399373763793,
       66.0246641156405
      ],
      [
       79.29691637007402,
       66.02168431366081
      ],
      [
       79.2598389254251,
       66.01870446937673
      ],
      [
       79.22276152705635,
       66.01572468081761
      ]
     ]
    ]
   },
   "properties": {
    "event_id": "CH4-WSP-013",
    "datetime_utc": "2019-07-02T07:03:29Z",
    "date_utc": "2019-07-02",
    "year": 2019,
    "month": 7,
    "centroid_lon": 79.41438799122395,
    "centroid_lat": 65.89396646560958,
    "area_km2": 243.4078385931502,
    "n_pixels": 5,
    "max_z": 3.6098112223114183,
    "mean_z": 3.2328808817300647,
    "max_delta": 18.035091144196713,
    "mean_delta": 12.83842077294405,
    "artifact_likely": 1,
    "corr_albedo": 0.5106671986022991,
    "nearest_source_type": "viirs_flare_high",
    "nearest_source_distance_km": 20.621701887941008,
    "matched_schuit_150km": 0,
    "matched_mars_150km": 0,
    "algorithm_version": "2.3.2",
    "config_id": "default_combine",
    "params_hash": "d98a789c5e179d12e49e7df613db1b9655a8203f84fa7900a8de69ead5947285",
    "run_id": "default_combine_2019_combined_d98a789c",
    "aoi_boundary": "zapsib",
    "artifact_likely_albedo_positive": 1,
    "build_date": "2026-05-23",
    "cluster_id": 1610612736069,
    "cluster_overlap_snow_fraction": 0,
    "count": 5,
    "enrichment_method": "numpy_eigh_with_cos_lat",
    "enrichment_stage": "axis_v1",
    "event_class": "CH4_only",
    "inside_reference_clean_zone": 0,
    "intermediate_asset": "projects/nodal-thunder-481307-u1/assets/RuPlumeScan/catalog/CH4/events_2019_intermediate",
    "nearest_source_id": "viirs_0190",
    "orbit_date_millis": 1562051009000,
    "plume_axis_deg": 145.28195400047247,
    "qa_flags": "",
    "rna_version": "1.2",
    "stage_2_run_date": "2026-05-23T02:59:45.045830+00:00",
    "stage_3_match_radius_km": 150,
    "stage_3_run_date": "2026-05-23",
    "stage_3b_rescope_date": "2026-06-20",
    "surface_confounded_dark": 0,
    "td0044_reclassified": null,
    "wind_alignment_score": 0.8975650992614034,
    "wind_consistency_diff_deg": 68.66282472869659,
    "wind_consistent": 1,
    "wind_dir_deg": 334.50109506694616,
    "wind_level": "10m",
    "wind_levels_inconsistent_qa": 1,
    "wind_source": "ERA5_HOURLY_10m",
    "wind_speed": 2.372047613846676,
    "wind_state": "aligned",
    "wind_u": -2.1409947872161865,
    "wind_u_850hPa": -1.1842823028564453,
    "wind_v": 1.0211519002914429,
    "wind_v_850hPa": -1.1107125282287598,
    "zone_boundary_step_ppb": null
   }
  },
  {
   "type": "Feature",
   "geometry": {
    "type": "Polygon",
    "coordinates": [
     [
      [
       82.51261047215081,
       67.72558039063271
      ],
      [
       82.52312622545791,
       67.69386503287137
      ],
      [
       82.53364182737802,
       67.66214966284755
      ],
      [
       82.544157627243,
       67.63043432228166
      ],
      [
       82.5546732681685,
       67.59871892884298
      ],
      [
       82.61475235481271,
       67.60172776761024
      ],
      [
       82.67483144252456,
       67.60473650771895
      ],
      [
       82.7349106732421,
       67.60774534522434
      ],
      [
       82.79498976769295,
       67.61075409124632
      ],
      [
       82.85506890109227,
       67.6137628518599
      ],
      [
       82.91514809730728,
       67.61677163476016
      ],
      [
       82.97522719627486,
       67.619780439628
      ],
      [
       83.03530625340223,
       67.62278918421427
      ],
      [
       83.02545511328213,
       67.65453798241383
      ],
      [
       83.01560370956162,
       67.68628682903177
      ],
      [
       83.00575246166872,
       67.71803562460478
      ],
      [
       82.99590117334121,
       67.7497844260717
      ],
      [
       83.03623271337175,
       67.75171182007537
      ],
      [
       83.07656422111116,
       67.75363931860272
      ],
      [
       83.1168955813753,
       67.75556673584504
      ],
      [
       83.15722713988507,
       67.75749417982841
      ],
      [
       83.14751738253561,
       67.78924519618015
      ],
      [
       83.13780770708352,
       67.82099623517749
      ],
      [
       83.09736478861254,
       67.81906324042933
      ],
      [
       83.05692173845834,
       67.81713022398519
      ],
      [
       83.01647892063609,
       67.81519719938215
      ],
      [
       82.97603595686505,
       67.813264148547
      ],
      [
       82.96604543057673,
       67.84499958816242
      ],
      [
       82.9560546685271,
       67.87673500854963
      ],
      [
       82.91552713136484,
       67.8747518517181
      ],
      [
       82.87499947166097,
       67.87276863906766
      ],
      [
       82.83447183598425,
       67.87078546639937
      ],
      [
       82.79394406285299,
       67.86880223311587
      ],
      [
       82.80415991754357,
       67.83707793994611
      ],
      [
       82.81437572489226,
       67.80535366170726
      ],
      [
       82.77398964353078,
       67.8033315318876
      ],
      [
       82.73360358625308,
       67.80130929703344
      ],
      [
       82.69321748016603,
       67.79928713483966
      ],
      [
       82.65283138365342,
       67.79726486286988
      ],
      [
       82.66321213257102,
       67.76554507943544
      ],
      [
       82.67359301322905,
       67.7338253073961
      ],
      [
       82.6333472927681,
       67.73176399952922
      ],
      [
       82.59310182835732,
       67.72970281554318
      ],
      [
       82.55285608916842,
       67.72764163774083
      ],
      [
       82.51261047215081,
       67.72558039063271
      ]
     ]
    ]
   },
   "properties": {
    "event_id": "CH4-WSP-014",
    "datetime_utc": "2019-07-02T07:03:29Z",
    "date_utc": "2019-07-02",
    "year": 2019,
    "month": 7,
    "centroid_lon": 82.82463143300845,
    "centroid_lat": 67.72196457369267,
    "area_km2": 486.848886323074,
    "n_pixels": 10,
    "max_z": 6.640478120121972,
    "mean_z": 5.238991100017094,
    "max_delta": 36.871200980617914,
    "mean_delta": 27.691897976678618,
    "artifact_likely": 0,
    "corr_albedo": 0.44492954170840493,
    "nearest_source_type": "viirs_flare_high",
    "nearest_source_distance_km": 23.028238401525435,
    "matched_schuit_150km": 0,
    "matched_mars_150km": 0,
    "algorithm_version": "2.3.2",
    "config_id": "default_combine",
    "params_hash": "d98a789c5e179d12e49e7df613db1b9655a8203f84fa7900a8de69ead5947285",
    "run_id": "default_combine_2019_combined_d98a789c",
    "aoi_boundary": "zapsib",
    "artifact_likely_albedo_positive": 0,
    "build_date": "2026-05-23",
    "cluster_id": 1498943586346,
    "cluster_overlap_snow_fraction": 0,
    "count": 10,
    "enrichment_method": "numpy_eigh_with_cos_lat",
    "enrichment_stage": "axis_v1",
    "event_class": "CH4_only",
    "inside_reference_clean_zone": 0,
    "intermediate_asset": "projects/nodal-thunder-481307-u1/assets/RuPlumeScan/catalog/CH4/events_2019_intermediate",
    "nearest_source_id": "viirs_0144",
    "orbit_date_millis": 1562051009000,
    "plume_axis_deg": 37.55592667934274,
    "qa_flags": "",
    "rna_version": "1.2",
    "stage_2_run_date": "2026-05-23T02:59:45.045830+00:00",
    "stage_3_match_radius_km": 150,
    "stage_3_run_date": "2026-05-23",
    "stage_3b_rescope_date": "2026-06-20",
    "surface_confounded_dark": 0,
    "td0044_reclassified": null,
    "wind_alignment_score": 0.47303481270664505,
    "wind_consistency_diff_deg": 117.75521440941964,
    "wind_consistent": null,
    "wind_dir_deg": 350.1290598229408,
    "wind_level": "10m",
    "wind_levels_inconsistent_qa": 1,
    "wind_source": "ERA5_HOURLY_10m",
    "wind_speed": 1.427874897055964,
    "wind_state": "insufficient_wind",
    "wind_u": -1.406737208366394,
    "wind_u_850hPa": 1.4528369903564453,
    "wind_v": 0.2447797954082489,
    "wind_v_850hPa": -4.502294540405273,
    "zone_boundary_step_ppb": null
   }
  },
  {
   "type": "Feature",
   "geometry": {
    "type": "Polygon",
    "coordinates": [
     [
      [
       77.33829635187546,
       66.37496330241515
      ],
      [
       77.3550381491632,
       66.3436737244992
      ],
      [
       77.37177988516285,
       66.31238422046462
      ],
      [
       77.42777499525896,
       66.317550643405
      ],
      [
       77.48377021079367,
       66.32271708812644
      ],
      [
       77.53976520128424,
       66.32788353769196
      ],
      [
       77.59576040731379,
       66.33304994567034
      ],
      [
       77.65175562505543,
       66.33821639782313
      ],
      [
       77.70775075623837,
       66.34338280396427
      ],
      [
       77.7637460088481,
       66.34854919083486
      ],
      [
       77.81974118012602,
       66.35371564457903
      ],
      [
       77.80351434331507,
       66.38505306909543
      ],
      [
       77.78728771981874,
       66.41639056892106
      ],
      [
       77.771061031132,
       66.44772800885713
      ],
      [
       77.75483443425375,
       66.47906547290872
      ],
      [
       77.7172959669695,
       66.47562409250934
      ],
      [
       77.67975767100393,
       66.47218280230129
      ],
      [
       77.64221922895754,
       66.4687414816071
      ],
      [
       77.604680759822,
       66.46530022925076
      ],
      [
       77.56714254119903,
       66.46185887985581
      ],
      [
       77.52960409745688,
       66.45841757685179
      ],
      [
       77.492065653483,
       66.45497624293756
      ],
      [
       77.45452732781011,
       66.45153497717092
      ],
      [
       77.47117090523673,
       66.42023651450542
      ],
      [
       77.48781462360618,
       66.38893805898212
      ],
      [
       77.45043503480217,
       66.38544435148827
      ],
      [
       77.41305540569948,
       66.38195065379567
      ],
      [
       77.3756759076485,
       66.37845697693629
      ],
      [
       77.33829635187546,
       66.37496330241515
      ]
     ]
    ]
   },
   "properties": {
    "event_id": "CH4-WSP-015",
    "datetime_utc": "2019-07-20T06:24:41Z",
    "date_utc": "2019-07-20",
    "year": 2019,
    "month": 7,
    "centroid_lon": 77.59584921475214,
    "centroid_lat": 66.39225151712421,
    "area_km2": 243.51057200792368,
    "n_pixels": 5,
    "max_z": 5.583606619400302,
    "mean_z": 4.563318385822492,
    "max_delta": 34.924266277401784,
    "mean_delta": 26.26573179575012,
    "artifact_likely": 0,
    "corr_albedo": -0.42599990946439,
    "nearest_source_type": "gas_field",
    "nearest_source_distance_km": 29.17015567106305,
    "matched_schuit_150km": 0,
    "matched_mars_150km": 0,
    "algorithm_version": "2.3.2",
    "config_id": "default_combine",
    "params_hash": "d98a789c5e179d12e49e7df613db1b9655a8203f84fa7900a8de69ead5947285",
    "run_id": "default_combine_2019_combined_d98a789c",
    "aoi_boundary": "zapsib",
    "artifact_likely_albedo_positive": 0,
    "build_date": "2026-05-23",
    "cluster_id": 1563368095823,
    "cluster_overlap_snow_fraction": 0,
    "count": 5,
    "enrichment_method": "numpy_eigh_with_cos_lat",
    "enrichment_stage": "axis_v1",
    "event_class": "wind_ambiguous",
    "inside_reference_clean_zone": 0,
    "intermediate_asset": "projects/nodal-thunder-481307-u1/assets/RuPlumeScan/catalog/CH4/events_2019_intermediate",
    "nearest_source_id": "ru_yanao_zapolyarnoe",
    "orbit_date_millis": 1563603881000,
    "plume_axis_deg": 73.66570362453415,
    "qa_flags": "",
    "rna_version": "1.2",
    "stage_2_run_date": "2026-05-23T02:59:45.045830+00:00",
    "stage_3_match_radius_km": 150,
    "stage_3_run_date": "2026-05-23",
    "stage_3b_rescope_date": "2026-06-20",
    "surface_confounded_dark": 0,
    "td0044_reclassified": null,
    "wind_alignment_score": 0.5425087170092304,
    "wind_consistency_diff_deg": 39.215949942813495,
    "wind_consistent": 0,
    "wind_dir_deg": 294.83991909370343,
    "wind_level": "10m",
    "wind_levels_inconsistent_qa": 0,
    "wind_source": "ERA5_HOURLY_10m",
    "wind_speed": 5.619685155165419,
    "wind_state": "misaligned",
    "wind_u": -2.3607423305511475,
    "wind_u_850hPa": -1.5738773345947266,
    "wind_v": 5.099780082702637,
    "wind_v_850hPa": 0.7657324075698853,
    "zone_boundary_step_ppb": null
   }
  },
  {
   "type": "Feature",
   "geometry": {
    "type": "MultiPolygon",
    "coordinates": [
     [
      [
       [
        77.21533668478575,
        65.4418205846758
       ],
       [
        77.19898517507141,
        65.47314574317606
       ],
       [
        77.18263367617129,
        65.5044708984213
       ],
       [
        77.14662536933366,
        65.50088802681617
       ],
       [
        77.11061696952156,
        65.49730519558918
       ],
       [
        77.0746085224665,
        65.49372231344596
       ],
       [
        77.03860019485201,
        65.49013939193325
       ],
       [
        77.05512348085423,
        65.45883208517469
       ],
       [
        77.07164666649071,
        65.4275247078772
       ],
       [
        77.10756908065528,
        65.43109865070228
       ],
       [
        77.1434917412284,
        65.43467259453801
       ],
       [
        77.17941425584402,
        65.43824660057459
       ],
       [
        77.21533668478575,
        65.4418205846758
       ]
      ]
     ],
     [
      [
       [
        77.53506752069922,
        65.40720904538361
       ],
       [
        77.51913962386737,
        65.43857433201066
       ],
       [
        77.50321183373303,
        65.46993969387626
       ],
       [
        77.46722740893371,
        65.46642477251613
       ],
       [
        77.43124310897909,
        65.46290984955051
       ],
       [
        77.3952587014418,
        65.45939499483143
       ],
       [
        77.35927423089613,
        65.4558801170205
       ],
       [
        77.32328986355901,
        65.45236522736799
       ],
       [
        77.28730541902279,
        65.44885030774188
       ],
       [
        77.25132101102386,
        65.44533545723165
       ],
       [
        77.21533668478575,
        65.4418205846758
       ],
       [
        77.23160797288106,
        65.41048865639004
       ],
       [
        77.24787920675627,
        65.37915685828008
       ],
       [
        77.28377780262953,
        65.38266336654573
       ],
       [
        77.31967626318966,
        65.38616986335172
       ],
       [
        77.35557494122986,
        65.3896763815724
       ],
       [
        77.39147349810526,
        65.39318289516552
       ],
       [
        77.42737194093264,
        65.39668940762792
       ],
       [
        77.46327044968501,
        65.40019593699665
       ],
       [
        77.4991690314968,
        65.40370248662006
       ],
       [
        77.53506752069922,
        65.40720904538361
       ]
      ]
     ],
     [
      [
       [
        77.53506752069922,
        65.40720904538361
       ],
       [
        77.55087618909012,
        65.3758314804003
       ],
       [
        77.56668481465627,
        65.34445384435514
       ],
       [
        77.582493490577,
        65.31307625856809
       ],
       [
        77.59830218864296,
        65.28169874203762
       ],
       [
        77.63410922364552,
        65.28510988943025
       ],
       [
        77.66991635244206,
        65.28852109881178
       ],
       [
        77.70572358199396,
        65.29193237338377
       ],
       [
        77.74153062590494,
        65.29534360004838
       ],
       [
        77.77733783449429,
        65.29875481047975
       ],
       [
        77.81314504253392,
        65.30216599372497
       ],
       [
        77.84895203493805,
        65.3055772269919
       ],
       [
        77.8847592619861,
        65.30898836570859
       ],
       [
        77.86933070870487,
        65.34040277670543
       ],
       [
        77.85390231890149,
        65.37181711260455
       ],
       [
        77.81799084360135,
        65.3684170960115
       ],
       [
        77.78207953373024,
        65.36501703667047
       ],
       [
        77.74616821042206,
        65.36161691725373
       ],
       [
        77.71025676600874,
        65.3582169103562
       ],
       [
        77.69457850833243,
        65.38960892596529
       ],
       [
        77.67890033221356,
        65.42100102936865
       ],
       [
        77.64294216268027,
        65.41755304902205
       ],
       [
        77.60698396050495,
        65.41410498243772
       ],
       [
        77.57102578947945,
        65.41065701644817
       ],
       [
        77.53506752069922,
        65.40720904538361
       ]
      ]
     ]
    ]
   },
   "properties": {
    "event_id": "CH4-WSP-016",
    "datetime_utc": "2019-08-06T06:04:40Z",
    "date_utc": "2019-08-06",
    "year": 2019,
    "month": 8,
    "centroid_lon": 77.49251787740322,
    "centroid_lat": 65.39203912720725,
    "area_km2": 292.1512469706208,
    "n_pixels": 6,
    "max_z": 5.742889508784447,
    "mean_z": 3.9443688735658404,
    "max_delta": 16.41321373370988,
    "mean_delta": 10.762021973286704,
    "artifact_likely": 0,
    "corr_albedo": 0.02205096529668979,
    "nearest_source_type": "viirs_flare_high",
    "nearest_source_distance_km": 37.60116182280453,
    "matched_schuit_150km": 0,
    "matched_mars_150km": 0,
    "algorithm_version": "2.3.2",
    "config_id": "default_combine",
    "params_hash": "d98a789c5e179d12e49e7df613db1b9655a8203f84fa7900a8de69ead5947285",
    "run_id": "default_combine_2019_combined_d98a789c",
    "aoi_boundary": "zapsib",
    "artifact_likely_albedo_positive": 0,
    "build_date": "2026-05-23",
    "cluster_id": 1636382539858,
    "cluster_overlap_snow_fraction": 0,
    "count": 6,
    "enrichment_method": "numpy_eigh_with_cos_lat",
    "enrichment_stage": "axis_v1",
    "event_class": "wind_ambiguous",
    "inside_reference_clean_zone": 0,
    "intermediate_asset": "projects/nodal-thunder-481307-u1/assets/RuPlumeScan/catalog/CH4/events_2019_intermediate",
    "nearest_source_id": "viirs_0203",
    "orbit_date_millis": 1565071480000,
    "plume_axis_deg": 122.70687069137037,
    "qa_flags": "",
    "rna_version": "1.2",
    "stage_2_run_date": "2026-05-23T02:59:45.045830+00:00",
    "stage_3_match_radius_km": 150,
    "stage_3_run_date": "2026-05-23",
    "stage_3b_rescope_date": "2026-06-20",
    "surface_confounded_dark": 0,
    "td0044_reclassified": null,
    "wind_alignment_score": 0.3542846572726006,
    "wind_consistency_diff_deg": 42.46272448614769,
    "wind_consistent": 0,
    "wind_dir_deg": 244.59248984590442,
    "wind_level": "10m",
    "wind_levels_inconsistent_qa": 0,
    "wind_source": "ERA5_HOURLY_10m",
    "wind_speed": 4.5451019816280365,
    "wind_state": "misaligned",
    "wind_u": 1.950092077255249,
    "wind_u_850hPa": 7.199337005615234,
    "wind_v": 4.105495452880859,
    "wind_v_850hPa": 2.9277052879333496,
    "zone_boundary_step_ppb": null
   }
  },
  {
   "type": "Feature",
   "geometry": {
    "type": "Polygon",
    "coordinates": [
     [
      [
       76.53158701858906,
       58.91685815453471
      ],
      [
       76.54519181108331,
       58.88513836252491
      ],
      [
       76.55879656465272,
       58.85341848344405
      ],
      [
       76.6156365888911,
       58.86096999172787
      ],
      [
       76.67247681184173,
       58.86852151194472
      ],
      [
       76.68592094571258,
       58.83677935470662
      ],
      [
       76.6993652138257,
       58.805037256546036
      ],
      [
       76.75615187878626,
       58.81251070617673
      ],
      [
       76.81293852364078,
       58.81998420399124
      ],
      [
       76.7996013509272,
       58.85173968690434
      ],
      [
       76.78626423106418,
       58.88349510910358
      ],
      [
       76.84321134067275,
       58.89091730978553
      ],
      [
       76.90015854052504,
       58.89833949534245
      ],
      [
       76.88687263674908,
       58.93009938926785
      ],
      [
       76.87358671976996,
       58.961859399045565
      ],
      [
       76.93069448420826,
       58.96923247981718
      ],
      [
       76.9878020953875,
       58.97660562359141
      ],
      [
       76.9745463648785,
       59.008366692200894
      ],
      [
       76.96129050361272,
       59.04012777841024
      ],
      [
       76.94803471706538,
       59.071888786965026
      ],
      [
       76.93477894074783,
       59.10364986243113
      ],
      [
       76.8774828125592,
       59.096217653561446
      ],
      [
       76.82018673554045,
       59.08878541366889
      ],
      [
       76.76289065175835,
       59.08135321090882
      ],
      [
       76.70559454794588,
       59.07392102880564
      ],
      [
       76.69201434313428,
       59.105637536438316
      ],
      [
       76.67843410803383,
       59.13735399430217
      ],
      [
       76.66485395967734,
       59.16907047708639
      ],
      [
       76.65127378501991,
       59.200786946291984
      ],
      [
       76.5938694999553,
       59.193198666129476
      ],
      [
       76.53646534459637,
       59.185610421248796
      ],
      [
       76.47906107443735,
       59.17802208116389
      ],
      [
       76.42165685909139,
       59.170433826916586
      ],
      [
       76.43548009534113,
       59.13874966542346
      ],
      [
       76.44930322191217,
       59.10706552323596
      ],
      [
       76.39208856864366,
       59.099398086776716
      ],
      [
       76.33487374779746,
       59.09173071822313
      ],
      [
       76.35560533780269,
       59.04419889694245
      ],
      [
       76.37633673871933,
       58.99666709046163
      ],
      [
       76.39706818801672,
       58.94913532471939
      ],
      [
       76.41779969342917,
       58.9016035120597
      ],
      [
       76.4746934486404,
       58.90923083294914
      ],
      [
       76.53158701858906,
       58.91685815453471
      ]
     ],
     [
      [
       76.58853194341827,
       58.92442079028791
      ],
      [
       76.64547702076491,
       58.93198336836307
      ],
      [
       76.63192573888514,
       58.96370764472774
      ],
      [
       76.61837453792086,
       58.99543194119176
      ],
      [
       76.5613203337228,
       58.98785598053408
      ],
      [
       76.50426605926175,
       58.98027995855079
      ],
      [
       76.51792659720604,
       58.94856900104751
      ],
      [
       76.53158701858906,
       58.91685815453471
      ],
      [
       76.58853194341827,
       58.92442079028791
      ]
     ]
    ]
   },
   "properties": {
    "event_id": "CH4-WSP-017",
    "datetime_utc": "2020-07-01T06:19:25Z",
    "date_utc": "2020-07-01",
    "year": 2020,
    "month": 7,
    "centroid_lon": 76.6518670199375,
    "centroid_lat": 59.01096670890626,
    "area_km2": 877.2068410418581,
    "n_pixels": 13,
    "max_z": 0,
    "mean_z": 0,
    "max_delta": 8.568898464718131,
    "mean_delta": 7.411811284180935,
    "artifact_likely": 0,
    "corr_albedo": -0.41007692706481774,
    "nearest_source_type": "viirs_flare_high",
    "nearest_source_distance_km": 29.273449410890887,
    "matched_schuit_150km": 0,
    "matched_mars_150km": 0,
    "algorithm_version": "2.3.2",
    "config_id": "default_combine",
    "params_hash": "4ace2be260ce67383dfa5792df09e077534fab0f6532f2b15f8cd397e72b8485",
    "run_id": "default_combine_2020_combined_4ace2be2",
    "aoi_boundary": "zapsib",
    "artifact_likely_albedo_positive": 0,
    "build_date": "2026-05-23",
    "cluster_id": 2035814498414,
    "cluster_overlap_snow_fraction": 0,
    "count": 18,
    "enrichment_method": "numpy_eigh_with_cos_lat",
    "enrichment_stage": "axis_v1",
    "event_class": "CH4_only",
    "inside_reference_clean_zone": 0,
    "intermediate_asset": "projects/nodal-thunder-481307-u1/assets/RuPlumeScan/catalog/CH4/events_2020_intermediate",
    "nearest_source_id": "viirs_0446",
    "orbit_date_millis": 1593584365000,
    "plume_axis_deg": 130.45584199096757,
    "qa_flags": "",
    "rna_version": "1.2",
    "stage_2_run_date": "2026-05-23T02:59:55.375818+00:00",
    "stage_3_match_radius_km": 150,
    "stage_3_run_date": "2026-05-23",
    "stage_3b_rescope_date": "2026-06-20",
    "surface_confounded_dark": 0,
    "td0044_reclassified": null,
    "wind_alignment_score": 0.9294297668895299,
    "wind_consistency_diff_deg": 8.466060715499907,
    "wind_consistent": 1,
    "wind_dir_deg": 316.80716297090987,
    "wind_level": "10m",
    "wind_levels_inconsistent_qa": 0,
    "wind_source": "ERA5_HOURLY_10m",
    "wind_speed": 4.106452088895944,
    "wind_state": "aligned",
    "wind_u": -2.993826150894165,
    "wind_u_850hPa": -6.92308235168457,
    "wind_v": 2.810685634613037,
    "wind_v_850hPa": 8.753225326538086,
    "zone_boundary_step_ppb": null
   }
  },
  {
   "type": "Feature",
   "geometry": {
    "type": "Polygon",
    "coordinates": [
     [
      [
       70.26419119553194,
       66.2470583821567
      ],
      [
       70.2897852620093,
       66.21685583634361
      ],
      [
       70.31537947397942,
       66.186653163252
      ],
      [
       70.3409735511322,
       66.1564506186079
      ],
      [
       70.3665677015612,
       66.1262479539235
      ],
      [
       70.42025036486189,
       66.1342470589342
      ],
      [
       70.4739329186341,
       66.14224611190876
      ],
      [
       70.52761531648916,
       66.15024521615126
      ],
      [
       70.5812979361108,
       66.1582442461861
      ],
      [
       70.63498046904172,
       66.16624336554231
      ],
      [
       70.68866311036663,
       66.17424242475079
      ],
      [
       70.74234563227733,
       66.18224150343032
      ],
      [
       70.79602814926908,
       66.1902405363354
      ],
      [
       70.77096811078732,
       66.22052672602075
      ],
      [
       70.74590788890475,
       66.25081300430796
      ],
      [
       70.70997750279008,
       66.24550555284645
      ],
      [
       70.67404722101436,
       66.24019812588134
      ],
      [
       70.63811693060265,
       66.23489060988277
      ],
      [
       70.60218664353957,
       66.22958319141837
      ],
      [
       70.5768433788776,
       66.2598315099604
      ],
      [
       70.55150003423822,
       66.29007985286523
      ],
      [
       70.51558647671804,
       66.28470214505178
      ],
      [
       70.47967276777821,
       66.27932450588717
      ],
      [
       70.4437592420679,
       66.27394678518489
      ],
      [
       70.40784554386467,
       66.2685691215901
      ],
      [
       70.37193192693925,
       66.2631914491861
      ],
      [
       70.33601838091593,
       66.25781376229959
      ],
      [
       70.30010489545843,
       66.25243605524824
      ],
      [
       70.26419119553194,
       66.2470583821567
      ]
     ]
    ]
   },
   "properties": {
    "event_id": "CH4-WSP-018",
    "datetime_utc": "2020-07-10T06:50:47Z",
    "date_utc": "2020-07-10",
    "year": 2020,
    "month": 7,
    "centroid_lon": 70.50688371172488,
    "centroid_lat": 66.20848525643106,
    "area_km2": 243.59178287514175,
    "n_pixels": 5,
    "max_z": 5.979415803316026,
    "mean_z": 3.778287747126049,
    "max_delta": 10.543501264774704,
    "mean_delta": 1.1601968474789348,
    "artifact_likely": 0,
    "corr_albedo": 0,
    "nearest_source_type": "viirs_flare_high",
    "nearest_source_distance_km": 21.879945569519514,
    "matched_schuit_150km": 0,
    "matched_mars_150km": 0,
    "algorithm_version": "2.3.2",
    "config_id": "default_combine",
    "params_hash": "4ace2be260ce67383dfa5792df09e077534fab0f6532f2b15f8cd397e72b8485",
    "run_id": "default_combine_2020_combined_4ace2be2",
    "aoi_boundary": "zapsib",
    "artifact_likely_albedo_positive": 0,
    "build_date": "2026-05-23",
    "cluster_id": 1524713390204,
    "cluster_overlap_snow_fraction": 0,
    "count": 5,
    "enrichment_method": "numpy_eigh_with_cos_lat",
    "enrichment_stage": "axis_v1",
    "event_class": "CH4_only",
    "inside_reference_clean_zone": 0,
    "intermediate_asset": "projects/nodal-thunder-481307-u1/assets/RuPlumeScan/catalog/CH4/events_2020_intermediate",
    "nearest_source_id": "viirs_0033",
    "orbit_date_millis": 1594363847000,
    "plume_axis_deg": 108.06750162651016,
    "qa_flags": "",
    "rna_version": "1.2",
    "stage_2_run_date": "2026-05-23T02:59:55.375818+00:00",
    "stage_3_match_radius_km": 150,
    "stage_3_run_date": "2026-05-23",
    "stage_3b_rescope_date": "2026-06-20",
    "surface_confounded_dark": 0,
    "td0044_reclassified": null,
    "wind_alignment_score": 0.9683294515285427,
    "wind_consistency_diff_deg": 24.92650382913905,
    "wind_consistent": 1,
    "wind_dir_deg": 105.217152264079,
    "wind_level": "10m",
    "wind_levels_inconsistent_qa": 0,
    "wind_source": "ERA5_HOURLY_10m",
    "wind_speed": 4.728104856944405,
    "wind_state": "aligned",
    "wind_u": 1.2410237789154053,
    "wind_u_850hPa": -1.7384700775146484,
    "wind_v": -4.562327861785889,
    "wind_v_850hPa": -10.160483360290527,
    "zone_boundary_step_ppb": null
   }
  },
  {
   "type": "Feature",
   "geometry": {
    "type": "MultiPolygon",
    "coordinates": [
     [
      [
       [
        74.82972210952015,
        67.5736766267262
       ],
       [
        74.86868008428337,
        67.57782086939034
       ],
       [
        74.90763806481245,
        67.58196503740902
       ],
       [
        74.94659625431494,
        67.58610915398751
       ],
       [
        74.98555434064981,
        67.59025337993573
       ],
       [
        75.02451227716666,
        67.59439752829192
       ],
       [
        75.06347039279078,
        67.59854172728149
       ],
       [
        75.10242838259306,
        67.60268585884951
       ],
       [
        75.14138657592461,
        67.60683005103698
       ],
       [
        75.12062706193846,
        67.6377450408117
       ],
       [
        75.09986785678936,
        67.6686600087283
       ],
       [
        75.06081157149883,
        67.66450522827604
       ],
       [
        75.02175555360104,
        67.66035047838328
       ],
       [
        74.98269947300336,
        67.65619563090571
       ],
       [
        74.94364318479849,
        67.65204085467991
       ],
       [
        74.90458712702544,
        67.6478860938803
       ],
       [
        74.8655308365264,
        67.64373139399159
       ],
       [
        74.8264748186932,
        67.6395766124783
       ],
       [
        74.78741861064363,
        67.63542179461942
       ],
       [
        74.8085703637163,
        67.60454928188125
       ],
       [
        74.82972210952015,
        67.5736766267262
       ]
      ]
     ],
     [
      [
       [
        74.82972210952015,
        67.5736766267262
       ],
       [
        74.79087882671152,
        67.56944885043794
       ],
       [
        74.75203564049087,
        67.56522103791636
       ],
       [
        74.71319247158391,
        67.5609932709584
       ],
       [
        74.67434911618828,
        67.55676552591216
       ],
       [
        74.63550601236695,
        67.55253774776438
       ],
       [
        74.59666269770523,
        67.54830998114831
       ],
       [
        74.55781941923284,
        67.54408215261266
       ],
       [
        74.51897628845391,
        67.53985436250652
       ],
       [
        74.54034547281525,
        67.5090107493321
       ],
       [
        74.56171456290318,
        67.47816721617284
       ],
       [
        74.58308365997998,
        67.44732360069632
       ],
       [
        74.60445272927521,
        67.41647991411506
       ],
       [
        74.64310197095114,
        67.42068596153491
       ],
       [
        74.6817513013123,
        67.42489202062336
       ],
       [
        74.72040054190198,
        67.42909807794206
       ],
       [
        74.7590497045881,
        67.43330413862121
       ],
       [
        74.79769899162096,
        67.4375102261071
       ],
       [
        74.83634829111388,
        67.44171624015918
       ],
       [
        74.8749975482485,
        67.44592227275507
       ],
       [
        74.91364677504127,
        67.45012832898156
       ],
       [
        74.89266570807786,
        67.48101543933633
       ],
       [
        74.87168440552955,
        67.51190245744561
       ],
       [
        74.85070334119176,
        67.54278960006091
       ],
       [
        74.82972210952015,
        67.5736766267262
       ]
      ]
     ]
    ]
   },
   "properties": {
    "event_id": "CH4-WSP-019",
    "datetime_utc": "2020-07-10T06:50:47Z",
    "date_utc": "2020-07-10",
    "year": 2020,
    "month": 7,
    "centroid_lon": 74.79899722637253,
    "centroid_lat": 67.53713624582187,
    "area_km2": 291.9530166752999,
    "n_pixels": 6,
    "max_z": 4.904176134917493,
    "mean_z": 4.183067680053424,
    "max_delta": 21.730447580487635,
    "mean_delta": 8.504384513258596,
    "artifact_likely": 0,
    "corr_albedo": -0.3896070285386487,
    "nearest_source_type": "gas_field",
    "nearest_source_distance_km": 29.105872309639697,
    "matched_schuit_150km": 0,
    "matched_mars_150km": 0,
    "algorithm_version": "2.3.2",
    "config_id": "default_combine",
    "params_hash": "4ace2be260ce67383dfa5792df09e077534fab0f6532f2b15f8cd397e72b8485",
    "run_id": "default_combine_2020_combined_4ace2be2",
    "aoi_boundary": "zapsib",
    "artifact_likely_albedo_positive": 0,
    "build_date": "2026-05-23",
    "cluster_id": 1468878815323,
    "cluster_overlap_snow_fraction": 0,
    "count": 6,
    "enrichment_method": "numpy_eigh_with_cos_lat",
    "enrichment_stage": "axis_v1",
    "event_class": "wind_ambiguous",
    "inside_reference_clean_zone": 0,
    "intermediate_asset": "projects/nodal-thunder-481307-u1/assets/RuPlumeScan/catalog/CH4/events_2020_intermediate",
    "nearest_source_id": "ru_yanao_yamburgskoe",
    "orbit_date_millis": 1594363847000,
    "plume_axis_deg": 35.34755915061304,
    "qa_flags": "",
    "rna_version": "1.2",
    "stage_2_run_date": "2026-05-23T02:59:55.375818+00:00",
    "stage_3_match_radius_km": 150,
    "stage_3_run_date": "2026-05-23",
    "stage_3b_rescope_date": "2026-06-20",
    "surface_confounded_dark": 0,
    "td0044_reclassified": null,
    "wind_alignment_score": 0.41693102289871575,
    "wind_consistency_diff_deg": 27.512257460732542,
    "wind_consistent": 0,
    "wind_dir_deg": 87.82376708972862,
    "wind_level": "10m",
    "wind_levels_inconsistent_qa": 0,
    "wind_source": "ERA5_HOURLY_10m",
    "wind_speed": 7.695549486001261,
    "wind_state": "misaligned",
    "wind_u": -0.2922253906726837,
    "wind_u_850hPa": -6.986045837402344,
    "wind_v": -7.689999103546143,
    "wind_v_850hPa": -12.253561019897461,
    "zone_boundary_step_ppb": null
   }
  },
  {
   "type": "Feature",
   "geometry": {
    "type": "Polygon",
    "coordinates": [
     [
      [
       74.81416429294617,
       67.10770056397814
      ],
      [
       74.83463828561182,
       67.07677954955763
      ],
      [
       74.85511227640133,
       67.04585843184329
      ],
      [
       74.87558616645805,
       67.01493731025526
      ],
      [
       74.89606004426584,
       66.98401630238668
      ],
      [
       74.91653407170736,
       66.9530951600176
      ],
      [
       74.93700801970219,
       66.92217415636287
      ],
      [
       74.95748204939149,
       66.89125304320085
      ],
      [
       74.97795599736995,
       66.86033200689607
      ],
      [
       75.0157540489649,
       66.8644426522544
      ],
      [
       75.05355215623871,
       66.868553433959
      ],
      [
       75.0913502730034,
       66.87266416482127
      ],
      [
       75.12914859521554,
       66.87677486730186
      ],
      [
       75.16694669815713,
       66.88088559742629
      ],
      [
       75.20474477828128,
       66.88499637774504
      ],
      [
       75.24254290998307,
       66.88910712587844
      ],
      [
       75.28034091805776,
       66.89321782884086
      ],
      [
       75.26024105804508,
       66.92418124435216
      ],
      [
       75.2401410745593,
       66.9551447381276
      ],
      [
       75.22004112814693,
       66.98610812287744
      ],
      [
       75.1999411246968,
       67.01707155963742
      ],
      [
       75.17984128421813,
       67.04803505305809
      ],
      [
       75.15974133051829,
       67.07899846750169
      ],
      [
       75.13964141954594,
       67.10996189468835
      ],
      [
       75.11954133230374,
       67.14092539074257
      ],
      [
       75.08136928619948,
       67.13677226617317
      ],
      [
       75.04319703742212,
       67.13261913814331
      ],
      [
       75.00502495017386,
       67.12846603765966
      ],
      [
       74.96685282552245,
       67.12431294195137
      ],
      [
       74.92868065229602,
       67.12015984614335
      ],
      [
       74.89050860703675,
       67.11600676350452
      ],
      [
       74.85233649094302,
       67.11185367108462
      ],
      [
       74.81416429294617,
       67.10770056397814
      ]
     ]
    ]
   },
   "properties": {
    "event_id": "CH4-WSP-020",
    "datetime_utc": "2020-07-10T06:50:47Z",
    "date_utc": "2020-07-10",
    "year": 2020,
    "month": 7,
    "centroid_lon": 75.0480773846577,
    "centroid_lat": 67.00056624102372,
    "area_km2": 389.3107376071336,
    "n_pixels": 8,
    "max_z": 8.724209480545108,
    "mean_z": 6.233548434200661,
    "max_delta": 24.53735024042703,
    "mean_delta": 9.492066499736783,
    "artifact_likely": 0,
    "corr_albedo": -0.21348826241499722,
    "nearest_source_type": "viirs_flare_high",
    "nearest_source_distance_km": 22.01756183109922,
    "matched_schuit_150km": 0,
    "matched_mars_150km": 0,
    "algorithm_version": "2.3.2",
    "config_id": "default_combine",
    "params_hash": "4ace2be260ce67383dfa5792df09e077534fab0f6532f2b15f8cd397e72b8485",
    "run_id": "default_combine_2020_combined_4ace2be2",
    "aoi_boundary": "zapsib",
    "artifact_likely_albedo_positive": 0,
    "build_date": "2026-05-23",
    "cluster_id": 1503238553693,
    "cluster_overlap_snow_fraction": 0,
    "count": 8,
    "enrichment_method": "numpy_eigh_with_cos_lat",
    "enrichment_stage": "axis_v1",
    "event_class": "wind_ambiguous",
    "inside_reference_clean_zone": 0,
    "intermediate_asset": "projects/nodal-thunder-481307-u1/assets/RuPlumeScan/catalog/CH4/events_2020_intermediate",
    "nearest_source_id": "viirs_0048",
    "orbit_date_millis": 1594363847000,
    "plume_axis_deg": 172.56003189377898,
    "qa_flags": "",
    "rna_version": "1.2",
    "stage_2_run_date": "2026-05-23T02:59:55.375818+00:00",
    "stage_3_match_radius_km": 150,
    "stage_3_run_date": "2026-05-23",
    "stage_3b_rescope_date": "2026-06-20",
    "surface_confounded_dark": 0,
    "td0044_reclassified": null,
    "wind_alignment_score": 0.010379385616220316,
    "wind_consistency_diff_deg": 20.161830042770816,
    "wind_consistent": 0,
    "wind_dir_deg": 83.49417659923881,
    "wind_level": "10m",
    "wind_levels_inconsistent_qa": 0,
    "wind_source": "ERA5_HOURLY_10m",
    "wind_speed": 8.17125524351369,
    "wind_state": "misaligned",
    "wind_u": -0.925837516784668,
    "wind_u_850hPa": -6.71307373046875,
    "wind_v": -8.118635177612305,
    "wind_v_850hPa": -13.366254806518555,
    "zone_boundary_step_ppb": null
   }
  },
  {
   "type": "Feature",
   "geometry": {
    "type": "Polygon",
    "coordinates": [
     [
      [
       76.74198090784384,
       66.31742749394064
      ],
      [
       76.75501983522688,
       66.29400770326394
      ],
      [
       76.76805873895441,
       66.27058794808076
      ],
      [
       76.7810977860492,
       66.24716825109152
      ],
      [
       76.79413666041971,
       66.22374850060663
      ],
      [
       76.80717570825628,
       66.20032873486161
      ],
      [
       76.82021455819402,
       66.17690892997102
      ],
      [
       76.83325350024539,
       66.15348921182168
      ],
      [
       76.8462926322537,
       66.13006941207317
      ],
      [
       76.88322290966379,
       66.13369918651962
      ],
      [
       76.92015315873572,
       66.13732888227376
      ],
      [
       76.95708333263666,
       66.14095859092939
      ],
      [
       76.99401367342394,
       66.14458824381404
      ],
      [
       76.97689964813391,
       66.17584210767676
      ],
      [
       76.95978568080118,
       66.20709598176872
      ],
      [
       76.99684973041296,
       66.21069444140991
      ],
      [
       77.03391376589754,
       66.21429297579932
      ],
      [
       77.07097772634461,
       66.21789139788831
      ],
      [
       77.10804186907647,
       66.22148991749499
      ],
      [
       77.09097682262788,
       66.2527482057926
      ],
      [
       77.0739118454222,
       66.28400651166663
      ],
      [
       77.05684678785023,
       66.31526480256507
      ],
      [
       77.03978185964566,
       66.3465230763106
      ],
      [
       77.0025567179521,
       66.34288616205363
      ],
      [
       76.96533162502607,
       66.33924918528287
      ],
      [
       76.92810651687368,
       66.33561222995664
      ],
      [
       76.89088138454109,
       66.33197529217286
      ],
      [
       76.8536562190989,
       66.32833836802135
      ],
      [
       76.81643106753336,
       66.32470136583707
      ],
      [
       76.77920598946989,
       66.32106447277042
      ],
      [
       76.74198090784384,
       66.31742749394064
      ]
     ]
    ]
   },
   "properties": {
    "event_id": "CH4-WSP-021",
    "datetime_utc": "2020-07-10T06:50:47Z",
    "date_utc": "2020-07-10",
    "year": 2020,
    "month": 7,
    "centroid_lon": 76.92080079308336,
    "centroid_lat": 66.24932869651775,
    "area_km2": 243.37100387062185,
    "n_pixels": 5,
    "max_z": 5.234716812776977,
    "mean_z": 4.960794989397624,
    "max_delta": 16.534129079074773,
    "mean_delta": 15.891724114497634,
    "artifact_likely": 1,
    "corr_albedo": 0.9497080831733978,
    "nearest_source_type": "gas_field",
    "nearest_source_distance_km": 22.45564273906251,
    "matched_schuit_150km": 0,
    "matched_mars_150km": 0,
    "algorithm_version": "2.3.2",
    "config_id": "default_combine",
    "params_hash": "4ace2be260ce67383dfa5792df09e077534fab0f6532f2b15f8cd397e72b8485",
    "run_id": "default_combine_2020_combined_4ace2be2",
    "aoi_boundary": "zapsib",
    "artifact_likely_albedo_positive": 1,
    "build_date": "2026-05-23",
    "cluster_id": 1567663063124,
    "cluster_overlap_snow_fraction": 0,
    "count": 5,
    "enrichment_method": "numpy_eigh_with_cos_lat",
    "enrichment_stage": "axis_v1",
    "event_class": "wind_ambiguous",
    "inside_reference_clean_zone": 0,
    "intermediate_asset": "projects/nodal-thunder-481307-u1/assets/RuPlumeScan/catalog/CH4/events_2020_intermediate",
    "nearest_source_id": "ru_yanao_urengoyskoe",
    "orbit_date_millis": 1594363847000,
    "plume_axis_deg": 160.70814747991278,
    "qa_flags": "",
    "rna_version": "1.2",
    "stage_2_run_date": "2026-05-23T02:59:55.375818+00:00",
    "stage_3_match_radius_km": 150,
    "stage_3_run_date": "2026-05-23",
    "stage_3b_rescope_date": "2026-06-20",
    "surface_confounded_dark": 0,
    "td0044_reclassified": null,
    "wind_alignment_score": 0.16213428516160777,
    "wind_consistency_diff_deg": 19.41375794569433,
    "wind_consistent": 0,
    "wind_dir_deg": 85.30023314445748,
    "wind_level": "10m",
    "wind_levels_inconsistent_qa": 0,
    "wind_source": "ERA5_HOURLY_10m",
    "wind_speed": 10.207844578551555,
    "wind_state": "misaligned",
    "wind_u": -0.8363741636276245,
    "wind_u_850hPa": -7.402187347412109,
    "wind_v": -10.17352294921875,
    "wind_v_850hPa": -16.537322998046875,
    "zone_boundary_step_ppb": null
   }
  },
  {
   "type": "Feature",
   "geometry": {
    "type": "MultiPolygon",
    "coordinates": [
     [
      [
       [
        77.77717448617678,
        64.31142064691599
       ],
       [
        77.79207016523169,
        64.27994603839564
       ],
       [
        77.80696575764112,
        64.24847151497468
       ],
       [
        77.87576971570009,
        64.25523597629541
       ],
       [
        77.9445736005471,
        64.26200041773404
       ],
       [
        77.92983621637838,
        64.29349059921537
       ],
       [
        77.91509892588728,
        64.324980759158
       ],
       [
        77.84613677210804,
        64.31820072183993
       ],
       [
        77.77717448617678,
        64.31142064691599
       ]
      ]
     ],
     [
      [
       [
        77.77717448617678,
        64.31142064691599
       ],
       [
        77.75461476648405,
        64.35860907624698
       ],
       [
        77.73205508248215,
        64.40579752082408
       ],
       [
        77.70949535966498,
        64.45298589876468
       ],
       [
        77.68693575714856,
        64.50017433172944
       ],
       [
        77.61756996952585,
        64.49327387204501
       ],
       [
        77.54820419038845,
        64.48637344660143
       ],
       [
        77.53285820995039,
        64.51779895552502
       ],
       [
        77.5175120730929,
        64.54922446613047
       ],
       [
        77.58707632818842,
        64.55610487883672
       ],
       [
        77.65664047678398,
        64.56298527517573
       ],
       [
        77.7262047322225,
        64.5698656939585
       ],
       [
        77.79576902318529,
        64.57674605781153
       ],
       [
        77.78067040652559,
        64.60819832504393
       ],
       [
        77.7655718819795,
        64.63965059591254
       ],
       [
        77.69580930541957,
        64.63279245149629
       ],
       [
        77.62604670659604,
        64.62593439162168
       ],
       [
        77.61071185956484,
        64.65736213269324
       ],
       [
        77.5953769891883,
        64.68878984924434
       ],
       [
        77.52556531444957,
        64.68180133563622
       ],
       [
        77.45575355955103,
        64.67481282583948
       ],
       [
        77.38594184390324,
        64.66782430893444
       ],
       [
        77.31613028724553,
        64.66083577426343
       ],
       [
        77.33174930406373,
        64.62943587939931
       ],
       [
        77.34736845742897,
        64.59803604034916
       ],
       [
        77.36298760262794,
        64.56663617426518
       ],
       [
        77.37860671197826,
        64.53523630050701
       ],
       [
        77.30922984301286,
        64.52816636103127
       ],
       [
        77.23985284942196,
        64.52109644260665
       ],
       [
        77.26323633469215,
        64.47399165759124
       ],
       [
        77.28661988189843,
        64.42688683953031
       ],
       [
        77.31000344826813,
        64.37978196638578
       ],
       [
        77.3333868901204,
        64.33267719117266
       ],
       [
        77.40228896818472,
        64.3396979824075
       ],
       [
        77.47119092289779,
        64.34671883669915
       ],
       [
        77.48647458009194,
        64.31528444196374
       ],
       [
        77.50175818443005,
        64.28384996227014
       ],
       [
        77.43301440699598,
        64.27684255414955
       ],
       [
        77.36427067928946,
        64.26983505360242
       ],
       [
        77.37963664745736,
        64.2384073256407
       ],
       [
        77.39500279113751,
        64.20697952188812
       ],
       [
        77.46362720669237,
        64.21393352729372
       ],
       [
        77.53225161773663,
        64.22088751508619
       ],
       [
        77.60087611688667,
        64.22784142176268
       ],
       [
        77.66950064924237,
        64.23479544640905
       ],
       [
        77.6544466129108,
        64.26625433696813
       ],
       [
        77.6393926877543,
        64.29771335979547
       ],
       [
        77.70828363615726,
        64.30456701729655
       ],
       [
        77.77717448617678,
        64.31142064691599
       ]
      ]
     ]
    ]
   },
   "properties": {
    "event_id": "CH4-WSP-022",
    "datetime_utc": "2020-07-10T06:50:47Z",
    "date_utc": "2020-07-10",
    "year": 2020,
    "month": 7,
    "centroid_lon": 77.53606471273044,
    "centroid_lat": 64.44480844253592,
    "area_km2": 876.4231371155357,
    "n_pixels": 18,
    "max_z": 13.785042335902544,
    "mean_z": 8.02141894839079,
    "max_delta": 30.764644077045432,
    "mean_delta": 13.828837894525881,
    "artifact_likely": 0,
    "corr_albedo": -0.13689548587385927,
    "nearest_source_type": "viirs_flare_high",
    "nearest_source_distance_km": 8.660848718140802,
    "matched_schuit_150km": 0,
    "matched_mars_150km": 0,
    "algorithm_version": "2.3.2",
    "config_id": "default_combine",
    "params_hash": "4ace2be260ce67383dfa5792df09e077534fab0f6532f2b15f8cd397e72b8485",
    "run_id": "default_combine_2020_combined_4ace2be2",
    "aoi_boundary": "zapsib",
    "artifact_likely_albedo_positive": 0,
    "build_date": "2026-05-23",
    "cluster_id": 1683627180117,
    "cluster_overlap_snow_fraction": 0,
    "count": 18,
    "enrichment_method": "numpy_eigh_with_cos_lat",
    "enrichment_stage": "axis_v1",
    "event_class": "wind_ambiguous",
    "inside_reference_clean_zone": 0,
    "intermediate_asset": "projects/nodal-thunder-481307-u1/assets/RuPlumeScan/catalog/CH4/events_2020_intermediate",
    "nearest_source_id": "viirs_0238",
    "orbit_date_millis": 1594363847000,
    "plume_axis_deg": 174.5912366001543,
    "qa_flags": "",
    "rna_version": "1.2",
    "stage_2_run_date": "2026-05-23T02:59:55.375818+00:00",
    "stage_3_match_radius_km": 150,
    "stage_3_run_date": "2026-05-23",
    "stage_3b_rescope_date": "2026-06-20",
    "surface_confounded_dark": 0,
    "td0044_reclassified": null,
    "wind_alignment_score": 0.15948508063885447,
    "wind_consistency_diff_deg": 25.556033814056548,
    "wind_consistent": 0,
    "wind_dir_deg": 98.94489385765121,
    "wind_level": "10m",
    "wind_levels_inconsistent_qa": 0,
    "wind_source": "ERA5_HOURLY_10m",
    "wind_speed": 8.160334639559258,
    "wind_state": "misaligned",
    "wind_u": 1.2688051462173462,
    "wind_u_850hPa": -5.000785827636719,
    "wind_v": -8.061091423034668,
    "wind_v_850hPa": -16.762897491455078,
    "zone_boundary_step_ppb": null
   }
  },
  {
   "type": "Feature",
   "geometry": {
    "type": "MultiPolygon",
    "coordinates": [
     [
      [
       [
        72.88795297820069,
        61.35208018608485
       ],
       [
        72.82741851406152,
        61.34251103136895
       ],
       [
        72.76688395908572,
        61.33294173682804
       ],
       [
        72.78560992857227,
        61.30197331639305
       ],
       [
        72.80433592730391,
        61.27100489587469
       ],
       [
        72.86475227503627,
        61.28055626569975
       ],
       [
        72.92516870215218,
        61.29010760471798
       ],
       [
        72.90656089152968,
        61.32109391945649
       ],
       [
        72.88795297820069,
        61.35208018608485
       ]
      ]
     ],
     [
      [
       [
        72.88795297820069,
        61.35208018608485
       ],
       [
        72.94856555793099,
        61.3615870422495
       ],
       [
        73.00917806631823,
        61.37109384044557
       ],
       [
        73.02763213937332,
        61.34008303922245
       ],
       [
        73.04608620907038,
        61.30907217731619
       ],
       [
        73.06454018478631,
        61.2780613549241
       ],
       [
        73.08299403698544,
        61.24705058829038
       ],
       [
        73.14345274179107,
        61.25645258906875
       ],
       [
        73.20391152212004,
        61.2658546159883
       ],
       [
        73.19012851115005,
        61.289122186038625
       ],
       [
        73.17634538567087,
        61.31238974756107
       ],
       [
        73.16256224892646,
        61.33565739693114
       ],
       [
        73.14877923449421,
        61.358924959199044
       ],
       [
        73.134996082702,
        61.38219257628744
       ],
       [
        73.12121307881384,
        61.40546009251292
       ],
       [
        73.10742990181426,
        61.42872773384732
       ],
       [
        73.0936468373654,
        61.45199534466358
       ],
       [
        73.0328794056441,
        61.44250410053903
       ],
       [
        72.97211182809285,
        61.43301290473151
       ],
       [
        72.91134437333082,
        61.423521769823886
       ],
       [
        72.8505767641843,
        61.414030546275946
       ],
       [
        72.86926486334697,
        61.38305536144928
       ],
       [
        72.88795297820069,
        61.35208018608485
       ]
      ]
     ]
    ]
   },
   "properties": {
    "event_id": "CH4-WSP-023",
    "datetime_utc": "2020-08-08T07:45:56Z",
    "date_utc": "2020-08-08",
    "year": 2020,
    "month": 8,
    "centroid_lon": 73.00810227108715,
    "centroid_lat": 61.350544373981286,
    "area_km2": 243.4184734471491,
    "n_pixels": 5,
    "max_z": 5.863175894941225,
    "mean_z": 3.9239557038478594,
    "max_delta": 27.35620824751004,
    "mean_delta": 16.41008670246215,
    "artifact_likely": 0,
    "corr_albedo": -0.05970415226111377,
    "nearest_source_type": "gas_field",
    "nearest_source_distance_km": 16.660436595141565,
    "matched_schuit_150km": 0,
    "matched_mars_150km": 0,
    "algorithm_version": "2.3.2",
    "config_id": "default_combine",
    "params_hash": "4ace2be260ce67383dfa5792df09e077534fab0f6532f2b15f8cd397e72b8485",
    "run_id": "default_combine_2020_combined_4ace2be2",
    "aoi_boundary": "zapsib",
    "artifact_likely_albedo_positive": 0,
    "build_date": "2026-05-23",
    "cluster_id": 1851130904707,
    "cluster_overlap_snow_fraction": 0,
    "count": 5,
    "enrichment_method": "numpy_eigh_with_cos_lat",
    "enrichment_stage": "axis_v1",
    "event_class": "wind_ambiguous",
    "inside_reference_clean_zone": 0,
    "intermediate_asset": "projects/nodal-thunder-481307-u1/assets/RuPlumeScan/catalog/CH4/events_2020_intermediate",
    "nearest_source_id": "ru_khmao_priobskoye",
    "orbit_date_millis": 1596872756000,
    "plume_axis_deg": 141.78709459568796,
    "qa_flags": "zone_boundary_adjustment_applied",
    "rna_version": "1.2",
    "stage_2_run_date": "2026-05-23T02:59:55.375818+00:00",
    "stage_3_match_radius_km": 150,
    "stage_3_run_date": "2026-05-23",
    "stage_3b_rescope_date": "2026-06-20",
    "surface_confounded_dark": 0,
    "td0044_reclassified": null,
    "wind_alignment_score": 0.2657057907184076,
    "wind_consistency_diff_deg": 39.05130595313295,
    "wind_consistent": 0,
    "wind_dir_deg": 255.70061576034465,
    "wind_level": "10m",
    "wind_levels_inconsistent_qa": 0,
    "wind_source": "ERA5_HOURLY_10m",
    "wind_speed": 3.3278237363296728,
    "wind_state": "misaligned",
    "wind_u": 0.8219345211982727,
    "wind_u_850hPa": 3.555624008178711,
    "wind_v": 3.224722385406494,
    "wind_v_850hPa": 2.645390272140503,
    "zone_boundary_step_ppb": 16
   }
  },
  {
   "type": "Feature",
   "geometry": {
    "type": "MultiPolygon",
    "coordinates": [
     [
      [
       [
        72.70459932504554,
        67.92977597984216
       ],
       [
        72.66553758145575,
        67.9250025248649
       ],
       [
        72.62647573877977,
        67.92022908139617
       ],
       [
        72.58741405600226,
        67.91545557897588
       ],
       [
        72.54835244265735,
        67.91068209737904
       ],
       [
        72.57282381349702,
        67.88017521383232
       ],
       [
        72.59729551491549,
        67.84966827631503
       ],
       [
        72.63626242436847,
        67.85442946007942
       ],
       [
        72.67522933199042,
        67.85919069452416
       ],
       [
        72.71419632788297,
        67.86395189985787
       ],
       [
        72.75316323030704,
        67.86871306085547
       ],
       [
        72.72888134847517,
        67.89924455286513
       ],
       [
        72.70459932504554,
        67.92977597984216
       ]
      ]
     ],
     [
      [
       [
        72.59729551491549,
        67.84966827631503
       ],
       [
        72.55842884541153,
        67.84484518469046
       ],
       [
        72.51956224910829,
        67.84002208264474
       ],
       [
        72.48069544054259,
        67.83519902834962
       ],
       [
        72.44182887312667,
        67.83037597305741
       ],
       [
        72.40296214409308,
        67.82555286775025
       ],
       [
        72.36409555196563,
        67.82072983509904
       ],
       [
        72.3252289663733,
        67.81590676193933
       ],
       [
        72.28636237424216,
        67.81108364223653
       ],
       [
        72.31108138876131,
        67.78061465060037
       ],
       [
        72.33580033447619,
        67.75014560481712
       ],
       [
        72.37457215067674,
        67.75495640805079
       ],
       [
        72.41334408417937,
        67.75976721658415
       ],
       [
        72.45211595394295,
        67.76457801479434
       ],
       [
        72.49088796733547,
        67.76938883017134
       ],
       [
        72.52965974909816,
        67.7741996257635
       ],
       [
        72.56843170095038,
        67.77901045044497
       ],
       [
        72.60720364193347,
        67.78382128875103
       ],
       [
        72.64597546757994,
        67.78863203968527
       ],
       [
        72.6216354134866,
        67.81915013193915
       ],
       [
        72.59729551491549,
        67.84966827631503
       ]
      ]
     ],
     [
      [
       [
        72.70459932504554,
        67.92977597984216
       ],
       [
        72.74372791504022,
        67.93450711554246
       ],
       [
        72.78285647695236,
        67.93923825735345
       ],
       [
        72.82198510060188,
        67.94396932544394
       ],
       [
        72.86111372306458,
        67.94870041160242
       ],
       [
        72.8852018163638,
        67.91814444894817
       ],
       [
        72.90928989557182,
        67.8875884758941
       ],
       [
        72.94838719333546,
        67.89226606083913
       ],
       [
        72.98748456818097,
        67.89694360358992
       ],
       [
        73.02658195800781,
        67.90162119593008
       ],
       [
        73.06567937648344,
        67.90629884374385
       ],
       [
        73.04172062108299,
        67.93687373234312
       ],
       [
        73.01776192006503,
        67.96744874755176
       ],
       [
        72.99380306953451,
        67.99802366891122
       ],
       [
        72.96984442236584,
        68.02859861700537
       ],
       [
        72.93058546634518,
        68.02387583252354
       ],
       [
        72.89132628897381,
        68.01915310503391
       ],
       [
        72.85206734483747,
        68.01443038449419
       ],
       [
        72.81280822794297,
        68.00970762293868
       ],
       [
        72.77354931701298,
        68.00498485643885
       ],
       [
        72.73429012947679,
        68.00026212258675
       ],
       [
        72.69503112052075,
        67.9955393717999
       ],
       [
        72.65577200350887,
        67.99081666266304
       ],
       [
        72.6801856867987,
        67.96029636414937
       ],
       [
        72.70459932504554,
        67.92977597984216
       ]
      ]
     ]
    ]
   },
   "properties": {
    "event_id": "CH4-WSP-024",
    "datetime_utc": "2020-08-28T06:27:52Z",
    "date_utc": "2020-08-28",
    "year": 2020,
    "month": 8,
    "centroid_lon": 72.70284275869722,
    "centroid_lat": 67.89598883338202,
    "area_km2": 291.8230715604576,
    "n_pixels": 6,
    "max_z": 6.518470098895598,
    "mean_z": 4.199915206570821,
    "max_delta": 43.46571004387579,
    "mean_delta": 18.50867823211561,
    "artifact_likely": 0,
    "corr_albedo": 0.2956386806835209,
    "nearest_source_type": "gas_field",
    "nearest_source_distance_km": 5.589934723725443,
    "matched_schuit_150km": 0,
    "matched_mars_150km": 0,
    "algorithm_version": "2.3.2",
    "config_id": "default_combine",
    "params_hash": "4ace2be260ce67383dfa5792df09e077534fab0f6532f2b15f8cd397e72b8485",
    "run_id": "default_combine_2020_combined_4ace2be2",
    "aoi_boundary": "zapsib",
    "artifact_likely_albedo_positive": 0,
    "build_date": "2026-05-23",
    "cluster_id": 1430224109670,
    "cluster_overlap_snow_fraction": 0,
    "count": 6,
    "enrichment_method": "numpy_eigh_with_cos_lat",
    "enrichment_stage": "axis_v1",
    "event_class": "wind_ambiguous",
    "inside_reference_clean_zone": 0,
    "intermediate_asset": "projects/nodal-thunder-481307-u1/assets/RuPlumeScan/catalog/CH4/events_2020_intermediate",
    "nearest_source_id": "manual_p_01_0d_novoportovskoye",
    "orbit_date_millis": 1598596072000,
    "plume_axis_deg": 45.39860628926391,
    "qa_flags": "",
    "rna_version": "1.2",
    "stage_2_run_date": "2026-05-23T02:59:55.375818+00:00",
    "stage_3_match_radius_km": 150,
    "stage_3_run_date": "2026-05-23",
    "stage_3b_rescope_date": "2026-06-20",
    "surface_confounded_dark": 0,
    "td0044_reclassified": null,
    "wind_alignment_score": 0.1742241045426618,
    "wind_consistency_diff_deg": 40.768729404532905,
    "wind_consistent": 0,
    "wind_dir_deg": 299.71843688042435,
    "wind_level": "10m",
    "wind_levels_inconsistent_qa": 0,
    "wind_source": "ERA5_HOURLY_10m",
    "wind_speed": 3.818051809480411,
    "wind_state": "misaligned",
    "wind_u": -1.8927539587020874,
    "wind_u_850hPa": 0.8222465515136719,
    "wind_v": 3.315871238708496,
    "wind_v_850hPa": 4.210357189178467,
    "zone_boundary_step_ppb": null
   }
  },
  {
   "type": "Feature",
   "geometry": {
    "type": "MultiPolygon",
    "coordinates": [
     [
      [
       [
        72.29135655162884,
        63.15801613108633
       ],
       [
        72.22705404708302,
        63.14816374632432
       ],
       [
        72.16275153863984,
        63.13831138461725
       ],
       [
        72.18338165301302,
        63.1075748047662
       ],
       [
        72.20401157430682,
        63.07683824483819
       ],
       [
        72.26818473098636,
        63.086670517635675
       ],
       [
        72.33235794834783,
        63.09650282766183
       ],
       [
        72.31185729403381,
        63.1272595269516
       ],
       [
        72.29135655162884,
        63.15801613108633
       ]
      ]
     ],
     [
      [
       [
        72.29135655162884,
        63.15801613108633
       ],
       [
        72.35579824585355,
        63.167765989801055
       ],
       [
        72.42024015773896,
        63.17751585230064
       ],
       [
        72.48468191567605,
        63.18726560346668
       ],
       [
        72.54912375924957,
        63.19701548511421
       ],
       [
        72.52874561556992,
        63.22779778129188
       ],
       [
        72.50836755013022,
        63.25858007035896
       ],
       [
        72.4879894326781,
        63.289362319089676
       ],
       [
        72.46761139127709,
        63.320144619983246
       ],
       [
        72.5324533700102,
        63.32982976880823
       ],
       [
        72.59729535566203,
        63.339514979577565
       ],
       [
        72.57691074022752,
        63.37030055460632
       ],
       [
        72.55652584459271,
        63.40108623836287
       ],
       [
        72.49159803776905,
        63.39134527023855
       ],
       [
        72.42667019703174,
        63.38160438355894
       ],
       [
        72.3617423390298,
        63.37186346164178
       ],
       [
        72.29681451017511,
        63.362122577718026
       ],
       [
        72.31746233542502,
        63.33137706426026
       ],
       [
        72.3381102520429,
        63.30063159298117
       ],
       [
        72.2734533097825,
        63.29080593519868
       ],
       [
        72.20879624799834,
        63.28098034948589
       ],
       [
        72.22943634857448,
        63.25023924966356
       ],
       [
        72.25007644095177,
        63.21949826318707
       ],
       [
        72.27071646530123,
        63.18875721260794
       ],
       [
        72.29135655162884,
        63.15801613108633
       ]
      ]
     ]
    ]
   },
   "properties": {
    "event_id": "CH4-WSP-025",
    "datetime_utc": "2020-10-09T06:36:09Z",
    "date_utc": "2020-10-09",
    "year": 2020,
    "month": 10,
    "centroid_lon": 72.37963364922919,
    "centroid_lat": 63.253633173496205,
    "area_km2": 340.87122844884715,
    "n_pixels": 7,
    "max_z": 6.063439733639203,
    "mean_z": 4.895786103912553,
    "max_delta": 14.136608716977435,
    "mean_delta": 13.854419363885548,
    "artifact_likely": 0,
    "corr_albedo": -0.6203231533197996,
    "nearest_source_type": "viirs_flare_high",
    "nearest_source_distance_km": 23.135185433300528,
    "matched_schuit_150km": 0,
    "matched_mars_150km": 0,
    "algorithm_version": "2.3.2",
    "config_id": "default_combine",
    "params_hash": "4ace2be260ce67383dfa5792df09e077534fab0f6532f2b15f8cd397e72b8485",
    "run_id": "default_combine_2020_combined_4ace2be2",
    "aoi_boundary": "zapsib",
    "artifact_likely_albedo_positive": 0,
    "build_date": "2026-05-23",
    "cluster_id": 1722281885822,
    "cluster_overlap_snow_fraction": 0,
    "count": 7,
    "enrichment_method": "numpy_eigh_with_cos_lat",
    "enrichment_stage": "axis_v1",
    "event_class": "wind_ambiguous",
    "inside_reference_clean_zone": 0,
    "intermediate_asset": "projects/nodal-thunder-481307-u1/assets/RuPlumeScan/catalog/CH4/events_2020_intermediate",
    "nearest_source_id": "viirs_0204",
    "orbit_date_millis": 1602225369000,
    "plume_axis_deg": 19.43331899696861,
    "qa_flags": "",
    "rna_version": "1.2",
    "stage_2_run_date": "2026-05-23T02:59:55.375818+00:00",
    "stage_3_match_radius_km": 150,
    "stage_3_run_date": "2026-05-23",
    "stage_3b_rescope_date": "2026-06-20",
    "surface_confounded_dark": 1,
    "td0044_reclassified": null,
    "wind_alignment_score": 0.1022158810676782,
    "wind_consistency_diff_deg": 16.3807375116279,
    "wind_consistent": 0,
    "wind_dir_deg": 118.63274829305965,
    "wind_level": "10m",
    "wind_levels_inconsistent_qa": 0,
    "wind_source": "ERA5_HOURLY_10m",
    "wind_speed": 2.489946616732908,
    "wind_state": "misaligned",
    "wind_u": 1.1931664943695068,
    "wind_u_850hPa": 8.67487621307373,
    "wind_v": -2.1854491233825684,
    "wind_v_850hPa": -8.670793533325195,
    "zone_boundary_step_ppb": null
   }
  },
  {
   "type": "Feature",
   "geometry": {
    "type": "Polygon",
    "coordinates": [
     [
      [
       70.5175663001817,
       61.49850372980323
      ],
      [
       70.53876481372663,
       61.46794997286917
      ],
      [
       70.55996329524964,
       61.43739624432143
      ],
      [
       70.61994940110516,
       61.44814936422831
      ],
      [
       70.67993551948405,
       61.458902438670336
      ],
      [
       70.70093569906855,
       61.42831301526004
      ],
      [
       70.72193581615068,
       61.397723629738316
      ],
      [
       70.66206121160967,
       61.38699054070065
      ],
      [
       70.60218663070148,
       61.376257496340834
      ],
      [
       70.62321125858234,
       61.34567917770491
      ],
      [
       70.64423587481386,
       61.31510088846153
      ],
      [
       70.70399902856971,
       61.325811673131476
      ],
      [
       70.7637621929552,
       61.3365224043953
      ],
      [
       70.77931708690667,
       61.31355358701337
      ],
      [
       70.79487219023912,
       61.29058478403059
      ],
      [
       70.81042718492179,
       61.267615955993485
      ],
      [
       70.82598220997336,
       61.244647130546745
      ],
      [
       70.84153725204845,
       61.22167831297186
      ],
      [
       70.85709221394065,
       61.198709403768966
      ],
      [
       70.87264725013915,
       61.17574061784618
      ],
      [
       70.88820233113253,
       61.15277177314622
      ],
      [
       70.82876471372003,
       61.14212119852912
      ],
      [
       70.76932712594511,
       61.13147064377653
      ],
      [
       70.79000392656295,
       61.10084110835528
      ],
      [
       70.81068082418346,
       61.07021152706397
      ],
      [
       70.8700113099583,
       61.08084204896235
      ],
      [
       70.92934197251219,
       61.09147251094439
      ],
      [
       70.9498248389842,
       61.060811799245215
      ],
      [
       70.97030768619383,
       61.03015094660174
      ],
      [
       71.02961366598727,
       61.04069678005747
      ],
      [
       71.08891984406817,
       61.05124253482156
      ],
      [
       71.06824490416622,
       61.081882133437425
      ],
      [
       71.04757004390484,
       61.11252171675769
      ],
      [
       71.02689507700427,
       61.143161332700885
      ],
      [
       71.0062202538755,
       61.173800907891696
      ],
      [
       70.98554523605405,
       61.20444046816916
      ],
      [
       70.96487029088952,
       61.23508012756061
      ],
      [
       70.94419543358286,
       61.26571968605655
      ],
      [
       70.92352056060254,
       61.296359296274886
      ],
      [
       70.90284570340891,
       61.326998945585814
      ],
      [
       70.88217080905943,
       61.35763851648569
      ],
      [
       70.86149584079399,
       61.38827807894084
      ],
      [
       70.84082091431311,
       61.41891772527531
      ],
      [
       70.82014604485461,
       61.44955725530045
      ],
      [
       70.79947121147917,
       61.4801969267905
      ],
      [
       70.77879627592719,
       61.51083651711322
      ],
      [
       70.75812135381187,
       61.541476118747205
      ],
      [
       70.69798259216151,
       61.53073296662187
      ],
      [
       70.63784379241774,
       61.519989877396974
      ],
      [
       70.5777050692545,
       61.50924684355539
      ],
      [
       70.5175663001817,
       61.49850372980323
      ]
     ]
    ]
   },
   "properties": {
    "event_id": "CH4-WSP-026",
    "datetime_utc": "2021-03-01T06:54:56Z",
    "date_utc": "2021-03-01",
    "year": 2021,
    "month": 3,
    "centroid_lon": 70.82255502835496,
    "centroid_lat": 61.293954969184824,
    "area_km2": 533.0528237824658,
    "n_pixels": 11,
    "max_z": 4.772236916929408,
    "mean_z": 4.0896291415622885,
    "max_delta": 44.32886338470212,
    "mean_delta": 23.493479938028255,
    "artifact_likely": 1,
    "corr_albedo": -0.37911153195993,
    "nearest_source_type": "viirs_flare_high",
    "nearest_source_distance_km": 28.20299255930742,
    "matched_schuit_150km": 1,
    "matched_mars_150km": 0,
    "algorithm_version": "2.3.2",
    "config_id": "default_combine",
    "params_hash": "1d909d3a2b8d4c422affaf6f4b3a8cc878fe24201803592a5c6322488bfd25ba",
    "run_id": "default_combine_2021_combined_1d909d3a",
    "aoi_boundary": "zapsib",
    "artifact_likely_albedo_positive": 0,
    "build_date": "2026-05-14",
    "cluster_id": 1821066133652,
    "cluster_overlap_snow_fraction": 0.9846799125170906,
    "count": 11,
    "enrichment_method": "numpy_eigh_with_cos_lat",
    "enrichment_stage": "axis_v1",
    "event_class": "CH4_only",
    "inside_reference_clean_zone": 0,
    "intermediate_asset": "projects/nodal-thunder-481307-u1/assets/RuPlumeScan/catalog/CH4/events_2021_intermediate",
    "nearest_source_id": "viirs_0254",
    "orbit_date_millis": 1614581696000,
    "plume_axis_deg": 161.6121866466529,
    "qa_flags": "zone_boundary_adjustment_applied",
    "rna_version": "1.2",
    "stage_2_run_date": "2026-05-14T22:19:44.001182+00:00",
    "stage_3_match_radius_km": 150,
    "stage_3_run_date": "2026-05-23",
    "stage_3b_rescope_date": "2026-06-20",
    "surface_confounded_dark": 0,
    "td0044_reclassified": null,
    "wind_alignment_score": 0.8923479212595294,
    "wind_consistency_diff_deg": 27.255177750564258,
    "wind_consistent": 1,
    "wind_dir_deg": 331.92349956001055,
    "wind_level": "10m",
    "wind_levels_inconsistent_qa": 0,
    "wind_source": "ERA5_HOURLY_10m",
    "wind_speed": 2.091915023550605,
    "wind_state": "aligned",
    "wind_u": -1.845738410949707,
    "wind_u_850hPa": -2.830503463745117,
    "wind_v": 0.9845598936080933,
    "wind_v_850hPa": 4.092598915100098,
    "zone_boundary_step_ppb": 16
   }
  },
  {
   "type": "Feature",
   "geometry": {
    "type": "MultiPolygon",
    "coordinates": [
     [
      [
       [
        78.69006849669056,
        67.14826061062544
       ],
       [
        78.67446481701039,
        67.17965045043191
       ],
       [
        78.6588613705896,
        67.21104029536369
       ],
       [
        78.64325781544079,
        67.24243009955704
       ],
       [
        78.62765431554077,
        67.27381994561524
       ],
       [
        78.5886750894178,
        67.27064173011024
       ],
       [
        78.5496959751412,
        67.2674634924437
       ],
       [
        78.51071672658269,
        67.26428530413453
       ],
       [
        78.47173738438556,
        67.26110707278504
       ],
       [
        78.48754380474507,
        67.22973499171637
       ],
       [
        78.50335019989518,
        67.19836298400566
       ],
       [
        78.51915659186152,
        67.16699098014539
       ],
       [
        78.53496313707622,
        67.13561901265835
       ],
       [
        78.57373941646674,
        67.13877940265995
       ],
       [
        78.61251568245936,
        67.14193982391593
       ],
       [
        78.65129199435972,
        67.1451001914119
       ],
       [
        78.69006849669056,
        67.14826061062544
       ]
      ]
     ],
     [
      [
       [
        78.69006849669056,
        67.14826061062544
       ],
       [
        78.70550355821688,
        67.11685843953165
       ],
       [
        78.72093873264431,
        67.0854563160627
       ],
       [
        78.73637399154217,
        67.05405425970072
       ],
       [
        78.75180917179885,
        67.02265218812178
       ],
       [
        78.79044671308867,
        67.0257328492197
       ],
       [
        78.82908417437255,
        67.02881350382972
       ],
       [
        78.86772174849582,
        67.03189416849469
       ],
       [
        78.90635944446329,
        67.03497484660741
       ],
       [
        78.94499685543308,
        67.0380556045051
       ],
       [
        78.98363450291852,
        67.04113620530393
       ],
       [
        79.02227206740079,
        67.04421690582221
       ],
       [
        79.06090960628369,
        67.04729762081436
       ],
       [
        79.0458767416383,
        67.07873318579593
       ],
       [
        79.03084413867208,
        67.11016868782812
       ],
       [
        79.01581136090729,
        67.14160425891919
       ],
       [
        79.00077866817442,
        67.17303980305911
       ],
       [
        79.0396797835402,
        67.17607196659868
       ],
       [
        79.07858106709024,
        67.17910416945661
       ],
       [
        79.1174821585434,
        67.18213638957553
       ],
       [
        79.15638329971144,
        67.18516855438399
       ],
       [
        79.14143204660336,
        67.21660963734776
       ],
       [
        79.12648056837278,
        67.24805077062132
       ],
       [
        79.0874986535149,
        67.24498846930913
       ],
       [
        79.04851664121892,
        67.24192625963519
       ],
       [
        79.00953461822073,
        67.2388639603851
       ],
       [
        78.97055252707705,
        67.23580165680404
       ],
       [
        78.93157054377261,
        67.23273935824194
       ],
       [
        78.89258847355725,
        67.22967704825567
       ],
       [
        78.85360649248703,
        67.22661473627598
       ],
       [
        78.81462454211285,
        67.22355250755315
       ],
       [
        78.82998158053691,
        67.19214480114191
       ],
       [
        78.84533882933364,
        67.16073715534858
       ],
       [
        78.80652116901885,
        67.15761800774945
       ],
       [
        78.76770363002493,
        67.15449881317953
       ],
       [
        78.72888591959864,
        67.1513797323316
       ],
       [
        78.69006849669056,
        67.14826061062544
       ]
      ]
     ]
    ]
   },
   "properties": {
    "event_id": "CH4-WSP-027",
    "datetime_utc": "2021-05-03T07:20:45Z",
    "date_utc": "2021-05-03",
    "year": 2021,
    "month": 5,
    "centroid_lon": 78.8297058081365,
    "centroid_lat": 67.1512642578424,
    "area_km2": 389.2962513953752,
    "n_pixels": 8,
    "max_z": 4.45261064046168,
    "mean_z": 4.135905864194609,
    "max_delta": 53.435504081590125,
    "mean_delta": 24.291891648250154,
    "artifact_likely": 1,
    "corr_albedo": 0.4645674561298109,
    "nearest_source_type": "viirs_flare_high",
    "nearest_source_distance_km": 19.900474070070796,
    "matched_schuit_150km": 1,
    "matched_mars_150km": 0,
    "algorithm_version": "2.3.2",
    "config_id": "default_combine",
    "params_hash": "1d909d3a2b8d4c422affaf6f4b3a8cc878fe24201803592a5c6322488bfd25ba",
    "run_id": "default_combine_2021_combined_1d909d3a",
    "aoi_boundary": "zapsib",
    "artifact_likely_albedo_positive": 0,
    "build_date": "2026-05-14",
    "cluster_id": 1520418422852,
    "cluster_overlap_snow_fraction": 0.9747924080664293,
    "count": 8,
    "enrichment_method": "numpy_eigh_with_cos_lat",
    "enrichment_stage": "axis_v1",
    "event_class": "wind_ambiguous",
    "inside_reference_clean_zone": 0,
    "intermediate_asset": "projects/nodal-thunder-481307-u1/assets/RuPlumeScan/catalog/CH4/events_2021_intermediate",
    "nearest_source_id": "viirs_0063",
    "orbit_date_millis": 1620026445000,
    "plume_axis_deg": 125.91148241740677,
    "qa_flags": "",
    "rna_version": "1.2",
    "stage_2_run_date": "2026-05-14T22:19:44.001182+00:00",
    "stage_3_match_radius_km": 150,
    "stage_3_run_date": "2026-05-23",
    "stage_3b_rescope_date": "2026-06-20",
    "surface_confounded_dark": 0,
    "td0044_reclassified": null,
    "wind_alignment_score": 0.5711068766870324,
    "wind_consistency_diff_deg": 45.44215922986098,
    "wind_consistent": 0,
    "wind_dir_deg": 164.51186351557385,
    "wind_level": "10m",
    "wind_levels_inconsistent_qa": 1,
    "wind_source": "ERA5_HOURLY_10m",
    "wind_speed": 6.813223869987587,
    "wind_state": "misaligned",
    "wind_u": 6.565806865692139,
    "wind_u_850hPa": 1.3042774200439453,
    "wind_v": -1.8193954229354858,
    "wind_v_850hPa": 0.7516300678253174,
    "zone_boundary_step_ppb": null
   }
  },
  {
   "type": "Feature",
   "geometry": {
    "type": "MultiPolygon",
    "coordinates": [
     [
      [
       [
        73.02575708568716,
        60.89894634525227
       ],
       [
        73.00745916721414,
        60.929972819341295
       ],
       [
        72.98916123513727,
        60.96099921570916
       ],
       [
        72.97086334805516,
        60.99202570463847
       ],
       [
        72.95256535743395,
        61.023052063211786
       ],
       [
        72.89268409956381,
        61.01350957879846
       ],
       [
        72.83280279918269,
        61.003967118394975
       ],
       [
        72.81427524941901,
        61.03495790870493
       ],
       [
        72.79574777346212,
        61.065948657503256
       ],
       [
        72.7358286445167,
        61.05632141920165
       ],
       [
        72.6759094798381,
        61.04669422477827
       ],
       [
        72.68983080066701,
        61.02345617125391
       ],
       [
        72.70375208124673,
        61.00021810940666
       ],
       [
        72.71767324778786,
        60.97698012965534
       ],
       [
        72.73159462128709,
        60.953742007811734
       ],
       [
        72.74551600501778,
        60.93050400141192
       ],
       [
        72.75943735921766,
        60.90726593039317
       ],
       [
        72.77335861027845,
        60.88402788519878
       ],
       [
        72.78727989487948,
        60.86078989233575
       ],
       [
        72.84689910631086,
        60.87032900653041
       ],
       [
        72.90651851801805,
        60.87986813993183
       ],
       [
        72.9661377144265,
        60.88940725930932
       ],
       [
        73.02575708568716,
        60.89894634525227
       ]
      ]
     ],
     [
      [
       [
        73.02575708568716,
        60.89894634525227
       ],
       [
        73.04394135722936,
        60.8679043491644
       ],
       [
        73.06212551585729,
        60.8368623178965
       ],
       [
        73.00258086914117,
        60.827373376567984
       ],
       [
        72.94303633127639,
        60.81788435604235
       ],
       [
        72.96121831740288,
        60.78684460664877
       ],
       [
        72.9794002954388,
        60.755804829509
       ],
       [
        72.9975822957494,
        60.72476495787151
       ],
       [
        73.01576416885804,
        60.6937251758368
       ],
       [
        72.95651838166548,
        60.684207258363145
       ],
       [
        72.89727250050034,
        60.67468922572867
       ],
       [
        72.87901694859711,
        60.7057178800327
       ],
       [
        72.86076140790495,
        60.73674658574814
       ],
       [
        72.8014776972069,
        60.72714614204581
       ],
       [
        72.74219397801001,
        60.717545706714645
       ],
       [
        72.76056093851182,
        60.686537057349206
       ],
       [
        72.77892805486884,
        60.65552850695096
       ],
       [
        72.71983370450141,
        60.64588351808416
       ],
       [
        72.66073955819405,
        60.63623847907292
       ],
       [
        72.67448363042,
        60.61297922841835
       ],
       [
        72.68822769528458,
        60.589719994627316
       ],
       [
        72.70197174034682,
        60.5664607847315
       ],
       [
        72.71571581374768,
        60.543201522434856
       ],
       [
        72.72945984236443,
        60.51994229812973
       ],
       [
        72.74320387421525,
        60.49668303554602
       ],
       [
        72.75694798350862,
        60.473423844659656
       ],
       [
        72.77069207077776,
        60.450164629599186
       ],
       [
        72.8148226709294,
        60.45730924801763
       ],
       [
        72.8589532317023,
        60.46445375860882
       ],
       [
        72.90308393937649,
        60.47159837730619
       ],
       [
        72.94721442536098,
        60.4787429728456
       ],
       [
        72.99134514315564,
        60.48588761364263
       ],
       [
        73.035475723582,
        60.49303216858074
       ],
       [
        73.07960626653313,
        60.500176750802794
       ],
       [
        73.12373693169096,
        60.50732138978407
       ],
       [
        73.10581584212431,
        60.53839905220927
       ],
       [
        73.08789471250962,
        60.56947679273042
       ],
       [
        73.14699333781736,
        60.57889214339685
       ],
       [
        73.20609211561057,
        60.58830755910207
       ],
       [
        73.18820654132443,
        60.61939194905263
       ],
       [
        73.170321116291,
        60.650476360428094
       ],
       [
        73.22960491111618,
        60.65984496541029
       ],
       [
        73.28888860682088,
        60.669213511591884
       ],
       [
        73.27104337333694,
        60.70030680623246
       ],
       [
        73.25319798474118,
        60.73140009470967
       ],
       [
        73.31266680104784,
        60.74072185402512
       ],
       [
        73.37213559171414,
        60.75004365576149
       ],
       [
        73.35429024215098,
        60.78113805334909
       ],
       [
        73.33644493543567,
        60.81223247546783
       ],
       [
        73.31859970115532,
        60.843326904822696
       ],
       [
        73.30075427135553,
        60.874421286177814
       ],
       [
        73.24106040705091,
        60.8650638718503
       ],
       [
        73.18136635799159,
        60.85570650134777
       ],
       [
        73.16329585125753,
        60.88676634801721
       ],
       [
        73.14522533132049,
        60.91782623433278
       ],
       [
        73.08549126981596,
        60.90838629980983
       ],
       [
        73.02575708568716,
        60.89894634525227
       ]
      ]
     ]
    ]
   },
   "properties": {
    "event_id": "CH4-WSP-028",
    "datetime_utc": "2021-07-02T06:56:56Z",
    "date_utc": "2021-07-02",
    "year": 2021,
    "month": 7,
    "centroid_lon": 72.9827903373991,
    "centroid_lat": 60.72773106107938,
    "area_km2": 1218.4938193775904,
    "n_pixels": 25,
    "max_z": 8.715282230894584,
    "mean_z": 6.044676584020152,
    "max_delta": 46.12478179531672,
    "mean_delta": 22.209328815946034,
    "artifact_likely": 0,
    "corr_albedo": 0.15763043045928343,
    "nearest_source_type": "viirs_flare_high",
    "nearest_source_distance_km": 20.847386707934064,
    "matched_schuit_150km": 0,
    "matched_mars_150km": 0,
    "algorithm_version": "2.3.2",
    "config_id": "default_combine",
    "params_hash": "1d909d3a2b8d4c422affaf6f4b3a8cc878fe24201803592a5c6322488bfd25ba",
    "run_id": "default_combine_2021_combined_1d909d3a",
    "aoi_boundary": "zapsib",
    "artifact_likely_albedo_positive": 0,
    "build_date": "2026-05-14",
    "cluster_id": 1889785610372,
    "cluster_overlap_snow_fraction": 0,
    "count": 25,
    "enrichment_method": "numpy_eigh_with_cos_lat",
    "enrichment_stage": "axis_v1",
    "event_class": "wind_ambiguous",
    "inside_reference_clean_zone": 0,
    "intermediate_asset": "projects/nodal-thunder-481307-u1/assets/RuPlumeScan/catalog/CH4/events_2021_intermediate",
    "nearest_source_id": "viirs_0332",
    "orbit_date_millis": 1625209016000,
    "plume_axis_deg": 0.5605329765727415,
    "qa_flags": "",
    "rna_version": "1.2",
    "stage_2_run_date": "2026-05-14T22:19:44.001182+00:00",
    "stage_3_match_radius_km": 150,
    "stage_3_run_date": "2026-05-23",
    "stage_3b_rescope_date": "2026-06-20",
    "surface_confounded_dark": 0,
    "td0044_reclassified": null,
    "wind_alignment_score": 0.3543314105062134,
    "wind_consistency_diff_deg": 96.60809084944708,
    "wind_consistent": 0,
    "wind_dir_deg": 58.67070603101354,
    "wind_level": "10m",
    "wind_levels_inconsistent_qa": 1,
    "wind_source": "ERA5_HOURLY_10m",
    "wind_speed": 3.7262917096647388,
    "wind_state": "misaligned",
    "wind_u": -1.9375073909759521,
    "wind_u_850hPa": 8.457441329956055,
    "wind_v": -3.1829726696014404,
    "wind_v_850hPa": -3.8937809467315674,
    "zone_boundary_step_ppb": null
   }
  },
  {
   "type": "Feature",
   "geometry": {
    "type": "Polygon",
    "coordinates": [
     [
      [
       72.99617990662108,
       60.28297064854639
      ],
      [
       73.01402736810202,
       60.251886257055936
      ],
      [
       73.03187500323374,
       60.22080187313337
      ],
      [
       73.07573297276164,
       60.2278443884532
      ],
      [
       73.11959108130074,
       60.23488698943275
      ],
      [
       73.16344904938278,
       60.241929647911064
      ],
      [
       73.20730715162959,
       60.248972226097464
      ],
      [
       73.25116519527153,
       60.256014798370195
      ],
      [
       73.2950231920313,
       60.26305737476297
      ],
      [
       73.33888129944413,
       60.27009998407876
      ],
      [
       73.3827393836244,
       60.27714261742963
      ],
      [
       73.36518389581704,
       60.30827493313096
      ],
      [
       73.34762844932962,
       60.33940724053346
      ],
      [
       73.33007286896914,
       60.37053958643728
      ],
      [
       73.31251738806276,
       60.40167188808364
      ],
      [
       73.25374863575546,
       60.39230997457898
      ],
      [
       73.19497992359595,
       60.38294816460349
      ],
      [
       73.17720601968573,
       60.41404809816418
      ],
      [
       73.15943205419914,
       60.44514812070473
      ],
      [
       73.10062544477255,
       60.43570376105241
      ],
      [
       73.0418187891753,
       60.4262594258884
      ],
      [
       73.059666245254,
       60.39517274930738
      ],
      [
       73.07751392407393,
       60.36408614058907
      ],
      [
       73.09536141603479,
       60.332999476322506
      ],
      [
       73.11320892569856,
       60.30191289576677
      ],
      [
       73.05469449714174,
       60.29244172842291
      ],
      [
       72.99617990662108,
       60.28297064854639
      ]
     ]
    ]
   },
   "properties": {
    "event_id": "CH4-WSP-029",
    "datetime_utc": "2021-07-02T06:56:56Z",
    "date_utc": "2021-07-02",
    "year": 2021,
    "month": 7,
    "centroid_lon": 73.18539093164252,
    "centroid_lat": 60.32476549376851,
    "area_km2": 292.5624816657644,
    "n_pixels": 6,
    "max_z": 4.252015585508413,
    "mean_z": 3.9126461204322176,
    "max_delta": 23.76389509263163,
    "mean_delta": 13.517705171289563,
    "artifact_likely": 0,
    "corr_albedo": 0.028532534875201257,
    "nearest_source_type": "viirs_flare_high",
    "nearest_source_distance_km": 24.271729566514207,
    "matched_schuit_150km": 0,
    "matched_mars_150km": 0,
    "algorithm_version": "2.3.2",
    "config_id": "default_combine",
    "params_hash": "1d909d3a2b8d4c422affaf6f4b3a8cc878fe24201803592a5c6322488bfd25ba",
    "run_id": "default_combine_2021_combined_1d909d3a",
    "aoi_boundary": "zapsib",
    "artifact_likely_albedo_positive": 0,
    "build_date": "2026-05-14",
    "cluster_id": 1919850381446,
    "cluster_overlap_snow_fraction": 0,
    "count": 6,
    "enrichment_method": "numpy_eigh_with_cos_lat",
    "enrichment_stage": "axis_v1",
    "event_class": "wind_ambiguous",
    "inside_reference_clean_zone": 0,
    "intermediate_asset": "projects/nodal-thunder-481307-u1/assets/RuPlumeScan/catalog/CH4/events_2021_intermediate",
    "nearest_source_id": "viirs_0364",
    "orbit_date_millis": 1625209016000,
    "plume_axis_deg": 141.5725788547655,
    "qa_flags": "",
    "rna_version": "1.2",
    "stage_2_run_date": "2026-05-14T22:19:44.001182+00:00",
    "stage_3_match_radius_km": 150,
    "stage_3_run_date": "2026-05-23",
    "stage_3b_rescope_date": "2026-06-20",
    "surface_confounded_dark": 0,
    "td0044_reclassified": null,
    "wind_alignment_score": 0.08652450316858673,
    "wind_consistency_diff_deg": 97.32540077392963,
    "wind_consistent": 0,
    "wind_dir_deg": 59.35978413993831,
    "wind_level": "10m",
    "wind_levels_inconsistent_qa": 1,
    "wind_source": "ERA5_HOURLY_10m",
    "wind_speed": 3.246752790908057,
    "wind_state": "misaligned",
    "wind_u": -1.6546927690505981,
    "wind_u_850hPa": 8.56275463104248,
    "wind_v": -2.7934558391571045,
    "wind_v_850hPa": -3.6903297901153564,
    "zone_boundary_step_ppb": null
   }
  },
  {
   "type": "Feature",
   "geometry": {
    "type": "MultiPolygon",
    "coordinates": [
     [
      [
       [
        74.20640224798149,
        60.40411103537145
       ],
       [
        74.26551426426735,
        60.412919970025065
       ],
       [
        74.32462634496567,
        60.42172889672016
       ],
       [
        74.30799395077327,
        60.45300505128562
       ],
       [
        74.29136141934353,
        60.484281231683305
       ],
       [
        74.23213796757811,
        60.47545440773223
       ],
       [
        74.17291430354302,
        60.466627647072606
       ],
       [
        74.18965827569822,
        60.43536930657993
       ],
       [
        74.20640224798149,
        60.40411103537145
       ]
      ]
     ],
     [
      [
       [
        74.20640224798149,
        60.40411103537145
       ],
       [
        74.16217244659046,
        60.39740562189026
       ],
       [
        74.11794252551432,
        60.390700266744716
       ],
       [
        74.07371267473322,
        60.38399489408924
       ],
       [
        74.02948288306455,
        60.37728949444907
       ],
       [
        73.98525308331,
        60.3705841422926
       ],
       [
        73.94102326399613,
        60.36387882803146
       ],
       [
        73.89679332424518,
        60.357173440067555
       ],
       [
        73.85256354473869,
        60.35046800500541
       ],
       [
        73.8694692604429,
        60.31923535240965
       ],
       [
        73.8863748127368,
        60.2880027167208
       ],
       [
        73.9032803754542,
        60.25677005117989
       ],
       [
        73.92018592021468,
        60.225537374770084
       ],
       [
        73.93709141871537,
        60.19430470649477
       ],
       [
        73.95399698754423,
        60.163072083353136
       ],
       [
        73.97090250915907,
        60.13183942255291
       ],
       [
        73.98780809966027,
        60.10060676110603
       ],
       [
        74.03170578646295,
        60.10726146419914
       ],
       [
        74.07560333061002,
        60.11391607414952
       ],
       [
        74.11950097608197,
        60.120570719776254
       ],
       [
        74.16339858910194,
        60.127225392555665
       ],
       [
        74.20729623540798,
        60.133880017881346
       ],
       [
        74.25119387058069,
        60.14053468894328
       ],
       [
        74.29509141570539,
        60.14718931351167
       ],
       [
        74.3389891157361,
        60.153844019940585
       ],
       [
        74.32241566028434,
        60.18512737209825
       ],
       [
        74.30584238643574,
        60.216410747150036
       ],
       [
        74.28926903313237,
        60.24769409056389
       ],
       [
        74.27269571857252,
        60.278977484459496
       ],
       [
        74.256122325711,
        60.31026089180482
       ],
       [
        74.2395488824092,
        60.341544293130646
       ],
       [
        74.22297556226943,
        60.37282768667252
       ],
       [
        74.20640224798149,
        60.40411103537145
       ]
      ]
     ]
    ]
   },
   "properties": {
    "event_id": "CH4-WSP-030",
    "datetime_utc": "2021-07-02T06:56:56Z",
    "date_utc": "2021-07-02",
    "year": 2021,
    "month": 7,
    "centroid_lon": 74.10809124927215,
    "centroid_lat": 60.26706133008775,
    "area_km2": 633.4201331316057,
    "n_pixels": 13,
    "max_z": 9.303176346532046,
    "mean_z": 6.890586495836695,
    "max_delta": 49.660775993793095,
    "mean_delta": 28.205452684701893,
    "artifact_likely": 0,
    "corr_albedo": 0.10187326862912482,
    "nearest_source_type": "viirs_flare_high",
    "nearest_source_distance_km": 22.54144980771843,
    "matched_schuit_150km": 0,
    "matched_mars_150km": 0,
    "algorithm_version": "2.3.2",
    "config_id": "default_combine",
    "params_hash": "1d909d3a2b8d4c422affaf6f4b3a8cc878fe24201803592a5c6322488bfd25ba",
    "run_id": "default_combine_2021_combined_1d909d3a",
    "aoi_boundary": "zapsib",
    "artifact_likely_albedo_positive": 0,
    "build_date": "2026-05-14",
    "cluster_id": 1924145348734,
    "cluster_overlap_snow_fraction": 0,
    "count": 13,
    "enrichment_method": "numpy_eigh_with_cos_lat",
    "enrichment_stage": "axis_v1",
    "event_class": "wind_ambiguous",
    "inside_reference_clean_zone": 0,
    "intermediate_asset": "projects/nodal-thunder-481307-u1/assets/RuPlumeScan/catalog/CH4/events_2021_intermediate",
    "nearest_source_id": "viirs_0399",
    "orbit_date_millis": 1625209016000,
    "plume_axis_deg": 9.068441930997128,
    "qa_flags": "",
    "rna_version": "1.2",
    "stage_2_run_date": "2026-05-14T22:19:44.001182+00:00",
    "stage_3_match_radius_km": 150,
    "stage_3_run_date": "2026-05-23",
    "stage_3b_rescope_date": "2026-06-20",
    "surface_confounded_dark": 0,
    "td0044_reclassified": null,
    "wind_alignment_score": 0.31615642834398505,
    "wind_consistency_diff_deg": 83.92313688490373,
    "wind_consistent": 0,
    "wind_dir_deg": 70.61436338003847,
    "wind_level": "10m",
    "wind_levels_inconsistent_qa": 1,
    "wind_source": "ERA5_HOURLY_10m",
    "wind_speed": 3.414650589106606,
    "wind_state": "misaligned",
    "wind_u": -1.1334067583084106,
    "wind_u_850hPa": 9.514620780944824,
    "wind_v": -3.221060037612915,
    "wind_v_850hPa": -4.530599594116211,
    "zone_boundary_step_ppb": null
   }
  },
  {
   "type": "Feature",
   "geometry": {
    "type": "Polygon",
    "coordinates": [
     [
      [
       74.08885137682246,
       60.85916677093307
      ],
      [
       74.10590293736246,
       60.82795081951791
      ],
      [
       74.12295460306187,
       60.79673487648668
      ],
      [
       74.18285364701491,
       60.80554941968037
      ],
      [
       74.24275283117595,
       60.81436391069524
      ],
      [
       74.30265183230048,
       60.82317842144817
      ],
      [
       74.3625509751385,
       60.8319930105776
      ],
      [
       74.37930154125652,
       60.80073244513861
      ],
      [
       74.39605220318519,
       60.769471883695395
      ],
      [
       74.33623340979754,
       60.76070760558285
      ],
      [
       74.27641449788018,
       60.75194315688882
      ],
      [
       74.29320983608964,
       60.720691557207644
      ],
      [
       74.31000491790874,
       60.689439999311986
      ],
      [
       74.36971010220397,
       60.69818650626689
      ],
      [
       74.4294152785282,
       60.70693302533968
      ],
      [
       74.44602756885308,
       60.67565468342505
      ],
      [
       74.46263997706146,
       60.644376271701795
      ],
      [
       74.52233285298485,
       60.65300798295679
      ],
      [
       74.58202563974582,
       60.66163974235497
      ],
      [
       74.64171862027447,
       60.6702714206042
      ],
      [
       74.70141147315137,
       60.67890308990764
      ],
      [
       74.71772290214969,
       60.64758019928888
      ],
      [
       74.73403429638088,
       60.61625722072056
      ],
      [
       74.67442280979463,
       60.60767564407516
      ],
      [
       74.61481121187377,
       60.5990941157094
      ],
      [
       74.63113710773261,
       60.567773392870684
      ],
      [
       74.64746298018767,
       60.53645266853079
      ],
      [
       74.66378894751789,
       60.505131979524734
      ],
      [
       74.68011474380863,
       60.47381122680503
      ],
      [
       74.73949882731844,
       60.48236154076811
      ],
      [
       74.7988829642005,
       60.49091189486152
      ],
      [
       74.78270529432099,
       60.52225271603988
      ],
      [
       74.76652769523022,
       60.55359347835406
      ],
      [
       74.8260923265698,
       60.56209475712783
      ],
      [
       74.88565702708675,
       60.57059599128247
      ],
      [
       74.90172096240863,
       60.53923960619586
      ],
      [
       74.91778493123832,
       60.50788322128985
      ],
      [
       74.97730055424154,
       60.51630197863612
      ],
      [
       75.03681616253832,
       60.52472075096075
      ],
      [
       75.02086808782572,
       60.556095030801956
      ],
      [
       75.00492021262447,
       60.587469304013496
      ],
      [
       75.06461864195674,
       60.59583896096255
      ],
      [
       75.12431710905517,
       60.604208731671335
      ],
      [
       75.10036830535357,
       60.65126561174865
      ],
      [
       75.07641955151504,
       60.69832254419935
      ],
      [
       75.05247099414504,
       60.74537937650018
      ],
      [
       75.02852227361696,
       60.792436261690824
      ],
      [
       75.08863539079863,
       60.800788191119516
      ],
      [
       75.1487484511419,
       60.80914007047256
      ],
      [
       75.13276704529716,
       60.840509907054624
      ],
      [
       75.11678567337218,
       60.87187962892238
      ],
      [
       75.05655435089167,
       60.86350987299445
      ],
      [
       74.99632299418226,
       60.85514017053223
      ],
      [
       74.98015428713047,
       60.88648317694743
      ],
      [
       74.96398567190353,
       60.91782622972367
      ],
      [
       74.90373861955662,
       60.90934168780244
      ],
      [
       74.8434918274675,
       60.90085709580335
      ],
      [
       74.78324486430645,
       60.89237256697825
      ],
      [
       74.72299790423814,
       60.883888011183096
      ],
      [
       74.73939861433463,
       60.85257840949768
      ],
      [
       74.75579908047644,
       60.82126887018805
      ],
      [
       74.6957730156583,
       60.81270288381489
      ],
      [
       74.63574679399109,
       60.8041369667196
      ],
      [
       74.61919343908613,
       60.835425382901946
      ],
      [
       74.60264013914006,
       60.86671373791334
      ],
      [
       74.58608681292394,
       60.89800218172953
      ],
      [
       74.56953354341323,
       60.92929061060868
      ],
      [
       74.50934231347063,
       60.920624320432196
      ],
      [
       74.44915123041343,
       60.9119580744948
      ],
      [
       74.43234041872286,
       60.943209698212506
      ],
      [
       74.41552952191202,
       60.974461256746146
      ],
      [
       74.39871881009809,
       61.00571285100276
      ],
      [
       74.3819079587402,
       61.036964511617384
      ],
      [
       74.32155405428723,
       61.028197898444326
      ],
      [
       74.26120009924341,
       61.01943133717949
      ],
      [
       74.2781625419032,
       60.98820201117834
      ],
      [
       74.29512494866242,
       60.95697269662086
      ],
      [
       74.23495825752887,
       60.94815703095133
      ],
      [
       74.17479160308815,
       60.93934133594997
      ],
      [
       74.19180089581567,
       60.9081187434741
      ],
      [
       74.20881014374002,
       60.87689615115723
      ],
      [
       74.14883075457854,
       60.86803143163962
      ],
      [
       74.08885137682246,
       60.85916677093307
      ]
     ]
    ]
   },
   "properties": {
    "event_id": "CH4-WSP-031",
    "datetime_utc": "2021-07-02T06:56:56Z",
    "date_utc": "2021-07-02",
    "year": 2021,
    "month": 7,
    "centroid_lon": 74.67635845557338,
    "centroid_lat": 60.75727331454053,
    "area_km2": 1558.947077347357,
    "n_pixels": 32,
    "max_z": 8.529536125218575,
    "mean_z": 5.155849927436648,
    "max_delta": 54.12609146198315,
    "mean_delta": 20.60175989950306,
    "artifact_likely": 0,
    "corr_albedo": -0.26986831199673045,
    "nearest_source_type": "viirs_flare_high",
    "nearest_source_distance_km": 6.449361584606569,
    "matched_schuit_150km": 0,
    "matched_mars_150km": 0,
    "algorithm_version": "2.3.2",
    "config_id": "default_combine",
    "params_hash": "1d909d3a2b8d4c422affaf6f4b3a8cc878fe24201803592a5c6322488bfd25ba",
    "run_id": "default_combine_2021_combined_1d909d3a",
    "aoi_boundary": "zapsib",
    "artifact_likely_albedo_positive": 0,
    "build_date": "2026-05-14",
    "cluster_id": 1906965479542,
    "cluster_overlap_snow_fraction": 0,
    "count": 32,
    "enrichment_method": "numpy_eigh_with_cos_lat",
    "enrichment_stage": "axis_v1",
    "event_class": "wind_ambiguous",
    "inside_reference_clean_zone": 0,
    "intermediate_asset": "projects/nodal-thunder-481307-u1/assets/RuPlumeScan/catalog/CH4/events_2021_intermediate",
    "nearest_source_id": "viirs_0385",
    "orbit_date_millis": 1625209016000,
    "plume_axis_deg": 132.36985039274037,
    "qa_flags": "",
    "rna_version": "1.2",
    "stage_2_run_date": "2026-05-14T22:19:44.001182+00:00",
    "stage_3_match_radius_km": 150,
    "stage_3_run_date": "2026-05-23",
    "stage_3b_rescope_date": "2026-06-20",
    "surface_confounded_dark": 0,
    "td0044_reclassified": null,
    "wind_alignment_score": 0.45501542319433574,
    "wind_consistency_diff_deg": 66.3327632742562,
    "wind_consistent": 0,
    "wind_dir_deg": 83.32123848023059,
    "wind_level": "10m",
    "wind_levels_inconsistent_qa": 1,
    "wind_source": "ERA5_HOURLY_10m",
    "wind_speed": 3.890440856505473,
    "wind_state": "misaligned",
    "wind_u": -0.45246830582618713,
    "wind_u_850hPa": 9.360701560974121,
    "wind_v": -3.864039659500122,
    "wind_v_850hPa": -5.480038166046143,
    "zone_boundary_step_ppb": null
   }
  },
  {
   "type": "Feature",
   "geometry": {
    "type": "Polygon",
    "coordinates": [
     [
      [
       68.23290132096703,
       70.4630359088058
      ],
      [
       68.25836557480807,
       70.44084518663178
      ],
      [
       68.28382980695143,
       70.41865445465551
      ],
      [
       68.30929400085628,
       70.39646370784907
      ],
      [
       68.3347582549353,
       70.37427305155816
      ],
      [
       68.36022254137858,
       70.35208228751497
      ],
      [
       68.38568685427418,
       70.32989160387062
      ],
      [
       68.41115106197789,
       70.30770088527339
      ],
      [
       68.43661536590228,
       70.28551015411671
      ],
      [
       68.47923871424261,
       70.2913393506035
      ],
      [
       68.52186212488857,
       70.29716852547439
      ],
      [
       68.56448561847621,
       70.30299768792706
      ],
      [
       68.60710899736807,
       70.3088268200016
      ],
      [
       68.57357437233387,
       70.33846420513578
      ],
      [
       68.54003972026342,
       70.36810162901078
      ],
      [
       68.58292166447067,
       70.37388115392588
      ],
      [
       68.62580362463952,
       70.37966076587581
      ],
      [
       68.66868582757414,
       70.38544030798543
      ],
      [
       68.7115679723213,
       70.39121984543874
      ],
      [
       68.75445007998468,
       70.39699938756327
      ],
      [
       68.79733195239906,
       70.4027789167787
      ],
      [
       68.84021404951511,
       70.40855849620972
      ],
      [
       68.88309617341989,
       70.41433810817914
      ],
      [
       68.91619592295704,
       70.38463153165598
      ],
      [
       68.9492960187993,
       70.35492498491885
      ],
      [
       68.99221817117024,
       70.3606204176188
      ],
      [
       69.03514033798717,
       70.36631579833025
      ],
      [
       69.07806254001831,
       70.37201113618174
      ],
      [
       69.12098469755742,
       70.37770652367801
      ],
      [
       69.08810330935836,
       70.40744648633665
      ],
      [
       69.05522197382803,
       70.43718646299564
      ],
      [
       69.09840208735709,
       70.44283111349489
      ],
      [
       69.141582384275,
       70.44847584767001
      ],
      [
       69.18476264784938,
       70.4541204549695
      ],
      [
       69.22794291785515,
       70.45976513780619
      ],
      [
       69.2711233164898,
       70.46540982186107
      ],
      [
       69.31430342502951,
       70.4710544638263
      ],
      [
       69.35748370508283,
       70.47669912535095
      ],
      [
       69.40066395810928,
       70.48234378939085
      ],
      [
       69.36793184386418,
       70.51212391672159
      ],
      [
       69.33519986381823,
       70.54190399129818
      ],
      [
       69.30246795904273,
       70.57168410588326
      ],
      [
       69.26973594880359,
       70.60146424343091
      ],
      [
       69.22628188721328,
       70.59580895294411
      ],
      [
       69.18282795594577,
       70.59015375415561
      ],
      [
       69.13937411385913,
       70.58449844462564
      ],
      [
       69.09592013667995,
       70.57884318180753
      ],
      [
       69.12897546980454,
       70.54910544788287
      ],
      [
       69.1620306859997,
       70.51936770685661
      ],
      [
       69.11878868310033,
       70.51368346197404
      ],
      [
       69.0755464502551,
       70.50799922962351
      ],
      [
       69.03230440666267,
       70.50231505348626
      ],
      [
       68.98906219129269,
       70.49663078785946
      ],
      [
       68.95578385874457,
       70.52633731858207
      ],
      [
       68.92250568599654,
       70.55604385715559
      ],
      [
       68.87940531526154,
       70.55023086323
      ],
      [
       68.83630506470455,
       70.54441783785673
      ],
      [
       68.79320481004625,
       70.53860485483818
      ],
      [
       68.75010463217149,
       70.53279182160334
      ],
      [
       68.70700430362542,
       70.52697889494428
      ],
      [
       68.66390400851989,
       70.52116589916236
      ],
      [
       68.62080372566034,
       70.51535282483435
      ],
      [
       68.57770344733657,
       70.50953985572005
      ],
      [
       68.53460325504717,
       70.5037268993855
      ],
      [
       68.49150290686745,
       70.49791391911315
      ],
      [
       68.44840270577015,
       70.49210084978452
      ],
      [
       68.40530242244888,
       70.48628784781307
      ],
      [
       68.3622020350904,
       70.48047490365501
      ],
      [
       68.31910173102615,
       70.47466184211017
      ],
      [
       68.27600139553911,
       70.46884892975714
      ],
      [
       68.23290132096703,
       70.4630359088058
      ]
     ]
    ]
   },
   "properties": {
    "event_id": "CH4-WSP-032",
    "datetime_utc": "2021-07-08T06:44:06Z",
    "date_utc": "2021-07-08",
    "year": 2021,
    "month": 7,
    "centroid_lon": 68.78823356884622,
    "centroid_lat": 70.45137194001298,
    "area_km2": 631.7760515089969,
    "n_pixels": 13,
    "max_z": 8.276257009258194,
    "mean_z": 5.091357651502524,
    "max_delta": 68.966815259834,
    "mean_delta": 20.63943953639902,
    "artifact_likely": 0,
    "corr_albedo": -0.4514398141633836,
    "nearest_source_type": "gas_field",
    "nearest_source_distance_km": 9.974393540386238,
    "matched_schuit_150km": 1,
    "matched_mars_150km": 0,
    "algorithm_version": "2.3.2",
    "config_id": "default_combine",
    "params_hash": "1d909d3a2b8d4c422affaf6f4b3a8cc878fe24201803592a5c6322488bfd25ba",
    "run_id": "default_combine_2021_combined_1d909d3a",
    "aoi_boundary": "zapsib",
    "artifact_likely_albedo_positive": 0,
    "build_date": "2026-05-14",
    "cluster_id": 1236950581357,
    "cluster_overlap_snow_fraction": 0,
    "count": 13,
    "enrichment_method": "numpy_eigh_with_cos_lat",
    "enrichment_stage": "axis_v1",
    "event_class": "CH4_only",
    "inside_reference_clean_zone": 0,
    "intermediate_asset": "projects/nodal-thunder-481307-u1/assets/RuPlumeScan/catalog/CH4/events_2021_intermediate",
    "nearest_source_id": "ru_yamal_bovanenkovo",
    "orbit_date_millis": 1625726646000,
    "plume_axis_deg": 65.41646134885985,
    "qa_flags": "",
    "rna_version": "1.2",
    "stage_2_run_date": "2026-05-14T22:19:44.001182+00:00",
    "stage_3_match_radius_km": 150,
    "stage_3_run_date": "2026-05-23",
    "stage_3b_rescope_date": "2026-06-20",
    "surface_confounded_dark": 0,
    "td0044_reclassified": null,
    "wind_alignment_score": 0.6674497015923887,
    "wind_consistency_diff_deg": 92.48428817234867,
    "wind_consistent": 1,
    "wind_dir_deg": 215.48693449217484,
    "wind_level": "10m",
    "wind_levels_inconsistent_qa": 1,
    "wind_source": "ERA5_HOURLY_10m",
    "wind_speed": 3.1349123479340695,
    "wind_state": "aligned",
    "wind_u": 2.552595853805542,
    "wind_u_850hPa": 5.580994606018066,
    "wind_v": 1.8198708295822144,
    "wind_v_850hPa": -8.593109130859375,
    "zone_boundary_step_ppb": null
   }
  },
  {
   "type": "Feature",
   "geometry": {
    "type": "Polygon",
    "coordinates": [
     [
      [
       77.19573449409701,
       65.76921669657408
      ],
      [
       77.21220412077172,
       65.73790266540898
      ],
      [
       77.22867378474409,
       65.70658859787157
      ],
      [
       77.24514357891253,
       65.6752746147973
      ],
      [
       77.26161323007108,
       65.6439605289705
      ],
      [
       77.29787791522968,
       65.64748102532637
      ],
      [
       77.33414278172246,
       65.65100142440619
      ],
      [
       77.37040755695492,
       65.6545218905813
      ],
      [
       77.40667230105582,
       65.65804233955363
      ],
      [
       77.42284318670372,
       65.6266993795036
      ],
      [
       77.43901403499925,
       65.59535634052462
      ],
      [
       77.47523211124314,
       65.5988289111806
      ],
      [
       77.51145004701304,
       65.60230138549923
      ],
      [
       77.54766792026086,
       65.60577395734738
      ],
      [
       77.58388584175604,
       65.60924645432534
      ],
      [
       77.59980047406106,
       65.57788110965673
      ],
      [
       77.6157150123497,
       65.54651578606612
      ],
      [
       77.65188609674733,
       65.54993924389366
      ],
      [
       77.68805718680561,
       65.55336273765818
      ],
      [
       77.72422828984385,
       65.55678627072349
      ],
      [
       77.76039934087025,
       65.56020965623122
      ],
      [
       77.736666896136,
       65.60727332730461
      ],
      [
       77.71293439930979,
       65.65433683246371
      ],
      [
       77.68920191609551,
       65.70140047385905
      ],
      [
       77.66546964453312,
       65.74846401143922
      ],
      [
       77.62905590915052,
       65.74499487951005
      ],
      [
       77.59264245022918,
       65.74152563694845
      ],
      [
       77.55622875508283,
       65.73805651543465
      ],
      [
       77.51981532172758,
       65.73458727650343
      ],
      [
       77.48340163664109,
       65.73111815153831
      ],
      [
       77.44698814651817,
       65.72764899025651
      ],
      [
       77.4105744937136,
       65.72417976000585
      ],
      [
       77.37416096884324,
       65.72071057447873
      ],
      [
       77.35782502920027,
       65.7520380208324
      ],
      [
       77.34148918883514,
       65.78336539791485
      ],
      [
       77.30505051609174,
       65.77982826651673
      ],
      [
       77.26861172788854,
       65.77629105190425
      ],
      [
       77.2321731150491,
       65.77275386805022
      ],
      [
       77.19573449409701,
       65.76921669657408
      ]
     ]
    ]
   },
   "properties": {
    "event_id": "CH4-WSP-033",
    "datetime_utc": "2021-07-08T06:44:06Z",
    "date_utc": "2021-07-08",
    "year": 2021,
    "month": 7,
    "centroid_lon": 77.49760358209312,
    "centroid_lat": 65.67145802021764,
    "area_km2": 340.58004076721534,
    "n_pixels": 7,
    "max_z": 4.01596499913412,
    "mean_z": 3.376514048848605,
    "max_delta": 27.917965375383346,
    "mean_delta": 16.616113924892662,
    "artifact_likely": 0,
    "corr_albedo": 0.4717139495899731,
    "nearest_source_type": "gas_field",
    "nearest_source_distance_km": 32.34714715647389,
    "matched_schuit_150km": 1,
    "matched_mars_150km": 0,
    "algorithm_version": "2.3.2",
    "config_id": "default_combine",
    "params_hash": "1d909d3a2b8d4c422affaf6f4b3a8cc878fe24201803592a5c6322488bfd25ba",
    "run_id": "default_combine_2021_combined_1d909d3a",
    "aoi_boundary": "zapsib",
    "artifact_likely_albedo_positive": 0,
    "build_date": "2026-05-14",
    "cluster_id": 1610612736082,
    "cluster_overlap_snow_fraction": 0,
    "count": 7,
    "enrichment_method": "numpy_eigh_with_cos_lat",
    "enrichment_stage": "axis_v1",
    "event_class": "CH4_only",
    "inside_reference_clean_zone": 0,
    "intermediate_asset": "projects/nodal-thunder-481307-u1/assets/RuPlumeScan/catalog/CH4/events_2021_intermediate",
    "nearest_source_id": "manual_p_01_0d_yuzhno_russkoye",
    "orbit_date_millis": 1625726646000,
    "plume_axis_deg": 129.5053531667636,
    "qa_flags": "",
    "rna_version": "1.2",
    "stage_2_run_date": "2026-05-14T22:19:44.001182+00:00",
    "stage_3_match_radius_km": 150,
    "stage_3_run_date": "2026-05-23",
    "stage_3b_rescope_date": "2026-06-20",
    "surface_confounded_dark": 0,
    "td0044_reclassified": null,
    "wind_alignment_score": 0.7936001797619756,
    "wind_consistency_diff_deg": 15.345868583247295,
    "wind_consistent": 1,
    "wind_dir_deg": 110.9293693453414,
    "wind_level": "10m",
    "wind_levels_inconsistent_qa": 0,
    "wind_source": "ERA5_HOURLY_10m",
    "wind_speed": 6.219140829195659,
    "wind_state": "aligned",
    "wind_u": 2.2215816974639893,
    "wind_u_850hPa": 7.636517524719238,
    "wind_v": -5.808811187744141,
    "wind_v_850hPa": -10.405281066894531,
    "zone_boundary_step_ppb": null
   }
  },
  {
   "type": "Feature",
   "geometry": {
    "type": "MultiPolygon",
    "coordinates": [
     [
      [
       [
        78.8660021965972,
        65.79006741716879
       ],
       [
        78.85152806214539,
        65.82156203918258
       ],
       [
        78.83705373310463,
        65.85305674036395
       ],
       [
        78.80030743082513,
        65.84992864478141
       ],
       [
        78.76356107739412,
        65.84680057686008
       ],
       [
        78.72681484049164,
        65.8436725464326
       ],
       [
        78.69006841068155,
        65.84054443587475
       ],
       [
        78.70472096804166,
        65.80906541019972
       ],
       [
        78.71937370835818,
        65.77758643198635
       ],
       [
        78.75603080916055,
        65.78070668298749
       ],
       [
        78.79268802234976,
        65.78382690575413
       ],
       [
        78.82934513357385,
        65.78694717892311
       ],
       [
        78.8660021965972,
        65.79006741716879
       ]
      ]
     ],
     [
      [
       [
        78.8660021965972,
        65.79006741716879
       ],
       [
        78.88036393215957,
        65.75856169869445
       ],
       [
        78.8947255246194,
        65.72705583911664
       ],
       [
        78.90908720281531,
        65.69555006183957
       ],
       [
        78.92344881303032,
        65.66404428633392
       ],
       [
        78.9599805097232,
        65.66708879175759
       ],
       [
        78.996512273869,
        65.67013322565312
       ],
       [
        79.03304406592046,
        65.67317767950485
       ],
       [
        79.06957589249463,
        65.67622215628134
       ],
       [
        79.10610763238839,
        65.67926655784687
       ],
       [
        79.14263937454547,
        65.68231107691585
       ],
       [
        79.1791710431087,
        65.68535552683286
       ],
       [
        79.2157028175897,
        65.6883999230134
       ],
       [
        79.2017012895291,
        65.71993472176236
       ],
       [
        79.18769957121519,
        65.75146945102162
       ],
       [
        79.17369816437552,
        65.78300421549243
       ],
       [
        79.15969657360785,
        65.81453895672203
       ],
       [
        79.1229847167058,
        65.81148006862348
       ],
       [
        79.08627287571639,
        65.80842106169183
       ],
       [
        79.04956112694747,
        65.80536212268763
       ],
       [
        79.0128492891042,
        65.802303235984
       ],
       [
        78.97613762166654,
        65.7992442340341
       ],
       [
        78.9394258053563,
        65.79618536683076
       ],
       [
        78.90271397199673,
        65.79312636560567
       ],
       [
        78.8660021965972,
        65.79006741716879
       ]
      ]
     ]
    ]
   },
   "properties": {
    "event_id": "CH4-WSP-034",
    "datetime_utc": "2021-07-08T06:44:06Z",
    "date_utc": "2021-07-08",
    "year": 2021,
    "month": 7,
    "centroid_lon": 78.98870164911612,
    "centroid_lat": 65.75452884793202,
    "area_km2": 243.3686417823312,
    "n_pixels": 5,
    "max_z": 4.4671885177885455,
    "mean_z": 4.046522162305963,
    "max_delta": 30.1090815248524,
    "mean_delta": 18.426385474006164,
    "artifact_likely": 0,
    "corr_albedo": 0.0055414481035523395,
    "nearest_source_type": "viirs_flare_high",
    "nearest_source_distance_km": 4.642326211268442,
    "matched_schuit_150km": 1,
    "matched_mars_150km": 0,
    "algorithm_version": "2.3.2",
    "config_id": "default_combine",
    "params_hash": "1d909d3a2b8d4c422affaf6f4b3a8cc878fe24201803592a5c6322488bfd25ba",
    "run_id": "default_combine_2021_combined_1d909d3a",
    "aoi_boundary": "zapsib",
    "artifact_likely_albedo_positive": 0,
    "build_date": "2026-05-14",
    "cluster_id": 1614907703368,
    "cluster_overlap_snow_fraction": 0,
    "count": 5,
    "enrichment_method": "numpy_eigh_with_cos_lat",
    "enrichment_stage": "axis_v1",
    "event_class": "wind_ambiguous",
    "inside_reference_clean_zone": 0,
    "intermediate_asset": "projects/nodal-thunder-481307-u1/assets/RuPlumeScan/catalog/CH4/events_2021_intermediate",
    "nearest_source_id": "viirs_0190",
    "orbit_date_millis": 1625726646000,
    "plume_axis_deg": 140.0586891119844,
    "qa_flags": "",
    "rna_version": "1.2",
    "stage_2_run_date": "2026-05-14T22:19:44.001182+00:00",
    "stage_3_match_radius_km": 150,
    "stage_3_run_date": "2026-05-23",
    "stage_3b_rescope_date": "2026-06-20",
    "surface_confounded_dark": 0,
    "td0044_reclassified": null,
    "wind_alignment_score": 0.6651033001103137,
    "wind_consistency_diff_deg": 16.48205075286012,
    "wind_consistent": 0,
    "wind_dir_deg": 109.91798612191263,
    "wind_level": "10m",
    "wind_levels_inconsistent_qa": 0,
    "wind_source": "ERA5_HOURLY_10m",
    "wind_speed": 5.887417281455164,
    "wind_state": "misaligned",
    "wind_u": 2.0056941509246826,
    "wind_u_850hPa": 8.038959503173828,
    "wind_v": -5.535239219665527,
    "wind_v_850hPa": -10.903764724731445,
    "zone_boundary_step_ppb": null
   }
  },
  {
   "type": "Feature",
   "geometry": {
    "type": "Polygon",
    "coordinates": [
     [
      [
       70.67531589852457,
       60.288798644270074
      ],
      [
       70.69551563900343,
       60.25812451462857
      ],
      [
       70.71571521810368,
       60.227450385980475
      ],
      [
       70.77341043838598,
       60.23812212186173
      ],
      [
       70.83110574719099,
       60.24879389289124
      ],
      [
       70.88880094768591,
       60.25946559997587
      ],
      [
       70.94649600485381,
       60.270137352263376
      ],
      [
       70.96641040124712,
       60.23941191981513
      ],
      [
       70.98632471194905,
       60.20868648861739
      ],
      [
       71.04403893003324,
       60.21924559807158
      ],
      [
       71.1017529946881,
       60.229804784566106
      ],
      [
       71.08190109917018,
       60.26054472666174
      ],
      [
       71.06204915917982,
       60.29128464068722
      ],
      [
       71.04219735273779,
       60.32202453396843
      ],
      [
       71.0223454980029,
       60.35276445257965
      ],
      [
       71.08034721285674,
       60.3632990994224
      ],
      [
       71.13834891083245,
       60.37383376150539
      ],
      [
       71.11847919440885,
       60.404574794200286
      ],
      [
       71.09860944124534,
       60.43531585980981
      ],
      [
       71.15679396710514,
       60.445810330387424
      ],
      [
       71.21497850042778,
       60.4563048179227
      ],
      [
       71.19509316417275,
       60.487048053911785
      ],
      [
       71.17520780695465,
       60.51779133185161
      ],
      [
       71.15532245957344,
       60.54853463751872
      ],
      [
       71.13543721868395,
       60.57927787433573
      ],
      [
       71.19391377303494,
       60.58974558742911
      ],
      [
       71.25239040097271,
       60.60021333512698
      ],
      [
       71.2324894721666,
       60.63095886922234
      ],
      [
       71.21258845108153,
       60.66170440432477
      ],
      [
       71.15404715627146,
       60.65118425245703
      ],
      [
       71.09550590929742,
       60.64066407988964
      ],
      [
       71.03696461128517,
       60.63014394159422
      ],
      [
       70.97842322930181,
       60.61962381001105
      ],
      [
       70.9984947371034,
       60.58891177549739
      ],
      [
       71.01856633143605,
       60.558199743521676
      ],
      [
       71.03863789885955,
       60.527487623830865
      ],
      [
       71.05870942474098,
       60.496775616777434
      ],
      [
       71.00050245644114,
       60.48620080443827
      ],
      [
       70.94229560470174,
       60.47562605321817
      ],
      [
       70.96234824897998,
       60.44491624473437
      ],
      [
       70.98240076153259,
       60.41420643672227
      ],
      [
       70.92441918562984,
       60.403556958532796
      ],
      [
       70.86643740012414,
       60.3929075254934
      ],
      [
       70.8084557347624,
       60.38225807214632
      ],
      [
       70.75047394381222,
       60.371608631293896
      ],
      [
       70.77065152032087,
       60.340925545041024
      ],
      [
       70.79082888461527,
       60.31024246557161
      ],
      [
       70.73307233373536,
       60.29952060564315
      ],
      [
       70.67531589852457,
       60.288798644270074
      ]
     ]
    ]
   },
   "properties": {
    "event_id": "CH4-WSP-035",
    "datetime_utc": "2021-07-23T07:02:30Z",
    "date_utc": "2021-07-23",
    "year": 2021,
    "month": 7,
    "centroid_lon": 70.99540591026532,
    "centroid_lat": 60.41077826433579,
    "area_km2": 584.5870136735061,
    "n_pixels": 12,
    "max_z": 12.39024831971379,
    "mean_z": 9.869086397077,
    "max_delta": 32.71180520459916,
    "mean_delta": 13.23062328986943,
    "artifact_likely": 0,
    "corr_albedo": -0.2320478479095932,
    "nearest_source_type": "viirs_flare_high",
    "nearest_source_distance_km": 13.270316491160878,
    "matched_schuit_150km": 0,
    "matched_mars_150km": 0,
    "algorithm_version": "2.3.2",
    "config_id": "default_combine",
    "params_hash": "1d909d3a2b8d4c422affaf6f4b3a8cc878fe24201803592a5c6322488bfd25ba",
    "run_id": "default_combine_2021_combined_1d909d3a",
    "aoi_boundary": "zapsib",
    "artifact_likely_albedo_positive": 0,
    "build_date": "2026-05-14",
    "cluster_id": 1881195675797,
    "cluster_overlap_snow_fraction": 0,
    "count": 12,
    "enrichment_method": "numpy_eigh_with_cos_lat",
    "enrichment_stage": "axis_v1",
    "event_class": "wind_ambiguous",
    "inside_reference_clean_zone": 0,
    "intermediate_asset": "projects/nodal-thunder-481307-u1/assets/RuPlumeScan/catalog/CH4/events_2021_intermediate",
    "nearest_source_id": "viirs_0316",
    "orbit_date_millis": 1627023750000,
    "plume_axis_deg": 23.324028505330958,
    "qa_flags": "",
    "rna_version": "1.2",
    "stage_2_run_date": "2026-05-14T22:19:44.001182+00:00",
    "stage_3_match_radius_km": 150,
    "stage_3_run_date": "2026-05-23",
    "stage_3b_rescope_date": "2026-06-20",
    "surface_confounded_dark": 0,
    "td0044_reclassified": null,
    "wind_alignment_score": 0.2979324191807696,
    "wind_consistency_diff_deg": 11.578301425818665,
    "wind_consistent": 0,
    "wind_dir_deg": 266.5101107790617,
    "wind_level": "10m",
    "wind_levels_inconsistent_qa": 0,
    "wind_source": "ERA5_HOURLY_10m",
    "wind_speed": 6.239795629713804,
    "wind_state": "misaligned",
    "wind_u": 0.37983134388923645,
    "wind_u_850hPa": 3.5376243591308594,
    "wind_v": 6.228224277496338,
    "wind_v_850hPa": 13.140019416809082,
    "zone_boundary_step_ppb": null
   }
  },
  {
   "type": "Feature",
   "geometry": {
    "type": "Polygon",
    "coordinates": [
     [
      [
       71.11391303594945,
       59.406694872621
      ],
      [
       71.13311619687741,
       59.37587130312118
      ],
      [
       71.15231934908925,
       59.34504776705247
      ],
      [
       71.1945118885429,
       59.35287234376116
      ],
      [
       71.23670438720384,
       59.36069700213682
      ],
      [
       71.2788969827877,
       59.36852158920035
      ],
      [
       71.3210896229961,
       59.3763461969331
      ],
      [
       71.3632821763697,
       59.384170814574475
      ],
      [
       71.40547471689825,
       59.39199537078195
      ],
      [
       71.44766727275918,
       59.39982006056658
      ],
      [
       71.48985990069994,
       59.40764462776821
      ],
      [
       71.47091319543873,
       59.43851829515257
      ],
      [
       71.45196640937803,
       59.469391985092656
      ],
      [
       71.43301971546744,
       59.50026570233479
      ],
      [
       71.41407300076939,
       59.53113940966753
      ],
      [
       71.3575828157961,
       59.520699563940894
      ],
      [
       71.30109272249518,
       59.51025970991802
      ],
      [
       71.24460255083336,
       59.49981980160538
      ],
      [
       71.18811249702122,
       59.48937993843413
      ],
      [
       71.20729332328031,
       59.45854969562538
      ],
      [
       71.22647409544638,
       59.4277194893451
      ],
      [
       71.17019363299326,
       59.41720721100869
      ],
      [
       71.11391303594945,
       59.406694872621
      ]
     ]
    ]
   },
   "properties": {
    "event_id": "CH4-WSP-036",
    "datetime_utc": "2021-07-23T07:02:30Z",
    "date_utc": "2021-07-23",
    "year": 2021,
    "month": 7,
    "centroid_lon": 71.30916009313891,
    "centroid_lat": 59.436101219031755,
    "area_km2": 243.792994999346,
    "n_pixels": 5,
    "max_z": 6.768336539918788,
    "mean_z": 6.043271157796271,
    "max_delta": 15.783281269306144,
    "mean_delta": 7.021097654998001,
    "artifact_likely": 0,
    "corr_albedo": 0.12771351435534528,
    "nearest_source_type": "viirs_flare_high",
    "nearest_source_distance_km": 18.3087736770071,
    "matched_schuit_150km": 0,
    "matched_mars_150km": 0,
    "algorithm_version": "2.3.2",
    "config_id": "default_combine",
    "params_hash": "1d909d3a2b8d4c422affaf6f4b3a8cc878fe24201803592a5c6322488bfd25ba",
    "run_id": "default_combine_2021_combined_1d909d3a",
    "aoi_boundary": "zapsib",
    "artifact_likely_albedo_positive": 0,
    "build_date": "2026-05-14",
    "cluster_id": 1954210119833,
    "cluster_overlap_snow_fraction": 0,
    "count": 5,
    "enrichment_method": "numpy_eigh_with_cos_lat",
    "enrichment_stage": "axis_v1",
    "event_class": "wind_ambiguous",
    "inside_reference_clean_zone": 0,
    "intermediate_asset": "projects/nodal-thunder-481307-u1/assets/RuPlumeScan/catalog/CH4/events_2021_intermediate",
    "nearest_source_id": "viirs_0387",
    "orbit_date_millis": 1627023750000,
    "plume_axis_deg": 47.80325794927677,
    "qa_flags": "",
    "rna_version": "1.2",
    "stage_2_run_date": "2026-05-14T22:19:44.001182+00:00",
    "stage_3_match_radius_km": 150,
    "stage_3_run_date": "2026-05-23",
    "stage_3b_rescope_date": "2026-06-20",
    "surface_confounded_dark": 0,
    "td0044_reclassified": null,
    "wind_alignment_score": 0.5075685942425758,
    "wind_consistency_diff_deg": 26.20552715278467,
    "wind_consistent": 0,
    "wind_dir_deg": 272.12208446744495,
    "wind_level": "10m",
    "wind_levels_inconsistent_qa": 0,
    "wind_source": "ERA5_HOURLY_10m",
    "wind_speed": 6.713182518373726,
    "wind_state": "misaligned",
    "wind_u": -0.24858172237873077,
    "wind_u_850hPa": 6.608119964599609,
    "wind_v": 6.708578586578369,
    "wind_v_850hPa": 14.784097671508789,
    "zone_boundary_step_ppb": null
   }
  },
  {
   "type": "Feature",
   "geometry": {
    "type": "Polygon",
    "coordinates": [
     [
      [
       71.37082857135925,
       60.41559770342314
      ],
      [
       71.39040848718615,
       60.38480532575659
      ],
      [
       71.40998845398855,
       60.3540129832454
      ],
      [
       71.46812397603875,
       60.36434032714465
      ],
      [
       71.52625946766655,
       60.37466753832171
      ],
      [
       71.54561649696751,
       60.34383842996384
      ],
      [
       71.56497346815418,
       60.313009366612526
      ],
      [
       71.5843304149304,
       60.28218028095744
      ],
      [
       71.60368737059896,
       60.25135110574019
      ],
      [
       71.66173038709859,
       60.261545785558845
      ],
      [
       71.7197732837983,
       60.2717403445057
      ],
      [
       71.77781625728372,
       60.28193501531845
      ],
      [
       71.83585931770048,
       60.292129637678784
      ],
      [
       71.81671305150508,
       60.32299658192776
      ],
      [
       71.79756687728985,
       60.35386366372596
      ],
      [
       71.77842051064111,
       60.384730639911695
      ],
      [
       71.75927436005807,
       60.41559764005139
      ],
      [
       71.70098046304103,
       60.4053974600382
      ],
      [
       71.6426865803994,
       60.3951973087263
      ],
      [
       71.62331845306718,
       60.42602971687665
      ],
      [
       71.6039504393712,
       60.45686220163249
      ],
      [
       71.54566991847335,
       60.44654601489021
      ],
      [
       71.48738953147719,
       60.43622992887472
      ],
      [
       71.4291090159456,
       60.42591379222694
      ],
      [
       71.37082857135925,
       60.41559770342314
      ]
     ]
    ]
   },
   "properties": {
    "event_id": "CH4-WSP-037",
    "datetime_utc": "2021-07-23T07:02:30Z",
    "date_utc": "2021-07-23",
    "year": 2021,
    "month": 7,
    "centroid_lon": 71.62321471095663,
    "centroid_lat": 60.35747548718621,
    "area_km2": 292.34084974196924,
    "n_pixels": 6,
    "max_z": 11.319945584458331,
    "mean_z": 6.855730227493958,
    "max_delta": 31.45227696977622,
    "mean_delta": 13.96767760095291,
    "artifact_likely": 0,
    "corr_albedo": 0.3005539060698206,
    "nearest_source_type": "viirs_flare_high",
    "nearest_source_distance_km": 24.759401321470822,
    "matched_schuit_150km": 0,
    "matched_mars_150km": 0,
    "algorithm_version": "2.3.2",
    "config_id": "default_combine",
    "params_hash": "1d909d3a2b8d4c422affaf6f4b3a8cc878fe24201803592a5c6322488bfd25ba",
    "run_id": "default_combine_2021_combined_1d909d3a",
    "aoi_boundary": "zapsib",
    "artifact_likely_albedo_positive": 0,
    "build_date": "2026-05-14",
    "cluster_id": 1902670512274,
    "cluster_overlap_snow_fraction": 0,
    "count": 6,
    "enrichment_method": "numpy_eigh_with_cos_lat",
    "enrichment_stage": "axis_v1",
    "event_class": "wind_ambiguous",
    "inside_reference_clean_zone": 0,
    "intermediate_asset": "projects/nodal-thunder-481307-u1/assets/RuPlumeScan/catalog/CH4/events_2021_intermediate",
    "nearest_source_id": "viirs_0346",
    "orbit_date_millis": 1627023750000,
    "plume_axis_deg": 131.75920795239722,
    "qa_flags": "",
    "rna_version": "1.2",
    "stage_2_run_date": "2026-05-14T22:19:44.001182+00:00",
    "stage_3_match_radius_km": 150,
    "stage_3_run_date": "2026-05-23",
    "stage_3b_rescope_date": "2026-06-20",
    "surface_confounded_dark": 0,
    "td0044_reclassified": null,
    "wind_alignment_score": 0.5229049277370361,
    "wind_consistency_diff_deg": 15.129421151051929,
    "wind_consistent": 0,
    "wind_dir_deg": 268.8206514487305,
    "wind_level": "10m",
    "wind_levels_inconsistent_qa": 0,
    "wind_source": "ERA5_HOURLY_10m",
    "wind_speed": 6.541319349252157,
    "wind_state": "misaligned",
    "wind_u": 0.1346338391304016,
    "wind_u_850hPa": 3.8384571075439453,
    "wind_v": 6.539933681488037,
    "wind_v_850hPa": 13.11904525756836,
    "zone_boundary_step_ppb": null
   }
  },
  {
   "type": "Feature",
   "geometry": {
    "type": "Polygon",
    "coordinates": [
     [
      [
       71.56504922695763,
       60.92914791224247
      ],
      [
       71.57977600926343,
       60.906047479345844
      ],
      [
       71.59450267211892,
       60.88294715423357
      ],
      [
       71.60922948226678,
       60.859846798496655
      ],
      [
       71.6239561272474,
       60.83674637592285
      ],
      [
       71.63868282875497,
       60.81364601780604
      ],
      [
       71.65340963824123,
       60.79054564738726
      ],
      [
       71.6681363932401,
       60.767445249694966
      ],
      [
       71.6828631656097,
       60.744344934768954
      ],
      [
       71.74184809837563,
       60.75451386234969
      ],
      [
       71.80083310865899,
       60.764682858451074
      ],
      [
       71.82019894781398,
       60.73384143137321
      ],
      [
       71.83956475977799,
       60.703000136831555
      ],
      [
       71.78068691390226,
       60.69284900293491
      ],
      [
       71.72180899774115,
       60.68269781305011
      ],
      [
       71.73629546690053,
       60.65956235105364
      ],
      [
       71.7507819732363,
       60.63642685362944
      ],
      [
       71.76526850381539,
       60.61329132715047
      ],
      [
       71.77975498201619,
       60.59015586079196
      ],
      [
       71.79424145883958,
       60.56702037813959
      ],
      [
       71.80872792141977,
       60.5438848855904
      ],
      [
       71.82321450477771,
       60.52074941034767
      ],
      [
       71.83770090024124,
       60.497613917203175
      ],
      [
       71.89629570432453,
       60.507675889901215
      ],
      [
       71.95489062779507,
       60.51773786295186
      ],
      [
       72.0134854061566,
       60.52779982103312
      ],
      [
       72.07208028111127,
       60.537861727855194
      ],
      [
       72.05775539953893,
       60.56102565309392
      ],
      [
       72.04343049023134,
       60.58418954941573
      ],
      [
       72.02910565128059,
       60.60735351377166
      ],
      [
       72.01478081034536,
       60.63051743615441
      ],
      [
       72.00045598029992,
       60.6536813100183
      ],
      [
       71.98613104765953,
       60.676845294771006
      ],
      [
       71.97180621465212,
       60.70000913497877
      ],
      [
       71.95748130438206,
       60.72317307305163
      ],
      [
       72.01651754987972,
       60.733194921875146
      ],
      [
       72.07555388525311,
       60.74321671063843
      ],
      [
       72.0564064456706,
       60.77409822568335
      ],
      [
       72.03725903571103,
       60.804979729740666
      ],
      [
       72.0964826799667,
       60.81495920043904
      ],
      [
       72.1557062142715,
       60.82493867227997
      ],
      [
       72.13646907309318,
       60.85581125210462
      ],
      [
       72.11723196006332,
       60.886683816613335
      ],
      [
       72.09799484277485,
       60.917556433837845
      ],
      [
       72.0787578151643,
       60.94842900548686
      ],
      [
       72.05952063117914,
       60.97930166223381
      ],
      [
       72.04028344788937,
       61.01017422254739
      ],
      [
       72.02104638259252,
       61.04104677515906
      ],
      [
       72.00180925172272,
       61.071919367560085
      ],
      [
       71.95712018037503,
       61.0643294756674
      ],
      [
       71.91243106524232,
       61.05673952811871
      ],
      [
       71.86774189206781,
       61.0491495133703
      ],
      [
       71.82305281889565,
       61.041559627888326
      ],
      [
       71.77836365880606,
       61.03396965216301
      ],
      [
       71.73367463405866,
       61.026379699706204
      ],
      [
       71.68898542931407,
       61.018789716938755
      ],
      [
       71.64429626625618,
       61.01119981740146
      ],
      [
       71.66398558653663,
       60.98040301519519
      ],
      [
       71.683674638041,
       60.94960620862074
      ],
      [
       71.62436193487756,
       60.9393770184917
      ],
      [
       71.56504922695763,
       60.92914791224247
      ]
     ]
    ]
   },
   "properties": {
    "event_id": "CH4-WSP-038",
    "datetime_utc": "2021-07-23T07:02:30Z",
    "date_utc": "2021-07-23",
    "year": 2021,
    "month": 7,
    "centroid_lon": 71.87470993009188,
    "centroid_lat": 60.814331651172516,
    "area_km2": 1120.1777612085968,
    "n_pixels": 23,
    "max_z": 15.690690374621266,
    "mean_z": 8.038585427833796,
    "max_delta": 35.27444855233193,
    "mean_delta": 14.597195908202174,
    "artifact_likely": 0,
    "corr_albedo": -0.03672624395470024,
    "nearest_source_type": "viirs_flare_high",
    "nearest_source_distance_km": 17.586008556111164,
    "matched_schuit_150km": 0,
    "matched_mars_150km": 0,
    "algorithm_version": "2.3.2",
    "config_id": "default_combine",
    "params_hash": "1d909d3a2b8d4c422affaf6f4b3a8cc878fe24201803592a5c6322488bfd25ba",
    "run_id": "default_combine_2021_combined_1d909d3a",
    "aoi_boundary": "zapsib",
    "artifact_likely_albedo_positive": 0,
    "build_date": "2026-05-14",
    "cluster_id": 1864015806605,
    "cluster_overlap_snow_fraction": 0,
    "count": 23,
    "enrichment_method": "numpy_eigh_with_cos_lat",
    "enrichment_stage": "axis_v1",
    "event_class": "wind_ambiguous",
    "inside_reference_clean_zone": 0,
    "intermediate_asset": "projects/nodal-thunder-481307-u1/assets/RuPlumeScan/catalog/CH4/events_2021_intermediate",
    "nearest_source_id": "viirs_0329",
    "orbit_date_millis": 1627023750000,
    "plume_axis_deg": 176.3673785951941,
    "qa_flags": "",
    "rna_version": "1.2",
    "stage_2_run_date": "2026-05-14T22:19:44.001182+00:00",
    "stage_3_match_radius_km": 150,
    "stage_3_run_date": "2026-05-23",
    "stage_3b_rescope_date": "2026-06-20",
    "surface_confounded_dark": 0,
    "td0044_reclassified": null,
    "wind_alignment_score": 0.05532061038228764,
    "wind_consistency_diff_deg": 11.323700325282005,
    "wind_consistent": 0,
    "wind_dir_deg": 271.3462335296,
    "wind_level": "10m",
    "wind_levels_inconsistent_qa": 0,
    "wind_source": "ERA5_HOURLY_10m",
    "wind_speed": 7.216414600542753,
    "wind_state": "misaligned",
    "wind_u": -0.16954277455806732,
    "wind_u_850hPa": 2.276132583618164,
    "wind_v": 7.214422702789307,
    "wind_v_850hPa": 12.938342094421387,
    "zone_boundary_step_ppb": null
   }
  },
  {
   "type": "Feature",
   "geometry": {
    "type": "Polygon",
    "coordinates": [
     [
      [
       74.75579908047644,
       60.82126887018805
      ],
      [
       74.77213496459306,
       60.78995031954667
      ],
      [
       74.78847090090824,
       60.75863182768281
      ],
      [
       74.84844811229443,
       60.767115316012756
      ],
      [
       74.90842519211769,
       60.77559876552759
      ],
      [
       74.92457613330996,
       60.74425352324016
      ],
      [
       74.94072686370967,
       60.71290824552746
      ],
      [
       74.88086343470886,
       60.70444042517453
      ],
      [
       74.82100010135566,
       60.69597257785379
      ],
      [
       74.83719780539366,
       60.664634032063155
      ],
      [
       74.85339543655758,
       60.63329545708714
      ],
      [
       74.9131428722809,
       60.64174544579994
      ],
      [
       74.97289047547238,
       60.65019540411666
      ],
      [
       74.98890527313861,
       60.618832297687774
      ],
      [
       75.00492021262447,
       60.587469304013496
      ],
      [
       75.06461864195674,
       60.59583896096255
      ],
      [
       75.12431710905517,
       60.604208731671335
      ],
      [
       75.10427570496411,
       60.64341088332152
      ],
      [
       75.08423413942565,
       60.68261309854779
      ],
      [
       75.06419281255768,
       60.721815286858885
      ],
      [
       75.0441512855884,
       60.76101744384861
      ],
      [
       75.02410985300901,
       60.80021964865817
      ],
      [
       75.00406842175582,
       60.83942184559501
      ],
      [
       74.98402704576245,
       60.87862399571433
      ],
      [
       74.96398567190353,
       60.91782622972367
      ],
      [
       74.90370302774106,
       60.90937625666953
      ],
      [
       74.84342048027344,
       60.90092618985216
      ],
      [
       74.85970736964454,
       60.86959879571708
      ],
      [
       74.87599423035982,
       60.83827137105822
      ],
      [
       74.81589661103456,
       60.829770123635555
      ],
      [
       74.75579908047644,
       60.82126887018805
      ]
     ]
    ]
   },
   "properties": {
    "event_id": "CH4-WSP-039",
    "datetime_utc": "2021-07-23T07:02:30Z",
    "date_utc": "2021-07-23",
    "year": 2021,
    "month": 7,
    "centroid_lon": 74.95013173115595,
    "centroid_lat": 60.74782488004463,
    "area_km2": 340.49484185410057,
    "n_pixels": 7,
    "max_z": 16.267918459761074,
    "mean_z": 12.263971931464463,
    "max_delta": 38.906329847870666,
    "mean_delta": 17.978039175727492,
    "artifact_likely": 0,
    "corr_albedo": -0.26947788384125404,
    "nearest_source_type": "viirs_flare_high",
    "nearest_source_distance_km": 21.346185184604636,
    "matched_schuit_150km": 0,
    "matched_mars_150km": 0,
    "algorithm_version": "2.3.2",
    "config_id": "default_combine",
    "params_hash": "1d909d3a2b8d4c422affaf6f4b3a8cc878fe24201803592a5c6322488bfd25ba",
    "run_id": "default_combine_2021_combined_1d909d3a",
    "aoi_boundary": "zapsib",
    "artifact_likely_albedo_positive": 0,
    "build_date": "2026-05-14",
    "cluster_id": 1902670512247,
    "cluster_overlap_snow_fraction": 0,
    "count": 7,
    "enrichment_method": "numpy_eigh_with_cos_lat",
    "enrichment_stage": "axis_v1",
    "event_class": "wind_ambiguous",
    "inside_reference_clean_zone": 0,
    "intermediate_asset": "projects/nodal-thunder-481307-u1/assets/RuPlumeScan/catalog/CH4/events_2021_intermediate",
    "nearest_source_id": "viirs_0385",
    "orbit_date_millis": 1627023750000,
    "plume_axis_deg": 171.37552957155813,
    "qa_flags": "",
    "rna_version": "1.2",
    "stage_2_run_date": "2026-05-14T22:19:44.001182+00:00",
    "stage_3_match_radius_km": 150,
    "stage_3_run_date": "2026-05-23",
    "stage_3b_rescope_date": "2026-06-20",
    "surface_confounded_dark": 0,
    "td0044_reclassified": null,
    "wind_alignment_score": 0.1768175109203295,
    "wind_consistency_diff_deg": 27.140591091280783,
    "wind_consistent": 0,
    "wind_dir_deg": 277.2891055543878,
    "wind_level": "10m",
    "wind_levels_inconsistent_qa": 0,
    "wind_source": "ERA5_HOURLY_10m",
    "wind_speed": 6.623921357217663,
    "wind_state": "misaligned",
    "wind_u": -0.840416669845581,
    "wind_u_850hPa": 4.185417175292969,
    "wind_v": 6.570390701293945,
    "wind_v_850hPa": 11.592747688293457,
    "zone_boundary_step_ppb": null
   }
  },
  {
   "type": "Feature",
   "geometry": {
    "type": "MultiPolygon",
    "coordinates": [
     [
      [
       [
        66.13982604857871,
        61.166242714540694
       ],
       [
        66.19747325603089,
        61.179330203142264
       ],
       [
        66.25512050876118,
        61.1924176245083
       ],
       [
        66.22968804257079,
        61.222092952370865
       ],
       [
        66.20425556175805,
        61.2517682986565
       ],
       [
        66.14651232219089,
        61.23865632944992
       ],
       [
        66.08876919778602,
        61.22554430883649
       ],
       [
        66.11429764225493,
        61.19589353505123
       ],
       [
        66.13982604857871,
        61.166242714540694
       ]
      ]
     ],
     [
      [
       [
        65.83038668992701,
        61.52157067542876
       ],
       [
        65.80423397149922,
        61.55112330991867
       ],
       [
        65.77808139939798,
        61.580676082838934
       ],
       [
        65.83638862423268,
        61.59393746466407
       ],
       [
        65.89469578034596,
        61.60719878529901
       ],
       [
        65.86852979537905,
        61.63676264993228
       ],
       [
        65.84236383301263,
        61.666326464049206
       ],
       [
        65.78396074864213,
        61.653040557989534
       ],
       [
        65.72555758231232,
        61.63975468498492
       ],
       [
        65.69919087410702,
        61.66927617952926
       ],
       [
        65.67282424931561,
        61.6987976329252
       ],
       [
        65.61443463083606,
        61.68542258067661
       ],
       [
        65.55604493194316,
        61.672047493823996
       ],
       [
        65.57581101079633,
        61.64991360986197
       ],
       [
        65.59557706194403,
        61.62777974773471
       ],
       [
        65.61534307177266,
        61.605645908405734
       ],
       [
        65.63510926685761,
        61.58351204325886
       ],
       [
        65.65487523828804,
        61.56137817349183
       ],
       [
        65.67464136708243,
        61.53924427980731
       ],
       [
        65.69440755390325,
        61.51711044204522
       ],
       [
        65.71417347617682,
        61.494976602721245
       ],
       [
        65.77228012567484,
        61.50827361260541
       ],
       [
        65.83038668992701,
        61.52157067542876
       ]
      ]
     ],
     [
      [
       [
        66.57130643121798,
        60.98056575010314
       ],
       [
        66.54637324004445,
        61.01032806166925
       ],
       [
        66.52144033086552,
        61.04009028776352
       ],
       [
        66.46396913942692,
        61.02713661445854
       ],
       [
        66.40649801678424,
        61.014182927964555
       ],
       [
        66.38137100475086,
        61.04390503931398
       ],
       [
        66.35624402511577,
        61.07362720127124
       ],
       [
        66.41380641005912,
        61.08660543594806
       ],
       [
        66.47136901461637,
        61.09958359941715
       ],
       [
        66.44623302136618,
        61.129314693808105
       ],
       [
        66.42109717165933,
        61.159045785853856
       ],
       [
        66.36349103908485,
        61.146011798025725
       ],
       [
        66.30588507521557,
        61.13297786830282
       ],
       [
        66.24827909019795,
        61.11994393405206
       ],
       [
        66.19067304712215,
        61.106909960728046
       ],
       [
        66.20958909124359,
        61.08463672076695
       ],
       [
        66.22850522215423,
        61.06236352752247
       ],
       [
        66.24742127404913,
        61.04009035450781
       ],
       [
        66.26633731556872,
        61.01781712454929
       ],
       [
        66.28525348472955,
        60.99554386788768
       ],
       [
        66.30416945202535,
        60.97327071644319
       ],
       [
        66.32308560119972,
        60.950997462998714
       ],
       [
        66.3420016030997,
        60.92872423956547
       ],
       [
        66.39932775079096,
        60.941684649092274
       ],
       [
        66.45665393928914,
        60.95464501951105
       ],
       [
        66.51398020456338,
        60.96760538457606
       ],
       [
        66.57130643121798,
        60.98056575010314
       ]
      ]
     ],
     [
      [
       [
        66.57130643121798,
        60.98056575010314
       ],
       [
        66.59614137369206,
        60.95078790030368
       ],
       [
        66.62097634626747,
        60.92101005332271
       ],
       [
        66.67840845398274,
        60.933826569263964
       ],
       [
        66.73584053776752,
        60.94664316870676
       ],
       [
        66.79327264340576,
        60.95945969862983
       ],
       [
        66.85070472667783,
        60.97227627204816
       ],
       [
        66.87525210559754,
        60.9424360415744
       ],
       [
        66.89979948433528,
        60.91259568784442
       ],
       [
        66.95728392624426,
        60.92529519436423
       ],
       [
        67.01476846205011,
        60.93799469973041
       ],
       [
        66.99016658299453,
        60.96783614052677
       ],
       [
        66.96556449514307,
        60.99767754909428
       ],
       [
        66.94096253452818,
        61.02751897429615
       ],
       [
        66.91636058227917,
        61.057360383036645
       ],
       [
        66.89175859083734,
        61.08720184923603
       ],
       [
        66.86715652067056,
        61.117043259990744
       ],
       [
        66.84255470917411,
        61.14688466464502
       ],
       [
        66.81795265092666,
        61.17672605450429
       ],
       [
        66.87591869864556,
        61.18946124817885
       ],
       [
        66.93388481604946,
        61.202196437478136
       ],
       [
        66.91524304350142,
        61.22455551420587
       ],
       [
        66.89660123487391,
        61.24691457784495
       ],
       [
        66.87795940398588,
        61.26927362616363
       ],
       [
        66.85931756466707,
        61.291632656941566
       ],
       [
        66.84067564975074,
        61.313991747714645
       ],
       [
        66.8220338349916,
        61.33635073679308
       ],
       [
        66.80339197212622,
        61.35870978147757
       ],
       [
        66.78475030974239,
        61.38106882756857
       ],
       [
        66.72649647944607,
        61.36826005189803
       ],
       [
        66.66824278501275,
        61.355451299396655
       ],
       [
        66.69329627141907,
        61.32568012492316
       ],
       [
        66.71834977338143,
        61.29590893104125
       ],
       [
        66.66029220223302,
        61.28306451515165
       ],
       [
        66.60223476971076,
        61.27022004604799
       ],
       [
        66.62728367887051,
        61.240455527952435
       ],
       [
        66.65233263323925,
        61.21069107077946
       ],
       [
        66.59447369715885,
        61.19780874087689
       ],
       [
        66.53661459594147,
        61.18492641614497
       ],
       [
        66.56165464630104,
        61.1551729980667
       ],
       [
        66.58669486801999,
        61.12541964191662
       ],
       [
        66.6444602479395,
        61.138275262349644
       ],
       [
        66.70222561748119,
        61.151130816042375
       ],
       [
        66.72707173376651,
        61.121337341614456
       ],
       [
        66.75191780440522,
        61.09154389572488
       ],
       [
        66.69424824746744,
        61.07871058099626
       ],
       [
        66.63657868926352,
        61.065877289817
       ],
       [
        66.66141813112573,
        61.03609051625585
       ],
       [
        66.68625757112275,
        61.0063036660391
       ],
       [
        66.62878195822448,
        60.993434774134634
       ],
       [
        66.57130643121798,
        60.98056575010314
       ]
      ]
     ],
     [
      [
       [
        66.13982604857871,
        61.166242714540694
       ],
       [
        66.08227894247874,
        61.15309506978701
       ],
       [
        66.02473202431734,
        61.13994740659993
       ],
       [
        65.99906111843127,
        61.169564745223724
       ],
       [
        65.97339004641573,
        61.19918213177946
       ],
       [
        65.9477189239094,
        61.228799483498484
       ],
       [
        65.92204793657474,
        61.258416825508235
       ],
       [
        65.97983118655225,
        61.27158458070118
       ],
       [
        66.03761450545862,
        61.28475226656271
       ],
       [
        66.09539769421741,
        61.297919968651954
       ],
       [
        66.15318094432838,
        61.31108775087967
       ],
       [
        66.12754108314991,
        61.340731844420404
       ],
       [
        66.10190137793437,
        61.37037591098123
       ],
       [
        66.15993651377588,
        61.38347673929525
       ],
       [
        66.21797167991888,
        61.39657757954898
       ],
       [
        66.19232074246888,
        61.426228402732804
       ],
       [
        66.16666968064483,
        61.45587916725118
       ],
       [
        66.22495471187307,
        61.468913118899394
       ],
       [
        66.28323950356628,
        61.48194706800521
       ],
       [
        66.3415244864804,
        61.49498102765628
       ],
       [
        66.3998093912724,
        61.508014976458114
       ],
       [
        66.37424755461868,
        61.537701503076384
       ],
       [
        66.348685813446,
        61.56738790564667
       ],
       [
        66.40727492270369,
        61.580323796667315
       ],
       [
        66.46586426859372,
        61.59325963367319
       ],
       [
        66.52445349830056,
        61.60619547523389
       ],
       [
        66.58304265190624,
        61.61913135709794
       ],
       [
        66.5638602282239,
        61.641409044313086
       ],
       [
        66.54467772876093,
        61.6636866511406
       ],
       [
        66.52549531227156,
        61.68596439161733
       ],
       [
        66.50631269243706,
        61.708242020298194
       ],
       [
        66.48713026633652,
        61.730519699804454
       ],
       [
        66.46794773696637,
        61.752797372164785
       ],
       [
        66.44876535704745,
        61.77507498436093
       ],
       [
        66.42958281809072,
        61.797352665896895
       ],
       [
        66.38546177603982,
        61.78757162758611
       ],
       [
        66.34134054502182,
        61.777790634221475
       ],
       [
        66.29721943089523,
        61.768009539649334
       ],
       [
        66.25309824900175,
        61.75822848774027
       ],
       [
        66.208977137584,
        61.748447491690655
       ],
       [
        66.16485600777045,
        61.738666428138416
       ],
       [
        66.1207349140243,
        61.72888538986714
       ],
       [
        66.07661383915416,
        61.71910436157521
       ],
       [
        66.10258583374312,
        61.68949148638365
       ],
       [
        66.12855782848149,
        61.65987858069795
       ],
       [
        66.07003885097497,
        61.646739885834656
       ],
       [
        66.0115198245055,
        61.633601084475224
       ],
       [
        66.03748518399021,
        61.60399713196361
       ],
       [
        66.06345042543431,
        61.57439319902254
       ],
       [
        66.00518449455606,
        61.56118750822291
       ],
       [
        65.94691861387616,
        61.54798188620326
       ],
       [
        65.88865258909169,
        61.53477626799409
       ],
       [
        65.83038668992701,
        61.52157067542876
       ],
       [
        65.8564344585723,
        61.49200013964492
       ],
       [
        65.88248237708063,
        61.462429591207005
       ],
       [
        65.82446935160876,
        61.44915706826821
       ],
       [
        65.76645656382138,
        61.43588456021811
       ],
       [
        65.79249309888345,
        61.40632297248739
       ],
       [
        65.81852991319018,
        61.37676137377183
       ],
       [
        65.76071764154379,
        61.36345315850259
       ],
       [
        65.70290536879807,
        61.35014493638327
       ],
       [
        65.67672260249441,
        61.3796731332319
       ],
       [
        65.65053991042006,
        61.40920130497066
       ],
       [
        65.62435724058321,
        61.43872952783775
       ],
       [
        65.59817440249391,
        61.468257661699944
       ],
       [
        65.54033434426486,
        61.454809038959695
       ],
       [
        65.48249429405823,
        61.44136039045789
       ],
       [
        65.42465421355686,
        61.42791168001705
       ],
       [
        65.36681404709424,
        61.4144630583014
       ],
       [
        65.34028686289592,
        61.44391544634703
       ],
       [
        65.31375967951637,
        61.4733677994722
       ],
       [
        65.2559875444808,
        61.45980319003098
       ],
       [
        65.19821549936862,
        61.446238584394536
       ],
       [
        65.22483401703496,
        61.41681081277383
       ],
       [
        65.25145252612238,
        61.3873829443634
       ],
       [
        65.19393240104934,
        61.37375369217351
       ],
       [
        65.13641222465671,
        61.360124481287535
       ],
       [
        65.07889204547367,
        61.346495196958266
       ],
       [
        65.02137195992135,
        61.33286601968053
       ],
       [
        64.99457049108655,
        61.36224252403938
       ],
       [
        64.96776904601508,
        61.39161910183005
       ],
       [
        64.91032022159182,
        61.37787609478986
       ],
       [
        64.85287141193668,
        61.36413315894918
       ],
       [
        64.87295864156297,
        61.342106897330495
       ],
       [
        64.89304565165882,
        61.320080607643675
       ],
       [
        64.91313273568352,
        61.29805435111748
       ],
       [
        64.93321996665797,
        61.276028050135004
       ],
       [
        64.95330709074956,
        61.25400175331154
       ],
       [
        64.97339424748928,
        61.23197549147823
       ],
       [
        64.99348135671745,
        61.20994915694901
       ],
       [
        65.0135684710899,
        61.187922858711026
       ],
       [
        65.05653315162061,
        61.198129200189065
       ],
       [
        65.09949754152699,
        61.20833557029827
       ],
       [
        65.14246213422956,
        61.218541887619956
       ],
       [
        65.18542670630644,
        61.22874821557634
       ],
       [
        65.22839135924484,
        61.23895449089973
       ],
       [
        65.27135578410265,
        61.24916085579466
       ],
       [
        65.31432032123422,
        61.25936719833635
       ],
       [
        65.35728483319363,
        61.26957350388605
       ],
       [
        65.33088031719996,
        61.299034736847744
       ],
       [
        65.30447584753844,
        61.328496052898714
       ],
       [
        65.36211747281853,
        61.34198041540507
       ],
       [
        65.41975909786416,
        61.35546471479395
       ],
       [
        65.47740091398093,
        61.368949016510314
       ],
       [
        65.53504256667284,
        61.382433376159035
       ],
       [
        65.56121189216897,
        61.352912994435165
       ],
       [
        65.58738125119599,
        61.32339263467231
       ],
       [
        65.61355069592118,
        61.293872220772286
       ],
       [
        65.6397198709692,
        61.26435188372292
       ],
       [
        65.58220871028102,
        61.25095004991109
       ],
       [
        65.52469744090291,
        61.23754823455059
       ],
       [
        65.5508009933689,
        61.20802899805816
       ],
       [
        65.57690453136846,
        61.178509683740934
       ],
       [
        65.63437575086441,
        61.191858082590024
       ],
       [
        65.69184677807282,
        61.20520634291468
       ],
       [
        65.74931802402949,
        61.21855466628183
       ],
       [
        65.80678906761109,
        61.23190300067479
       ],
       [
        65.83255371320779,
        61.20231021426333
       ],
       [
        65.85831847649754,
        61.17271735441947
       ],
       [
        65.88408324087109,
        61.143124503510684
       ],
       [
        65.909847737957,
        61.11353171514202
       ],
       [
        65.85250596721038,
        61.1002614458493
       ],
       [
        65.79516421662706,
        61.086991174709205
       ],
       [
        65.82086645788898,
        61.057398315942685
       ],
       [
        65.84656874440562,
        61.027805472060884
       ],
       [
        65.88958175437331,
        61.03769357073286
       ],
       [
        65.93259476652007,
        61.04758155646125
       ],
       [
        65.9756079338032,
        61.05746965908718
       ],
       [
        66.01862089866069,
        61.067357728126
       ],
       [
        66.06163391143728,
        61.077245727987325
       ],
       [
        66.10464697410227,
        61.08713385982203
       ],
       [
        66.14766004609261,
        61.097021843956995
       ],
       [
        66.19067304712215,
        61.106909960728046
       ],
       [
        66.16524956966181,
        61.13657634198544
       ],
       [
        66.13982604857871,
        61.166242714540694
       ]
      ],
      [
       [
        66.15442724502786,
        61.6302501129384
       ],
       [
        66.18029673366604,
        61.60062156986224
       ],
       [
        66.23882465329487,
        61.61367565229567
       ],
       [
        66.29735261756177,
        61.62672961837873
       ],
       [
        66.2715811696554,
        61.65638269259437
       ],
       [
        66.24580990492576,
        61.686035676690096
       ],
       [
        66.18718384915584,
        61.672957139874605
       ],
       [
        66.12855782848149,
        61.65987858069795
       ],
       [
        66.15442724502786,
        61.6302501129384
       ]
      ]
     ]
    ]
   },
   "properties": {
    "event_id": "CH4-WSP-040",
    "datetime_utc": "2021-08-23T07:19:15Z",
    "date_utc": "2021-08-23",
    "year": 2021,
    "month": 8,
    "centroid_lon": 66.05723005975582,
    "centroid_lat": 61.33403636361982,
    "area_km2": 3264.017928640333,
    "n_pixels": 67,
    "max_z": 8.014415540156122,
    "mean_z": 4.177284011075958,
    "max_delta": 49.40260889168144,
    "mean_delta": 17.874983792930813,
    "artifact_likely": 0,
    "corr_albedo": -0.20640979583553756,
    "nearest_source_type": "viirs_flare_high",
    "nearest_source_distance_km": 19.60427878503738,
    "matched_schuit_150km": 1,
    "matched_mars_150km": 0,
    "algorithm_version": "2.3.2",
    "config_id": "default_combine",
    "params_hash": "1d909d3a2b8d4c422affaf6f4b3a8cc878fe24201803592a5c6322488bfd25ba",
    "run_id": "default_combine_2021_combined_1d909d3a",
    "aoi_boundary": "zapsib",
    "artifact_likely_albedo_positive": 0,
    "build_date": "2026-05-14",
    "cluster_id": 1752346656946,
    "cluster_overlap_snow_fraction": 0,
    "count": 67,
    "enrichment_method": "numpy_eigh_with_cos_lat",
    "enrichment_stage": "axis_v1",
    "event_class": "wind_ambiguous",
    "inside_reference_clean_zone": 0,
    "intermediate_asset": "projects/nodal-thunder-481307-u1/assets/RuPlumeScan/catalog/CH4/events_2021_intermediate",
    "nearest_source_id": "viirs_0132",
    "orbit_date_millis": 1629703155000,
    "plume_axis_deg": 119.66609742160753,
    "qa_flags": "zone_boundary_adjustment_applied",
    "rna_version": "1.2",
    "stage_2_run_date": "2026-05-14T22:19:44.001182+00:00",
    "stage_3_match_radius_km": 150,
    "stage_3_run_date": "2026-05-23",
    "stage_3b_rescope_date": "2026-06-20",
    "surface_confounded_dark": 0,
    "td0044_reclassified": null,
    "wind_alignment_score": 0.5027767247306425,
    "wind_consistency_diff_deg": 18.445285688514275,
    "wind_consistent": 0,
    "wind_dir_deg": 254.91600264736536,
    "wind_level": "10m",
    "wind_levels_inconsistent_qa": 0,
    "wind_source": "ERA5_HOURLY_10m",
    "wind_speed": 4.955053564716807,
    "wind_state": "misaligned",
    "wind_u": 1.2894775867462158,
    "wind_u_850hPa": 7.206296920776367,
    "wind_v": 4.784328937530518,
    "wind_v_850hPa": 10.875446319580078,
    "zone_boundary_step_ppb": 16
   }
  },
  {
   "type": "Feature",
   "geometry": {
    "type": "Polygon",
    "coordinates": [
     [
      [
       71.79891124900071,
       65.52228946841038
      ],
      [
       71.82195354567301,
       65.49177141451402
      ],
      [
       71.84499610736941,
       65.46125333599154
      ],
      [
       71.88007355576083,
       65.46623971435514
      ],
      [
       71.91515100981755,
       65.47122614859484
      ],
      [
       71.9502286253516,
       65.47621247378497
      ],
      [
       71.98530608755435,
       65.48119884293408
      ],
      [
       72.00802745789096,
       65.45063958711421
      ],
      [
       72.03074890306695,
       65.42008018759611
      ],
      [
       72.05347017017957,
       65.38952090799566
      ],
      [
       72.07619161962414,
       65.35896152367751
      ],
      [
       72.11117205047945,
       65.36388661648161
      ],
      [
       72.14615255202928,
       65.36881173604912
      ],
      [
       72.18113302919855,
       65.37373678067183
      ],
      [
       72.21611359457995,
       65.37866186168623
      ],
      [
       72.19359963512578,
       65.40924907532508
      ],
      [
       72.17108558881367,
       65.43983630119759
      ],
      [
       72.20619774908356,
       65.44473573807954
      ],
      [
       72.24130978377191,
       65.4496351437408
      ],
      [
       72.2764218783169,
       65.45453454447085
      ],
      [
       72.31153396970781,
       65.45943403023793
      ],
      [
       72.2890644870015,
       65.49003462552056
      ],
      [
       72.26659515111643,
       65.52063518187144
      ],
      [
       72.23140611884627,
       65.51572463009126
      ],
      [
       72.19621703208206,
       65.51081403306331
      ],
      [
       72.16102805907981,
       65.50590340734485
      ],
      [
       72.12583911831561,
       65.50099283318039
      ],
      [
       72.10310436860027,
       65.53155777206692
      ],
      [
       72.08036963744466,
       65.56212266263896
      ],
      [
       72.04518746200388,
       65.55714350442734
      ],
      [
       72.01000516892039,
       65.55216436995076
      ],
      [
       71.9748227489739,
       65.5471852541312
      ],
      [
       71.93964044388554,
       65.5422060887343
      ],
      [
       71.90445817117987,
       65.53722695380034
      ],
      [
       71.86927574430678,
       65.53224782247143
      ],
      [
       71.83409358273177,
       65.52726864863722
      ],
      [
       71.79891124900071,
       65.52228946841038
      ]
     ]
    ]
   },
   "properties": {
    "event_id": "CH4-WSP-041",
    "datetime_utc": "2021-08-24T07:00:08Z",
    "date_utc": "2021-08-24",
    "year": 2021,
    "month": 8,
    "centroid_lon": 72.069210176536,
    "centroid_lat": 65.4727256980579,
    "area_km2": 243.3523089052521,
    "n_pixels": 5,
    "max_z": 3.9211916554294035,
    "mean_z": 3.746759407559587,
    "max_delta": 26.694273783087738,
    "mean_delta": 15.33490782563404,
    "artifact_likely": 0,
    "corr_albedo": -0.6587362011373283,
    "nearest_source_type": "viirs_flare_high",
    "nearest_source_distance_km": 22.310244718901995,
    "matched_schuit_150km": 1,
    "matched_mars_150km": 0,
    "algorithm_version": "2.3.2",
    "config_id": "default_combine",
    "params_hash": "1d909d3a2b8d4c422affaf6f4b3a8cc878fe24201803592a5c6322488bfd25ba",
    "run_id": "default_combine_2021_combined_1d909d3a",
    "aoi_boundary": "zapsib",
    "artifact_likely_albedo_positive": 0,
    "build_date": "2026-05-14",
    "cluster_id": 1584842932342,
    "cluster_overlap_snow_fraction": 0,
    "count": 5,
    "enrichment_method": "numpy_eigh_with_cos_lat",
    "enrichment_stage": "axis_v1",
    "event_class": "wind_ambiguous",
    "inside_reference_clean_zone": 0,
    "intermediate_asset": "projects/nodal-thunder-481307-u1/assets/RuPlumeScan/catalog/CH4/events_2021_intermediate",
    "nearest_source_id": "viirs_0054",
    "orbit_date_millis": 1629788408000,
    "plume_axis_deg": 122.31834205422444,
    "qa_flags": "",
    "rna_version": "1.2",
    "stage_2_run_date": "2026-05-14T22:19:44.001182+00:00",
    "stage_3_match_radius_km": 150,
    "stage_3_run_date": "2026-05-23",
    "stage_3b_rescope_date": "2026-06-20",
    "surface_confounded_dark": 1,
    "td0044_reclassified": null,
    "wind_alignment_score": 0.27789523781664227,
    "wind_consistency_diff_deg": 17.011169826761716,
    "wind_consistent": 0,
    "wind_dir_deg": 187.30777065072664,
    "wind_level": "10m",
    "wind_levels_inconsistent_qa": 0,
    "wind_source": "ERA5_HOURLY_10m",
    "wind_speed": 8.33869050392193,
    "wind_state": "misaligned",
    "wind_u": 8.270956993103027,
    "wind_u_850hPa": 17.298477172851562,
    "wind_v": 1.0606741905212402,
    "wind_v_850hPa": 7.817447185516357,
    "zone_boundary_step_ppb": null
   }
  },
  {
   "type": "Feature",
   "geometry": {
    "type": "Polygon",
    "coordinates": [
     [
      [
       78.87331514853085,
       66.7712569819958
      ],
      [
       78.89160998581951,
       66.73191515906394
      ],
      [
       78.90990496904408,
       66.69257332954248
      ],
      [
       78.92819968424233,
       66.65323150752035
      ],
      [
       78.94649467005875,
       66.61388968284695
      ],
      [
       78.96478951294687,
       66.57454786967773
      ],
      [
       78.98308434158132,
       66.53520612077106
      ],
      [
       79.0013791984042,
       66.49586429863992
      ],
      [
       79.01967403099988,
       66.45652244321013
      ],
      [
       79.03796896603849,
       66.41718060713006
      ],
      [
       79.0562637721528,
       66.37783881761308
      ],
      [
       79.074558622467,
       66.3384970385943
      ],
      [
       79.09285351066134,
       66.29915522130092
      ],
      [
       79.11114838382031,
       66.2598134056829
      ],
      [
       79.12944323545113,
       66.22047154301197
      ],
      [
       79.14773796671561,
       66.18112976198458
      ],
      [
       79.16603279385947,
       66.14178793772017
      ],
      [
       79.20329642391889,
       66.14478228660737
      ],
      [
       79.24056005461193,
       66.1477765353155
      ],
      [
       79.27782364721473,
       66.15077077565658
      ],
      [
       79.31508716362,
       66.15376509949452
      ],
      [
       79.3009831435761,
       66.18528427631935
      ],
      [
       79.28687904803107,
       66.21680344125294
      ],
      [
       79.32427292987629,
       66.21976422365498
      ],
      [
       79.36166700237216,
       66.22272507108381
      ],
      [
       79.39906109595145,
       66.22568597423361
      ],
      [
       79.43645513093003,
       66.22864674634178
      ],
      [
       79.42242774459201,
       66.26017041208449
      ],
      [
       79.40840059865825,
       66.29169400408831
      ],
      [
       79.3943734521636,
       66.32321766668584
      ],
      [
       79.38034619836012,
       66.3547412776761
      ],
      [
       79.34276268524447,
       66.35176594209119
      ],
      [
       79.30517910918697,
       66.34879059720917
      ],
      [
       79.26759564075464,
       66.34581525226005
      ],
      [
       79.23001209446497,
       66.34283989175592
      ],
      [
       79.21568270463938,
       66.37433895807982
      ],
      [
       79.20135337608295,
       66.40583805775199
      ],
      [
       79.23903277624748,
       66.40882124760952
      ],
      [
       79.27671214353543,
       66.4118043935064
      ],
      [
       79.31439166390511,
       66.41478751096595
      ],
      [
       79.35207094218634,
       66.41777066721858
      ],
      [
       79.33785762298135,
       66.44927868895458
      ],
      [
       79.32364425857034,
       66.48078665470005
      ],
      [
       79.2858700450439,
       66.47779572875662
      ],
      [
       79.24809603890459,
       66.47480474988275
      ],
      [
       79.21032178219217,
       66.47181386763218
      ],
      [
       79.17254753838372,
       66.4688229136326
      ],
      [
       79.15425419958538,
       66.50816223212797
      ],
      [
       79.13596076480381,
       66.54750153537971
      ],
      [
       79.1176672865114,
       66.58684078339344
      ],
      [
       79.09937372356978,
       66.6261801137089
      ],
      [
       79.0810803559128,
       66.66551941029351
      ],
      [
       79.06278682807013,
       66.70485869663973
      ],
      [
       79.0444933257368,
       66.7441980342362
      ],
      [
       79.02619994892575,
       66.78353729443597
      ],
      [
       78.9879787297357,
       66.78046721118423
      ],
      [
       78.94975756561061,
       66.77739718225237
      ],
      [
       78.91153636202839,
       66.77432701398253
      ],
      [
       78.87331514853085,
       66.7712569819958
      ]
     ]
    ]
   },
   "properties": {
    "event_id": "CH4-WSP-042",
    "datetime_utc": "2022-03-29T05:49:03Z",
    "date_utc": "2022-03-29",
    "year": 2022,
    "month": 3,
    "centroid_lon": 79.14555186991755,
    "centroid_lat": 66.43403461011334,
    "area_km2": 636.277096302951,
    "n_pixels": 13,
    "max_z": 3.9390989976932773,
    "mean_z": 3.583505253329224,
    "max_delta": 47.63271964983596,
    "mean_delta": 37.79581135054706,
    "artifact_likely": 1,
    "corr_albedo": 0.3217118264273582,
    "nearest_source_type": "viirs_flare_high",
    "nearest_source_distance_km": 24.38500123460499,
    "matched_schuit_150km": 0,
    "matched_mars_150km": 0,
    "algorithm_version": "2.3.2",
    "config_id": "default_combine",
    "params_hash": "04d66637e0305e40e7ca473e451525062769524f147cfd2648490b698688f8bf",
    "run_id": "default_combine_2022_combined_04d66637",
    "aoi_boundary": "zapsib",
    "artifact_likely_albedo_positive": 0,
    "build_date": "2026-05-23",
    "cluster_id": 1571958030405,
    "cluster_overlap_snow_fraction": 1,
    "count": 13,
    "enrichment_method": "numpy_eigh_with_cos_lat",
    "enrichment_stage": "axis_v1",
    "event_class": "wind_ambiguous",
    "inside_reference_clean_zone": 0,
    "intermediate_asset": "projects/nodal-thunder-481307-u1/assets/RuPlumeScan/catalog/CH4/events_2022_intermediate",
    "nearest_source_id": "viirs_0142",
    "orbit_date_millis": 1648532943000,
    "plume_axis_deg": 165.43133226732658,
    "qa_flags": "",
    "rna_version": "1.2",
    "stage_2_run_date": "2026-05-23T03:00:03.495554+00:00",
    "stage_3_match_radius_km": 150,
    "stage_3_run_date": "2026-05-23",
    "stage_3b_rescope_date": "2026-06-20",
    "surface_confounded_dark": 0,
    "td0044_reclassified": null,
    "wind_alignment_score": 0.10553005813640837,
    "wind_consistency_diff_deg": 37.70107709354181,
    "wind_consistent": 0,
    "wind_dir_deg": 264.92903749960334,
    "wind_level": "10m",
    "wind_levels_inconsistent_qa": 0,
    "wind_source": "ERA5_HOURLY_10m",
    "wind_speed": 7.644930696096519,
    "wind_state": "misaligned",
    "wind_u": 0.6757315397262573,
    "wind_u_850hPa": 8.630271911621094,
    "wind_v": 7.615008354187012,
    "wind_v_850hPa": 9.328973770141602,
    "zone_boundary_step_ppb": null
   }
  },
  {
   "type": "Feature",
   "geometry": {
    "type": "MultiPolygon",
    "coordinates": [
     [
      [
       [
        80.42577356713096,
        68.7685373992506
       ],
       [
        80.46774484062936,
        68.77116934943265
       ],
       [
        80.50971620399147,
        68.77380130885845
       ],
       [
        80.55168742783383,
        68.77643335932147
       ],
       [
        80.59365861256762,
        68.77906532563405
       ],
       [
        80.57970390451541,
        68.8105555194325
       ],
       [
        80.56574910697479,
        68.84204565947081
       ],
       [
        80.52365861439979,
        68.8394069418808
       ],
       [
        80.48156804543666,
        68.83676828305619
       ],
       [
        80.4394774322331,
        68.83412958998575
       ],
       [
        80.39738691586645,
        68.83149095968596
       ],
       [
        80.41158021396309,
        68.80001413755852
       ],
       [
        80.42577356713096,
        68.7685373992506
       ]
      ]
     ],
     [
      [
       [
        80.42577356713096,
        68.7685373992506
       ],
       [
        80.38384343143963,
        68.76585963967143
       ],
       [
        80.34191351708047,
        68.763181995742
       ],
       [
        80.29998330977318,
        68.76050425120548
       ],
       [
        80.258053299237,
        68.7578266151748
       ],
       [
        80.27235920457541,
        68.72635647800672
       ],
       [
        80.28666514958442,
        68.69488641969866
       ],
       [
        80.30097100094298,
        68.66341627134716
       ],
       [
        80.31527707941027,
        68.63194616616278
       ],
       [
        80.35697067608751,
        68.63460934688749
       ],
       [
        80.39866440795667,
        68.6372726178995
       ],
       [
        80.44035817978714,
        68.6399357926782
       ],
       [
        80.48205176240963,
        68.64259895294632
       ],
       [
        80.49599777423263,
        68.61110431348891
       ],
       [
        80.5099435604246,
        68.57960970433517
       ],
       [
        80.55155915829653,
        68.58221937593866
       ],
       [
        80.59317492577198,
        68.58482908554163
       ],
       [
        80.634790483542,
        68.58743881453448
       ],
       [
        80.676406277211,
        68.59004849886658
       ],
       [
        80.66269662957953,
        68.621556478202
       ],
       [
        80.64898715165694,
        68.65306447365107
       ],
       [
        80.69076014396066,
        68.6556362396264
       ],
       [
        80.73253296936316,
        68.6582080773363
       ],
       [
        80.77430572562263,
        68.66077981136014
       ],
       [
        80.81607853415291,
        68.66335163486997
       ],
       [
        80.80252512807172,
        68.69486858184717
       ],
       [
        80.78897169631938,
        68.72638544864562
       ],
       [
        80.74709972936878,
        68.72378417946662
       ],
       [
        80.70522761485688,
        68.72118286434787
       ],
       [
        80.66335553781633,
        68.71858151063293
       ],
       [
        80.62148344311635,
        68.71598020431054
       ],
       [
        80.57961136261552,
        68.71337885247108
       ],
       [
        80.537739240857,
        68.71077754105457
       ],
       [
        80.49586730679263,
        68.70817618829705
       ],
       [
        80.45399511132278,
        68.70557485786216
       ],
       [
        80.43988436118987,
        68.73705615709629
       ],
       [
        80.42577356713096,
        68.7685373992506
       ]
      ]
     ]
    ]
   },
   "properties": {
    "event_id": "CH4-WSP-043",
    "datetime_utc": "2022-05-07T07:02:31Z",
    "date_utc": "2022-05-07",
    "year": 2022,
    "month": 5,
    "centroid_lon": 80.5143873853428,
    "centroid_lat": 68.69856717792945,
    "area_km2": 291.8492898634801,
    "n_pixels": 6,
    "max_z": 3.643419125467626,
    "mean_z": 3.2208698420444044,
    "max_delta": 27.435110037609775,
    "mean_delta": 15.870948836808086,
    "artifact_likely": 1,
    "corr_albedo": 0.3275877484708355,
    "nearest_source_type": "viirs_flare_high",
    "nearest_source_distance_km": 30.977944483315262,
    "matched_schuit_150km": 0,
    "matched_mars_150km": 0,
    "algorithm_version": "2.3.2",
    "config_id": "default_combine",
    "params_hash": "04d66637e0305e40e7ca473e451525062769524f147cfd2648490b698688f8bf",
    "run_id": "default_combine_2022_combined_04d66637",
    "aoi_boundary": "zapsib",
    "artifact_likely_albedo_positive": 0,
    "build_date": "2026-05-23",
    "cluster_id": 1430224109622,
    "cluster_overlap_snow_fraction": 0.9990666691067475,
    "count": 6,
    "enrichment_method": "numpy_eigh_with_cos_lat",
    "enrichment_stage": "axis_v1",
    "event_class": "wind_ambiguous",
    "inside_reference_clean_zone": 0,
    "intermediate_asset": "projects/nodal-thunder-481307-u1/assets/RuPlumeScan/catalog/CH4/events_2022_intermediate",
    "nearest_source_id": "viirs_0041",
    "orbit_date_millis": 1651906951000,
    "plume_axis_deg": 155.58752666765204,
    "qa_flags": "",
    "rna_version": "1.2",
    "stage_2_run_date": "2026-05-23T03:00:03.495554+00:00",
    "stage_3_match_radius_km": 150,
    "stage_3_run_date": "2026-05-23",
    "stage_3b_rescope_date": "2026-06-20",
    "surface_confounded_dark": 0,
    "td0044_reclassified": null,
    "wind_alignment_score": 0.250275752162061,
    "wind_consistency_diff_deg": 93.69855879258773,
    "wind_consistent": 0,
    "wind_dir_deg": 88.11234436223754,
    "wind_level": "10m",
    "wind_levels_inconsistent_qa": 1,
    "wind_source": "ERA5_HOURLY_10m",
    "wind_speed": 8.430064117800303,
    "wind_state": "misaligned",
    "wind_u": -0.2776850163936615,
    "wind_u_850hPa": 4.2105865478515625,
    "wind_v": -8.42548942565918,
    "wind_v_850hPa": 0.13312506675720215,
    "zone_boundary_step_ppb": null
   }
  },
  {
   "type": "Feature",
   "geometry": {
    "type": "Polygon",
    "coordinates": [
     [
      [
       74.78741861064363,
       67.63542179461942
      ],
      [
       74.80839980069481,
       67.60453474058781
      ],
      [
       74.82938101636019,
       67.57364765232163
      ],
      [
       74.85036215676504,
       67.54276062857012
      ],
      [
       74.87134332131924,
       67.51187350729845
      ],
      [
       74.89232459981932,
       67.48098640549482
      ],
      [
       74.91330576716726,
       67.45009931675578
      ],
      [
       74.9342869796516,
       67.41921227111456
      ],
      [
       74.95526807876588,
       67.3883251752933
      ],
      [
       74.99393285557791,
       67.39243707900418
      ],
      [
       75.03259770683977,
       67.39654892987406
      ],
      [
       75.07126264391503,
       67.40066073276728
      ],
      [
       75.10992761294469,
       67.40477257959745
      ],
      [
       75.1485924359289,
       67.40888445740947
      ],
      [
       75.18725718972046,
       67.41299628414762
      ],
      [
       75.22592201090934,
       67.41710816966409
      ],
      [
       75.26458704078689,
       67.4212199445501
      ],
      [
       75.24399713005184,
       67.45214994020468
      ],
      [
       75.22340722934572,
       67.48307999121046
      ],
      [
       75.20281724727322,
       67.51400998021403
      ],
      [
       75.18222734352356,
       67.54493999967474
      ],
      [
       75.16163761794253,
       67.57586995009655
      ],
      [
       75.14104759124073,
       67.60679995751472
      ],
      [
       75.12045774528984,
       67.63772995813383
      ],
      [
       75.09986785678936,
       67.6686600087283
      ],
      [
       75.06081157149883,
       67.66450522827604
      ],
      [
       75.02175555360104,
       67.66035047838328
      ],
      [
       74.98269947300336,
       67.65619563090571
      ],
      [
       74.94364318479849,
       67.65204085467991
      ],
      [
       74.90458712702544,
       67.6478860938803
      ],
      [
       74.8655308365264,
       67.64373139399159
      ],
      [
       74.8264748186932,
       67.6395766124783
      ],
      [
       74.78741861064363,
       67.63542179461942
      ]
     ]
    ]
   },
   "properties": {
    "event_id": "CH4-WSP-044",
    "datetime_utc": "2022-05-14T06:31:13Z",
    "date_utc": "2022-05-14",
    "year": 2022,
    "month": 5,
    "centroid_lon": 75.02686767111278,
    "centroid_lat": 67.5284301119259,
    "area_km2": 389.276536624337,
    "n_pixels": 8,
    "max_z": 4.512459128504291,
    "mean_z": 4.106970921935532,
    "max_delta": 49.38430562306644,
    "mean_delta": 41.685399978579746,
    "artifact_likely": 1,
    "corr_albedo": 0.034094740178193875,
    "nearest_source_type": "gas_field",
    "nearest_source_distance_km": 28.074982174452796,
    "matched_schuit_150km": 0,
    "matched_mars_150km": 0,
    "algorithm_version": "2.3.2",
    "config_id": "default_combine",
    "params_hash": "04d66637e0305e40e7ca473e451525062769524f147cfd2648490b698688f8bf",
    "run_id": "default_combine_2022_combined_04d66637",
    "aoi_boundary": "zapsib",
    "artifact_likely_albedo_positive": 0,
    "build_date": "2026-05-23",
    "cluster_id": 1468878815323,
    "cluster_overlap_snow_fraction": 0.9659055789064708,
    "count": 8,
    "enrichment_method": "numpy_eigh_with_cos_lat",
    "enrichment_stage": "axis_v1",
    "event_class": "wind_ambiguous",
    "inside_reference_clean_zone": 0,
    "intermediate_asset": "projects/nodal-thunder-481307-u1/assets/RuPlumeScan/catalog/CH4/events_2022_intermediate",
    "nearest_source_id": "ru_yanao_yamburgskoe",
    "orbit_date_millis": 1652509873000,
    "plume_axis_deg": 160.5040204882277,
    "qa_flags": "",
    "rna_version": "1.2",
    "stage_2_run_date": "2026-05-23T03:00:03.495554+00:00",
    "stage_3_match_radius_km": 150,
    "stage_3_run_date": "2026-05-23",
    "stage_3b_rescope_date": "2026-06-20",
    "surface_confounded_dark": 0,
    "td0044_reclassified": null,
    "wind_alignment_score": 0.5118717871298972,
    "wind_consistency_diff_deg": 74.47803276859463,
    "wind_consistent": 0,
    "wind_dir_deg": 296.57248132991845,
    "wind_level": "10m",
    "wind_levels_inconsistent_qa": 1,
    "wind_source": "ERA5_HOURLY_10m",
    "wind_speed": 3.8470960074883904,
    "wind_state": "misaligned",
    "wind_u": -1.7209198474884033,
    "wind_u_850hPa": 2.1007156372070312,
    "wind_v": 3.4407241344451904,
    "wind_v_850hPa": 1.8977725505828857,
    "zone_boundary_step_ppb": null
   }
  },
  {
   "type": "Feature",
   "geometry": {
    "type": "MultiPolygon",
    "coordinates": [
     [
      [
       [
        75.13171915097617,
        67.87053686530902
       ],
       [
        75.09227613156472,
        67.86641324103795
       ],
       [
        75.05283325521081,
        67.86228969864713
       ],
       [
        75.01339012132958,
        67.85816619684807
       ],
       [
        74.97394723817193,
        67.85404259250889
       ],
       [
        74.99505003684254,
        67.82315442286163
       ],
       [
        75.01615262090985,
        67.79226625507981
       ],
       [
        75.05549419992124,
        67.79637869493442
       ],
       [
        75.09483576980959,
        67.80049104572271
       ],
       [
        75.13417721048829,
        67.80460348678056
       ],
       [
        75.17351886016472,
        67.80871586698724
       ],
       [
        75.1526189907411,
        67.83962637792405
       ],
       [
        75.13171915097617,
        67.87053686530902
       ]
      ]
     ],
     [
      [
       [
        75.13171915097617,
        67.87053686530902
       ],
       [
        75.17124799036594,
        67.87459632665124
       ],
       [
        75.2107768226023,
        67.87865574291541
       ],
       [
        75.25030559433633,
        67.88271520638162
       ],
       [
        75.28983438416398,
        67.88677463502422
       ],
       [
        75.32936313913267,
        67.89083412114076
       ],
       [
        75.36889213142373,
        67.89489360028335
       ],
       [
        75.40842079215611,
        67.89895302459327
       ],
       [
        75.44794971544758,
        67.90301245205033
       ],
       [
        75.42728392251786,
        67.9339508583181
       ],
       [
        75.40661835693285,
        67.96488921341366
       ],
       [
        75.38595259940794,
        67.99582755699757
       ],
       [
        75.36528687840553,
        68.02676589422292
       ],
       [
        75.40510662752926,
        68.0307824329774
       ],
       [
        75.44492648569987,
        68.0347989589151
       ],
       [
        75.48474620566881,
        68.03881554686053
       ],
       [
        75.52456593083599,
        68.04283202743107
       ],
       [
        75.50393367133532,
        68.07377593753228
       ],
       [
        75.48330134145486,
        68.10471992695028
       ],
       [
        75.44340697530113,
        68.10067108343607
       ],
       [
        75.4035125030115,
        68.09662218701762
       ],
       [
        75.36361804134292,
        68.09257333732059
       ],
       [
        75.32372364282726,
        68.08852444192688
       ],
       [
        75.2838292284104,
        68.08447558287627
       ],
       [
        75.24393458922265,
        68.08042673710752
       ],
       [
        75.20404016942655,
        68.07637784784235
       ],
       [
        75.164145694085,
        68.0723289792417
       ],
       [
        75.18513252635404,
        68.04142184444338
       ],
       [
        75.20611926441943,
        68.01051470228212
       ],
       [
        75.22710606887014,
        67.97960758259038
       ],
       [
        75.2480927765062,
        67.94870039230251
       ],
       [
        75.20849154920982,
        67.94460919529682
       ],
       [
        75.16889022487585,
        67.94051801831294
       ],
       [
        75.12928885693474,
        67.93642676897736
       ],
       [
        75.08968756061597,
        67.93233554717843
       ],
       [
        75.11070340810531,
        67.90143619674893
       ],
       [
        75.13171915097617,
        67.87053686530902
       ]
      ]
     ]
    ]
   },
   "properties": {
    "event_id": "CH4-WSP-045",
    "datetime_utc": "2022-05-14T06:31:13Z",
    "date_utc": "2022-05-14",
    "year": 2022,
    "month": 5,
    "centroid_lon": 75.26754230022,
    "centroid_lat": 67.96164630093509,
    "area_km2": 291.93247837956346,
    "n_pixels": 6,
    "max_z": 4.137239118257443,
    "mean_z": 3.662033081109237,
    "max_delta": 30.509197812034927,
    "mean_delta": 26.900077587961295,
    "artifact_likely": 1,
    "corr_albedo": 0.1890382023445131,
    "nearest_source_type": "gas_field",
    "nearest_source_distance_km": 22.22950354163945,
    "matched_schuit_150km": 0,
    "matched_mars_150km": 0,
    "algorithm_version": "2.3.2",
    "config_id": "default_combine",
    "params_hash": "04d66637e0305e40e7ca473e451525062769524f147cfd2648490b698688f8bf",
    "run_id": "default_combine_2022_combined_04d66637",
    "aoi_boundary": "zapsib",
    "artifact_likely_albedo_positive": 0,
    "build_date": "2026-05-23",
    "cluster_id": 1443109011543,
    "cluster_overlap_snow_fraction": 0.9701135639024685,
    "count": 6,
    "enrichment_method": "numpy_eigh_with_cos_lat",
    "enrichment_stage": "axis_v1",
    "event_class": "wind_ambiguous",
    "inside_reference_clean_zone": 0,
    "intermediate_asset": "projects/nodal-thunder-481307-u1/assets/RuPlumeScan/catalog/CH4/events_2022_intermediate",
    "nearest_source_id": "ru_yanao_yamburgskoe",
    "orbit_date_millis": 1652509873000,
    "plume_axis_deg": 20.536533857125445,
    "qa_flags": "",
    "rna_version": "1.2",
    "stage_2_run_date": "2026-05-23T03:00:03.495554+00:00",
    "stage_3_match_radius_km": 150,
    "stage_3_run_date": "2026-05-23",
    "stage_3b_rescope_date": "2026-06-20",
    "surface_confounded_dark": 0,
    "td0044_reclassified": null,
    "wind_alignment_score": 0.007842967448791205,
    "wind_consistency_diff_deg": 80.01721030638856,
    "wind_consistent": 0,
    "wind_dir_deg": 289.83066678673424,
    "wind_level": "10m",
    "wind_levels_inconsistent_qa": 1,
    "wind_source": "ERA5_HOURLY_10m",
    "wind_speed": 3.746051758338002,
    "wind_state": "misaligned",
    "wind_u": -1.2708160877227783,
    "wind_u_850hPa": 3.544485092163086,
    "wind_v": 3.5239083766937256,
    "wind_v_850hPa": 2.0310513973236084,
    "zone_boundary_step_ppb": null
   }
  },
  {
   "type": "Feature",
   "geometry": {
    "type": "Polygon",
    "coordinates": [
     [
      [
       78.45330808744428,
       66.01657192163898
      ],
      [
       78.46837314072856,
       65.98512861532785
      ],
      [
       78.48343822097284,
       65.95368523157862
      ],
      [
       78.52032835738785,
       65.95686901406373
      ],
      [
       78.55721840188049,
       65.96005284939231
      ],
      [
       78.59410858587584,
       65.96323666562877
      ],
      [
       78.63099874069015,
       65.96642045274096
      ],
      [
       78.64576615738197,
       65.93495140406762
      ],
      [
       78.66053362465479,
       65.90348248126635
      ],
      [
       78.67530108300892,
       65.87201342612337
      ],
      [
       78.69006841068155,
       65.84054443587475
      ],
      [
       78.72681484049164,
       65.8436725464326
      ],
      [
       78.76356107739412,
       65.84680057686008
      ],
      [
       78.80030743082513,
       65.84992864478141
      ],
      [
       78.83705373310463,
       65.85305674036395
      ],
      [
       78.85152806214539,
       65.82156203918258
      ],
      [
       78.8660021965972,
       65.79006741716879
      ],
      [
       78.90271397199673,
       65.79312636560567
      ],
      [
       78.9394258053563,
       65.79618536683076
      ],
      [
       78.97613762166654,
       65.7992442340341
      ],
      [
       79.0128492891042,
       65.802303235984
      ],
      [
       79.04956112694747,
       65.80536212268763
      ],
      [
       79.08627287571639,
       65.80842106169183
      ],
      [
       79.1229847167058,
       65.81148006862348
      ],
      [
       79.15969657360785,
       65.81453895672203
      ],
      [
       79.14554992701666,
       65.84606033964528
      ],
      [
       79.13140356896436,
       65.87758177118137
      ],
      [
       79.11725704772223,
       65.9091031042028
      ],
      [
       79.10311047232742,
       65.94062450745277
      ],
      [
       79.06619802562565,
       65.93757003850443
      ],
      [
       79.02928569630717,
       65.93451557630955
      ],
      [
       78.99237312698867,
       65.9314610924944
      ],
      [
       78.9554606611307,
       65.92840660926277
      ],
      [
       78.94098324306408,
       65.9598989996101
      ],
      [
       78.92650555080219,
       65.99139142254045
      ],
      [
       78.91202800845069,
       66.02288379436573
      ],
      [
       78.89755042023451,
       66.05437617026338
      ],
      [
       78.84202014025772,
       66.04965068920869
      ],
      [
       78.78648972725794,
       66.04492511037554
      ],
      [
       78.73095941441812,
       66.04019962584377
      ],
      [
       78.6754292717758,
       66.03547404786214
      ],
      [
       78.61989882670844,
       66.03074851634767
      ],
      [
       78.56436863105168,
       66.0260229713314
      ],
      [
       78.50883825921329,
       66.02129746401133
      ],
      [
       78.45330808744428,
       66.01657192163898
      ]
     ]
    ]
   },
   "properties": {
    "event_id": "CH4-WSP-046",
    "datetime_utc": "2022-06-09T06:44:36Z",
    "date_utc": "2022-06-09",
    "year": 2022,
    "month": 6,
    "centroid_lon": 78.83460369334142,
    "centroid_lat": 65.92470727501691,
    "area_km2": 486.5037866618233,
    "n_pixels": 10,
    "max_z": 5.0405915905177805,
    "mean_z": 4.1517969216972315,
    "max_delta": 26.165421945657044,
    "mean_delta": 16.289922317304804,
    "artifact_likely": 0,
    "corr_albedo": -0.154091366906937,
    "nearest_source_type": "viirs_flare_high",
    "nearest_source_distance_km": 17.694764815365986,
    "matched_schuit_150km": 0,
    "matched_mars_150km": 0,
    "algorithm_version": "2.3.2",
    "config_id": "default_combine",
    "params_hash": "04d66637e0305e40e7ca473e451525062769524f147cfd2648490b698688f8bf",
    "run_id": "default_combine_2022_combined_04d66637",
    "aoi_boundary": "zapsib",
    "artifact_likely_albedo_positive": 0,
    "build_date": "2026-05-23",
    "cluster_id": 1606317768776,
    "cluster_overlap_snow_fraction": 0,
    "count": 10,
    "enrichment_method": "numpy_eigh_with_cos_lat",
    "enrichment_stage": "axis_v1",
    "event_class": "CH4_only",
    "inside_reference_clean_zone": 0,
    "intermediate_asset": "projects/nodal-thunder-481307-u1/assets/RuPlumeScan/catalog/CH4/events_2022_intermediate",
    "nearest_source_id": "viirs_0190",
    "orbit_date_millis": 1654757076000,
    "plume_axis_deg": 136.5989969038166,
    "qa_flags": "",
    "rna_version": "1.2",
    "stage_2_run_date": "2026-05-23T03:00:03.495554+00:00",
    "stage_3_match_radius_km": 150,
    "stage_3_run_date": "2026-05-23",
    "stage_3b_rescope_date": "2026-06-20",
    "surface_confounded_dark": 0,
    "td0044_reclassified": null,
    "wind_alignment_score": 0.7714944639441728,
    "wind_consistency_diff_deg": 160.03784467849977,
    "wind_consistent": null,
    "wind_dir_deg": 296.03349865879215,
    "wind_level": "10m",
    "wind_levels_inconsistent_qa": 1,
    "wind_source": "ERA5_HOURLY_10m",
    "wind_speed": 1.8630857603025306,
    "wind_state": "insufficient_wind",
    "wind_u": -0.8177019357681274,
    "wind_u_850hPa": 8.39217472076416,
    "wind_v": 1.6740525960922241,
    "wind_v_850hPa": -8.105459213256836,
    "zone_boundary_step_ppb": null
   }
  },
  {
   "type": "Feature",
   "geometry": {
    "type": "Polygon",
    "coordinates": [
     [
      [
       82.321034131078,
       67.32810945859543
      ],
      [
       82.33688856301627,
       67.28051750978692
      ],
      [
       82.35274283471774,
       67.23292549431156
      ],
      [
       82.36859723981794,
       67.18533351260872
      ],
      [
       82.3844515605518,
       67.13774154909353
      ],
      [
       82.42366374983187,
       67.13984068825648
      ],
      [
       82.46287592076496,
       67.14193978284933
      ],
      [
       82.50208822709928,
       67.14403893360547
      ],
      [
       82.54130034714268,
       67.14613803585888
      ],
      [
       82.5515451194778,
       67.11438922059496
      ],
      [
       82.56178994317597,
       67.08264044981345
      ],
      [
       82.60092519824269,
       67.08469167281126
      ],
      [
       82.64006046904844,
       67.08674279309402
      ],
      [
       82.67919587665732,
       67.08879400107439
      ],
      [
       82.71833109979208,
       67.09084519241186
      ],
      [
       82.70320027689156,
       67.13847729848322
      ],
      [
       82.68806940022219,
       67.18610942989984
      ],
      [
       82.6729385369118,
       67.23374150229643
      ],
      [
       82.65780768949236,
       67.28137361126107
      ],
      [
       82.61835364159036,
       67.2793068762616
      ],
      [
       82.57889951928398,
       67.27724003074853
      ],
      [
       82.53944543209688,
       67.27517326074172
      ],
      [
       82.49999122462398,
       67.27310646551564
      ],
      [
       82.48957710603226,
       67.30483964935529
      ],
      [
       82.47916276688301,
       67.3365728876714
      ],
      [
       82.43963061489896,
       67.33445703611454
      ],
      [
       82.40009850672678,
       67.33234123016766
      ],
      [
       82.36056628687044,
       67.33022536889673
      ],
      [
       82.321034131078,
       67.32810945859543
      ]
     ]
    ]
   },
   "properties": {
    "event_id": "CH4-WSP-047",
    "datetime_utc": "2022-06-09T06:44:36Z",
    "date_utc": "2022-06-09",
    "year": 2022,
    "month": 6,
    "centroid_lon": 82.52061645615849,
    "centroid_lat": 67.20961691696218,
    "area_km2": 291.9721671597683,
    "n_pixels": 6,
    "max_z": 5.386713303122042,
    "mean_z": 4.23548532001296,
    "max_delta": 25.994164911197913,
    "mean_delta": 14.15181830934066,
    "artifact_likely": 0,
    "corr_albedo": -0.37112823557807334,
    "nearest_source_type": "viirs_flare_high",
    "nearest_source_distance_km": 23.739052058014988,
    "matched_schuit_150km": 0,
    "matched_mars_150km": 0,
    "algorithm_version": "2.3.2",
    "config_id": "default_combine",
    "params_hash": "04d66637e0305e40e7ca473e451525062769524f147cfd2648490b698688f8bf",
    "run_id": "default_combine_2022_combined_04d66637",
    "aoi_boundary": "zapsib",
    "artifact_likely_albedo_positive": 0,
    "build_date": "2026-05-23",
    "cluster_id": 1533303324718,
    "cluster_overlap_snow_fraction": 0,
    "count": 6,
    "enrichment_method": "numpy_eigh_with_cos_lat",
    "enrichment_stage": "axis_v1",
    "event_class": "CH4_only",
    "inside_reference_clean_zone": 0,
    "intermediate_asset": "projects/nodal-thunder-481307-u1/assets/RuPlumeScan/catalog/CH4/events_2022_intermediate",
    "nearest_source_id": "viirs_0175",
    "orbit_date_millis": 1654757076000,
    "plume_axis_deg": 153.7594675443676,
    "qa_flags": "",
    "rna_version": "1.2",
    "stage_2_run_date": "2026-05-23T03:00:03.495554+00:00",
    "stage_3_match_radius_km": 150,
    "stage_3_run_date": "2026-05-23",
    "stage_3b_rescope_date": "2026-06-20",
    "surface_confounded_dark": 0,
    "td0044_reclassified": null,
    "wind_alignment_score": 0.3417949627051905,
    "wind_consistency_diff_deg": 94.57543060312958,
    "wind_consistent": null,
    "wind_dir_deg": 212.99792090090045,
    "wind_level": "10m",
    "wind_levels_inconsistent_qa": 1,
    "wind_source": "ERA5_HOURLY_10m",
    "wind_speed": 1.1397162742355356,
    "wind_state": "insufficient_wind",
    "wind_u": 0.9558690190315247,
    "wind_u_850hPa": 2.4935522079467773,
    "wind_v": 0.6206992864608765,
    "wind_v_850hPa": -4.607404708862305,
    "zone_boundary_step_ppb": null
   }
  },
  {
   "type": "Feature",
   "geometry": {
    "type": "Polygon",
    "coordinates": [
     [
      [
       80.45961815240419,
       67.14976778602855
      ],
      [
       80.47269896289102,
       67.11818837182075
      ],
      [
       80.48577966094506,
       67.08660907783748
      ],
      [
       80.52471531922437,
       67.08923431830397
      ],
      [
       80.56365117575439,
       67.09185959536978
      ],
      [
       80.60258687353516,
       67.09448489015298
      ],
      [
       80.64152260322318,
       67.09711021649264
      ],
      [
       80.660625428543,
       67.04970437605154
      ],
      [
       80.6797281638411,
       67.00229859396774
      ],
      [
       80.69883099110987,
       66.95489277834531
      ],
      [
       80.71793386871607,
       66.90748691589425
      ],
      [
       80.75661365188564,
       66.91002755277428
      ],
      [
       80.79529355096437,
       66.91256812994683
      ],
      [
       80.83397357293,
       66.91510865009128
      ],
      [
       80.87265346433382,
       66.91764928424203
      ],
      [
       80.91133331257107,
       66.92018985642206
      ],
      [
       80.95001330546464,
       66.92273037981377
      ],
      [
       80.98869323000434,
       66.92527093619367
      ],
      [
       81.02737309380424,
       66.92781152838825
      ],
      [
       81.01501411002627,
       66.9594387894959
      ],
      [
       81.00265517853224,
       66.99106614511359
      ],
      [
       80.99029622067496,
       67.02269338306195
      ],
      [
       80.97793736284689,
       67.05432066968643
      ],
      [
       80.96557844713011,
       67.08594797171548
      ],
      [
       80.95321931462884,
       67.11757525580681
      ],
      [
       80.94086053574505,
       67.14920253021545
      ],
      [
       80.92850154723722,
       67.18082983027723
      ],
      [
       80.86989104334452,
       67.17694712887781
      ],
      [
       80.8112807014533,
       67.17306433163803
      ],
      [
       80.75267023105036,
       67.16918159710012
      ],
      [
       80.69405982840864,
       67.16529883660826
      ],
      [
       80.63544928378084,
       67.16141602961258
      ],
      [
       80.57683889507324,
       67.15753327719253
      ],
      [
       80.51822849369633,
       67.15365046940833
      ],
      [
       80.45961815240419,
       67.14976778602855
      ]
     ]
    ]
   },
   "properties": {
    "event_id": "CH4-WSP-048",
    "datetime_utc": "2022-07-23T06:18:38Z",
    "date_utc": "2022-07-23",
    "year": 2022,
    "month": 7,
    "centroid_lon": 80.7924302212649,
    "centroid_lat": 67.0529203989976,
    "area_km2": 437.63434429666245,
    "n_pixels": 9,
    "max_z": 5.2247781901904,
    "mean_z": 4.126892338940476,
    "max_delta": 51.1705615922383,
    "mean_delta": 22.463599494075474,
    "artifact_likely": 0,
    "corr_albedo": -0.167867826951335,
    "nearest_source_type": "gas_field",
    "nearest_source_distance_km": 48.746125304952955,
    "matched_schuit_150km": 0,
    "matched_mars_150km": 0,
    "algorithm_version": "2.3.2",
    "config_id": "default_combine",
    "params_hash": "04d66637e0305e40e7ca473e451525062769524f147cfd2648490b698688f8bf",
    "run_id": "default_combine_2022_combined_04d66637",
    "aoi_boundary": "zapsib",
    "artifact_likely_albedo_positive": 0,
    "build_date": "2026-05-23",
    "cluster_id": 1533303324729,
    "cluster_overlap_snow_fraction": 0,
    "count": 9,
    "enrichment_method": "numpy_eigh_with_cos_lat",
    "enrichment_stage": "axis_v1",
    "event_class": "CH4_only",
    "inside_reference_clean_zone": 0,
    "intermediate_asset": "projects/nodal-thunder-481307-u1/assets/RuPlumeScan/catalog/CH4/events_2022_intermediate",
    "nearest_source_id": "ru_yanao_tazovskoe",
    "orbit_date_millis": 1658557118000,
    "plume_axis_deg": 159.68700425292684,
    "qa_flags": "",
    "rna_version": "1.2",
    "stage_2_run_date": "2026-05-23T03:00:03.495554+00:00",
    "stage_3_match_radius_km": 150,
    "stage_3_run_date": "2026-05-23",
    "stage_3b_rescope_date": "2026-06-20",
    "surface_confounded_dark": 0,
    "td0044_reclassified": null,
    "wind_alignment_score": 0.6983444406552268,
    "wind_consistency_diff_deg": 13.907192118075614,
    "wind_consistent": 1,
    "wind_dir_deg": 6.836004593956432,
    "wind_level": "10m",
    "wind_levels_inconsistent_qa": 0,
    "wind_source": "ERA5_HOURLY_10m",
    "wind_speed": 7.47379622168577,
    "wind_state": "aligned",
    "wind_u": -7.420664310455322,
    "wind_u_850hPa": -8.61578369140625,
    "wind_v": -0.8895904421806335,
    "wind_v_850hPa": 1.0687530040740967,
    "zone_boundary_step_ppb": null
   }
  },
  {
   "type": "Feature",
   "geometry": {
    "type": "Polygon",
    "coordinates": [
     [
      [
       70.50262829665887,
       61.90812565372819
      ],
      [
       70.5240090585252,
       61.8775835828618
      ],
      [
       70.5453899765378,
       61.84704153172667
      ],
      [
       70.56677070813649,
       61.81649946593549
      ],
      [
       70.58815153202917,
       61.78595744241184
      ],
      [
       70.6095324858446,
       61.755415389712816
      ],
      [
       70.63091315817083,
       61.724873356436696
      ],
      [
       70.65229412039012,
       61.69433125665798
      ],
      [
       70.67367489185071,
       61.66378922174643
      ],
      [
       70.7341715371922,
       61.67447770989716
      ],
      [
       70.79466817559815,
       61.685166131577795
      ],
      [
       70.77353434133647,
       61.71574664542923
      ],
      [
       70.75240030658003,
       61.74632720744222
      ],
      [
       70.8130976378711,
       61.75697105780237
      ],
      [
       70.87379491457521,
       61.76761491705267
      ],
      [
       70.85789492398095,
       61.79054865216887
      ],
      [
       70.84199474305915,
       61.813482378366416
      ],
      [
       70.82609476438297,
       61.836416052676775
      ],
      [
       70.81019470815231,
       61.85934981352614
      ],
      [
       70.79429472644836,
       61.88228349028595
      ],
      [
       70.77839469398734,
       61.905217243797246
      ],
      [
       70.76249453798974,
       61.92815096375894
      ],
      [
       70.74659458318472,
       61.951084690379936
      ],
      [
       70.68560304997774,
       61.94034487383754
      ],
      [
       70.62461147457623,
       61.929605202914736
      ],
      [
       70.56361979987304,
       61.91886545805205
      ],
      [
       70.50262829665887,
       61.90812565372819
      ]
     ]
    ]
   },
   "properties": {
    "event_id": "CH4-WSP-049",
    "datetime_utc": "2023-04-04T06:35:45Z",
    "date_utc": "2023-04-04",
    "year": 2023,
    "month": 4,
    "centroid_lon": 70.69199794954638,
    "centroid_lat": 61.818943516771135,
    "area_km2": 341.11926894048895,
    "n_pixels": 7,
    "max_z": 6.1772932320521985,
    "mean_z": 4.802494377519437,
    "max_delta": 44.82043294733103,
    "mean_delta": 36.40308136367297,
    "artifact_likely": 1,
    "corr_albedo": 0.5585344974512211,
    "nearest_source_type": "viirs_flare_low",
    "nearest_source_distance_km": 3.3057896828612474,
    "matched_schuit_150km": 0,
    "matched_mars_150km": 1,
    "algorithm_version": "2.3.2",
    "config_id": "default_combine",
    "params_hash": "e28cf8046aba243c45f89c7b47a89288d0e9e597bba906d5566f9b726bcbf4b3",
    "run_id": "default_combine_2023_combined_e28cf804",
    "aoi_boundary": "zapsib",
    "artifact_likely_albedo_positive": 1,
    "build_date": "2026-05-23",
    "cluster_id": 1795296329874,
    "cluster_overlap_snow_fraction": 0.9477141444717576,
    "count": 7,
    "enrichment_method": "numpy_eigh_with_cos_lat",
    "enrichment_stage": "axis_v1",
    "event_class": "CH4_only",
    "inside_reference_clean_zone": 0,
    "intermediate_asset": "projects/nodal-thunder-481307-u1/assets/RuPlumeScan/catalog/CH4/events_2023_intermediate",
    "nearest_source_id": "viirs_0232",
    "orbit_date_millis": 1680590145000,
    "plume_axis_deg": 165.65405103717308,
    "qa_flags": "zone_boundary_adjustment_applied",
    "rna_version": "1.2",
    "stage_2_run_date": "2026-05-23T03:00:11.463093+00:00",
    "stage_3_match_radius_km": 150,
    "stage_3_run_date": "2026-05-23",
    "stage_3b_rescope_date": "2026-06-20",
    "surface_confounded_dark": 0,
    "td0044_reclassified": null,
    "wind_alignment_score": 0.7753269242335471,
    "wind_consistency_diff_deg": 86.90904881197878,
    "wind_consistent": 1,
    "wind_dir_deg": 5.874627856153836,
    "wind_level": "10m",
    "wind_levels_inconsistent_qa": 1,
    "wind_source": "ERA5_HOURLY_10m",
    "wind_speed": 2.309441370763848,
    "wind_state": "aligned",
    "wind_u": -2.2973127365112305,
    "wind_u_850hPa": 0.4107503890991211,
    "wind_v": -0.23637604713439941,
    "wind_v_850hPa": -8.447728157043457,
    "zone_boundary_step_ppb": 16
   }
  },
  {
   "type": "Feature",
   "geometry": {
    "type": "Polygon",
    "coordinates": [
     [
      [
       71.83585931770048,
       60.292129637678784
      ],
      [
       71.85489076160286,
       60.26124360987086
      ],
      [
       71.87392225634616,
       60.23035767946805
      ],
      [
       71.93197524048253,
       60.24043751830374
      ],
      [
       71.9900283398073,
       60.250517258918144
      ],
      [
       72.00887686820926,
       60.21960237189277
      ],
      [
       72.02772552799257,
       60.18868743153084
      ],
      [
       72.0857887071357,
       60.1986545648399
      ],
      [
       72.14385170193796,
       60.20862177683613
      ],
      [
       72.2019147500616,
       60.21858903030588
      ],
      [
       72.25997779639631,
       60.228556247219146
      ],
      [
       72.24594340685681,
       60.2517624701242
      ],
      [
       72.23190886147862,
       60.27496878971338
      ],
      [
       72.2178744425503,
       60.29817505357175
      ],
      [
       72.20383995464613,
       60.32138131752025
      ],
      [
       72.18980555706553,
       60.344587594968424
      ],
      [
       72.17577111578159,
       60.36779385882658
      ],
      [
       72.16173658123073,
       60.39100018515288
      ],
      [
       72.14770209012205,
       60.41420640128586
      ],
      [
       72.0893202379575,
       60.404183441869854
      ],
      [
       72.03093836707238,
       60.39416057367658
      ],
      [
       71.97255642490622,
       60.384137584862465
      ],
      [
       71.91417455029446,
       60.374114656498755
      ],
      [
       71.93317696828926,
       60.34322196599755
      ],
      [
       71.95217940520105,
       60.31232937910352
      ],
      [
       71.89401933234761,
       60.30222946447422
      ],
      [
       71.83585931770048,
       60.292129637678784
      ]
     ]
    ]
   },
   "properties": {
    "event_id": "CH4-WSP-050",
    "datetime_utc": "2023-04-04T06:35:45Z",
    "date_utc": "2023-04-04",
    "year": 2023,
    "month": 4,
    "centroid_lon": 72.06250257126278,
    "centroid_lat": 60.29713221614259,
    "area_km2": 340.94095419003617,
    "n_pixels": 7,
    "max_z": 3.754845380170564,
    "mean_z": 3.5304944113227075,
    "max_delta": 25.115506989624464,
    "mean_delta": 14.44713106477671,
    "artifact_likely": 0,
    "corr_albedo": -0.2867849660368879,
    "nearest_source_type": "viirs_flare_high",
    "nearest_source_distance_km": 14.974256792025168,
    "matched_schuit_150km": 0,
    "matched_mars_150km": 1,
    "algorithm_version": "2.3.2",
    "config_id": "default_combine",
    "params_hash": "e28cf8046aba243c45f89c7b47a89288d0e9e597bba906d5566f9b726bcbf4b3",
    "run_id": "default_combine_2023_combined_e28cf804",
    "aoi_boundary": "zapsib",
    "artifact_likely_albedo_positive": 0,
    "build_date": "2026-05-23",
    "cluster_id": 1906965479567,
    "cluster_overlap_snow_fraction": 0.2256641293026963,
    "count": 7,
    "enrichment_method": "numpy_eigh_with_cos_lat",
    "enrichment_stage": "axis_v1",
    "event_class": "CH4_only",
    "inside_reference_clean_zone": 0,
    "intermediate_asset": "projects/nodal-thunder-481307-u1/assets/RuPlumeScan/catalog/CH4/events_2023_intermediate",
    "nearest_source_id": "viirs_0346",
    "orbit_date_millis": 1680590145000,
    "plume_axis_deg": 15.365427255016353,
    "qa_flags": "",
    "rna_version": "1.2",
    "stage_2_run_date": "2026-05-23T03:00:11.463093+00:00",
    "stage_3_match_radius_km": 150,
    "stage_3_run_date": "2026-05-23",
    "stage_3b_rescope_date": "2026-06-20",
    "surface_confounded_dark": 0,
    "td0044_reclassified": null,
    "wind_alignment_score": 0.7601868178174451,
    "wind_consistency_diff_deg": 68.84263863805313,
    "wind_consistent": 1,
    "wind_dir_deg": 36.948613651446294,
    "wind_level": "10m",
    "wind_levels_inconsistent_qa": 1,
    "wind_source": "ERA5_HOURLY_10m",
    "wind_speed": 3.5752035026054543,
    "wind_state": "aligned",
    "wind_u": -2.857213020324707,
    "wind_u_850hPa": 1.9839601516723633,
    "wind_v": -2.1490495204925537,
    "wind_v_850hPa": -7.015254497528076,
    "zone_boundary_step_ppb": null
   }
  },
  {
   "type": "Feature",
   "geometry": {
    "type": "Polygon",
    "coordinates": [
     [
      [
       73.98567668218858,
       61.04633751261593
      ],
      [
       74.00294455105298,
       61.01515276773328
      ],
      [
       74.02021238464401,
       60.98396803921115
      ],
      [
       74.08042359752959,
       60.99286623583912
      ],
      [
       74.14063492425323,
       61.001764342004584
      ],
      [
       74.15771318777627,
       60.970552853512366
      ],
      [
       74.17479160308815,
       60.93934133594997
      ],
      [
       74.11469856136527,
       60.930458887293774
      ],
      [
       74.05460542112723,
       60.92157631403759
      ],
      [
       74.0717283249717,
       60.890371562250465
      ],
      [
       74.08885137682246,
       60.85916677093307
      ],
      [
       74.13388877577657,
       60.865765657985435
      ],
      [
       74.17892634353201,
       60.87236452725997
      ],
      [
       74.22396388780398,
       60.878963454948554
      ],
      [
       74.2690012728643,
       60.8855624331474
      ],
      [
       74.31403877108151,
       60.89216132065341
      ],
      [
       74.35907619034519,
       60.89876019394633
      ],
      [
       74.40411363562711,
       60.90535916498593
      ],
      [
       74.44915123041343,
       60.9119580744948
      ],
      [
       74.43234041872286,
       60.943209698212506
      ],
      [
       74.41552952191202,
       60.974461256746146
      ],
      [
       74.39871881009809,
       61.00571285100276
      ],
      [
       74.3819079587402,
       61.036964511617384
      ],
      [
       74.32155405428723,
       61.028197898444326
      ],
      [
       74.26120009924341,
       61.01943133717949
      ],
      [
       74.2441641095702,
       61.05065168556399
      ],
      [
       74.22712806237723,
       61.08187208213984
      ],
      [
       74.16676526186743,
       61.072988446827054
      ],
      [
       74.10640235240228,
       61.06410481072671
      ],
      [
       74.0460394528301,
       61.05522116788992
      ],
      [
       73.98567668218858,
       61.04633751261593
      ]
     ]
    ]
   },
   "properties": {
    "event_id": "CH4-WSP-051",
    "datetime_utc": "2023-04-04T06:35:45Z",
    "date_utc": "2023-04-04",
    "year": 2023,
    "month": 4,
    "centroid_lon": 74.2228255885439,
    "centroid_lat": 60.970380630338155,
    "area_km2": 341.16132351012425,
    "n_pixels": 7,
    "max_z": 6.47344101437397,
    "mean_z": 3.8004448270429623,
    "max_delta": 25.93345018543073,
    "mean_delta": 15.116833904567535,
    "artifact_likely": 0,
    "corr_albedo": -0.08085555061308525,
    "nearest_source_type": "viirs_flare_high",
    "nearest_source_distance_km": 27.7338907466925,
    "matched_schuit_150km": 0,
    "matched_mars_150km": 1,
    "algorithm_version": "2.3.2",
    "config_id": "default_combine",
    "params_hash": "e28cf8046aba243c45f89c7b47a89288d0e9e597bba906d5566f9b726bcbf4b3",
    "run_id": "default_combine_2023_combined_e28cf804",
    "aoi_boundary": "zapsib",
    "artifact_likely_albedo_positive": 0,
    "build_date": "2026-05-23",
    "cluster_id": 1889785610363,
    "cluster_overlap_snow_fraction": 0.268337317482879,
    "count": 7,
    "enrichment_method": "numpy_eigh_with_cos_lat",
    "enrichment_stage": "axis_v1",
    "event_class": "wind_ambiguous",
    "inside_reference_clean_zone": 0,
    "intermediate_asset": "projects/nodal-thunder-481307-u1/assets/RuPlumeScan/catalog/CH4/events_2023_intermediate",
    "nearest_source_id": "viirs_0366",
    "orbit_date_millis": 1680590145000,
    "plume_axis_deg": 134.16027748340906,
    "qa_flags": "",
    "rna_version": "1.2",
    "stage_2_run_date": "2026-05-23T03:00:11.463093+00:00",
    "stage_3_match_radius_km": 150,
    "stage_3_run_date": "2026-05-23",
    "stage_3b_rescope_date": "2026-06-20",
    "surface_confounded_dark": 0,
    "td0044_reclassified": null,
    "wind_alignment_score": 0.0008242436968670663,
    "wind_consistency_diff_deg": 66.90065485548956,
    "wind_consistent": 0,
    "wind_dir_deg": 44.08609555069103,
    "wind_level": "10m",
    "wind_levels_inconsistent_qa": 1,
    "wind_source": "ERA5_HOURLY_10m",
    "wind_speed": 3.3484171677422467,
    "wind_state": "misaligned",
    "wind_u": -2.405151844024658,
    "wind_u_850hPa": 3.4070749282836914,
    "wind_v": -2.329622745513916,
    "wind_v_850hPa": -8.881872177124023,
    "zone_boundary_step_ppb": null
   }
  },
  {
   "type": "Feature",
   "geometry": {
    "type": "MultiPolygon",
    "coordinates": [
     [
      [
       [
        75.04416035249906,
        61.26471303739493
       ],
       [
        75.06043378133693,
        61.23338342444954
       ],
       [
        75.07670726645254,
        61.20205380561158
       ],
       [
        75.1376697698054,
        61.210369997259605
       ],
       [
        75.19863241278868,
        61.21868620417072
       ],
       [
        75.1824815388683,
        61.25003148327974
       ],
       [
        75.16633075780598,
        61.28137673237677
       ],
       [
        75.1052454984284,
        61.27304492056857
       ],
       [
        75.04416035249906,
        61.26471303739493
       ]
      ]
     ],
     [
      [
       [
        75.04416035249906,
        61.26471303739493
       ],
       [
        75.02781764327115,
        61.296031529848946
       ],
       [
        75.01147498079293,
        61.32735005282512
       ],
       [
        74.95033860808824,
        61.31893350772919
       ],
       [
        74.88920204124175,
        61.310516965507915
       ],
       [
        74.90566512851163,
        61.2792140395905
       ],
       [
        74.92212808190172,
        61.24791115237454
       ],
       [
        74.98314417237826,
        61.25631212761108
       ],
       [
        75.04416035249906,
        61.26471303739493
       ]
      ]
     ],
     [
      [
       [
        75.01147498079293,
        61.32735005282512
       ],
       [
        75.07271522583645,
        61.33566628516149
       ],
       [
        75.13395544836814,
        61.34398250690539
       ],
       [
        75.19519552790135,
        61.352298724097004
       ],
       [
        75.25643579408091,
        61.3606149928337
       ],
       [
        75.24023247982215,
        61.39195347045822
       ],
       [
        75.22402928183891,
        61.42329205650488
       ],
       [
        75.2078259809647,
        61.45463061305298
       ],
       [
        75.19162270173587,
        61.485969222551105
       ],
       [
        75.14553563766366,
        61.47968188517282
       ],
       [
        75.09944868446634,
        61.47339456869667
       ],
       [
        75.05336152777988,
        61.467107229726224
       ],
       [
        75.00727460678488,
        61.46081990908675
       ],
       [
        74.96118745654394,
        61.45453254629533
       ],
       [
        74.91510051637239,
        61.44824518248617
       ],
       [
        74.86901341738745,
        61.44195785895536
       ],
       [
        74.82292650280681,
        61.43567051505097
       ],
       [
        74.83952993297582,
        61.4043855163466
       ],
       [
        74.85613331089372,
        61.37310046155229
       ],
       [
        74.91739251227285,
        61.38153483713229
       ],
       [
        74.97865159832676,
        61.38996923093079
       ],
       [
        74.9950632715975,
        61.35865960777211
       ],
       [
        75.01147498079293,
        61.32735005282512
       ]
      ]
     ]
    ]
   },
   "properties": {
    "event_id": "CH4-WSP-052",
    "datetime_utc": "2023-04-04T06:35:45Z",
    "date_utc": "2023-04-04",
    "year": 2023,
    "month": 4,
    "centroid_lon": 75.05635614067717,
    "centroid_lat": 61.366941159799175,
    "area_km2": 340.7973173788356,
    "n_pixels": 7,
    "max_z": 5.4129175100711695,
    "mean_z": 4.81405036183028,
    "max_delta": 29.332688472734162,
    "mean_delta": 16.605879151427583,
    "artifact_likely": 1,
    "corr_albedo": -0.1220943142166926,
    "nearest_source_type": "viirs_flare_high",
    "nearest_source_distance_km": 25.947702280585002,
    "matched_schuit_150km": 0,
    "matched_mars_150km": 1,
    "algorithm_version": "2.3.2",
    "config_id": "default_combine",
    "params_hash": "e28cf8046aba243c45f89c7b47a89288d0e9e597bba906d5566f9b726bcbf4b3",
    "run_id": "default_combine_2023_combined_e28cf804",
    "aoi_boundary": "zapsib",
    "artifact_likely_albedo_positive": 0,
    "build_date": "2026-05-23",
    "cluster_id": 1868310773875,
    "cluster_overlap_snow_fraction": 0.9981836458802732,
    "count": 7,
    "enrichment_method": "numpy_eigh_with_cos_lat",
    "enrichment_stage": "axis_v1",
    "event_class": "wind_ambiguous",
    "inside_reference_clean_zone": 0,
    "intermediate_asset": "projects/nodal-thunder-481307-u1/assets/RuPlumeScan/catalog/CH4/events_2023_intermediate",
    "nearest_source_id": "viirs_0370",
    "orbit_date_millis": 1680590145000,
    "plume_axis_deg": 179.47105866656378,
    "qa_flags": "zone_boundary_adjustment_applied",
    "rna_version": "1.2",
    "stage_2_run_date": "2026-05-23T03:00:11.463093+00:00",
    "stage_3_match_radius_km": 150,
    "stage_3_run_date": "2026-05-23",
    "stage_3b_rescope_date": "2026-06-20",
    "surface_confounded_dark": 0,
    "td0044_reclassified": null,
    "wind_alignment_score": 0.3301985909146187,
    "wind_consistency_diff_deg": 46.467634069584506,
    "wind_consistent": 0,
    "wind_dir_deg": 59.75318548424809,
    "wind_level": "10m",
    "wind_levels_inconsistent_qa": 1,
    "wind_source": "ERA5_HOURLY_10m",
    "wind_speed": 2.4152576550509695,
    "wind_state": "misaligned",
    "wind_u": -1.2166279554367065,
    "wind_u_850hPa": 2.869701385498047,
    "wind_v": -2.0864529609680176,
    "wind_v_850hPa": -9.86419677734375,
    "zone_boundary_step_ppb": 16
   }
  },
  {
   "type": "Feature",
   "geometry": {
    "type": "Polygon",
    "coordinates": [
     [
      [
       75.5102388740545,
       60.85846220479296
      ],
      [
       75.52576887767775,
       60.827031121771235
      ],
      [
       75.54129876898065,
       60.79560006666769
      ],
      [
       75.55682877081692,
       60.76416890620722
      ],
      [
       75.57235860660617,
       60.73273781500313
      ],
      [
       75.63250066624244,
       60.740793223027204
      ],
      [
       75.6926429459247,
       60.748848550719046
      ],
      [
       75.7079575725199,
       60.7173873923274
      ],
      [
       75.72327248200824,
       60.685926203685064
      ],
      [
       75.78336097225535,
       60.69389907275968
      ],
      [
       75.8434497313946,
       60.70187193607632
      ],
      [
       75.82825303688806,
       60.733348787113385
      ],
      [
       75.81305636053169,
       60.76482555314466
      ],
      [
       75.87332783475273,
       60.77274712021262
      ],
      [
       75.93359932541655,
       60.780668747948674
      ],
      [
       75.91845841896655,
       60.812152253448495
      ],
      [
       75.9033175619061,
       60.8436356867868
      ],
      [
       75.84295912362839,
       60.83566392172544
      ],
      [
       75.78260084047318,
       60.82769217548666
      ],
      [
       75.72224239420335,
       60.8197203957915
      ],
      [
       75.66188400273778,
       60.8117486787235
      ],
      [
       75.64643986972665,
       60.843192047340146
      ],
      [
       75.63099577360448,
       60.874635339910775
      ],
      [
       75.5706173170906,
       60.86654876638169
      ],
      [
       75.5102388740545,
       60.85846220479296
      ]
     ]
    ]
   },
   "properties": {
    "event_id": "CH4-WSP-053",
    "datetime_utc": "2023-04-04T06:35:45Z",
    "date_utc": "2023-04-04",
    "year": 2023,
    "month": 4,
    "centroid_lon": 75.71338624858699,
    "centroid_lat": 60.78508235986036,
    "area_km2": 243.56832438986913,
    "n_pixels": 5,
    "max_z": 3.555818989436308,
    "mean_z": 3.377595706047379,
    "max_delta": 17.109474738886775,
    "mean_delta": 12.325168400433459,
    "artifact_likely": 1,
    "corr_albedo": -0.34958389833396086,
    "nearest_source_type": "viirs_flare_high",
    "nearest_source_distance_km": 49.242724028486535,
    "matched_schuit_150km": 0,
    "matched_mars_150km": 1,
    "algorithm_version": "2.3.2",
    "config_id": "default_combine",
    "params_hash": "e28cf8046aba243c45f89c7b47a89288d0e9e597bba906d5566f9b726bcbf4b3",
    "run_id": "default_combine_2023_combined_e28cf804",
    "aoi_boundary": "zapsib",
    "artifact_likely_albedo_positive": 0,
    "build_date": "2026-05-23",
    "cluster_id": 1915555414128,
    "cluster_overlap_snow_fraction": 0.5926492685402203,
    "count": 5,
    "enrichment_method": "numpy_eigh_with_cos_lat",
    "enrichment_stage": "axis_v1",
    "event_class": "wind_ambiguous",
    "inside_reference_clean_zone": 0,
    "intermediate_asset": "projects/nodal-thunder-481307-u1/assets/RuPlumeScan/catalog/CH4/events_2023_intermediate",
    "nearest_source_id": "viirs_0376",
    "orbit_date_millis": 1680590145000,
    "plume_axis_deg": 112.90054064199678,
    "qa_flags": "",
    "rna_version": "1.2",
    "stage_2_run_date": "2026-05-23T03:00:11.463093+00:00",
    "stage_3_match_radius_km": 150,
    "stage_3_run_date": "2026-05-23",
    "stage_3b_rescope_date": "2026-06-20",
    "surface_confounded_dark": 0,
    "td0044_reclassified": null,
    "wind_alignment_score": 0.35114275550697005,
    "wind_consistency_diff_deg": 59.58373319868622,
    "wind_consistent": 0,
    "wind_dir_deg": 54.503388637624084,
    "wind_level": "10m",
    "wind_levels_inconsistent_qa": 1,
    "wind_source": "ERA5_HOURLY_10m",
    "wind_speed": 2.502814505094601,
    "wind_state": "misaligned",
    "wind_u": -1.4532712697982788,
    "wind_u_850hPa": 4.029687881469727,
    "wind_v": -2.037666082382202,
    "wind_v_850hPa": -9.013915061950684,
    "zone_boundary_step_ppb": null
   }
  },
  {
   "type": "Feature",
   "geometry": {
    "type": "Polygon",
    "coordinates": [
     [
      [
       65.93436835362361,
       61.403257367466914
      ],
      [
       65.96020664607254,
       61.37365332695094
      ],
      [
       65.98604498597359,
       61.34404942549282
      ],
      [
       66.02956960636672,
       61.35387501928059
      ],
      [
       66.07309430165822,
       61.36370064957747
      ],
      [
       66.11661917158409,
       61.37352625200925
      ],
      [
       66.16014384146884,
       61.38335186338994
      ],
      [
       66.20366863517786,
       61.39317755586958
      ],
      [
       66.2471933447532,
       61.403003207993976
      ],
      [
       66.29071798635275,
       61.41282883473968
      ],
      [
       66.33424281303829,
       61.42265440000042
      ],
      [
       66.30863744580907,
       61.45232414081739
      ],
      [
       66.28303218028654,
       61.481993917255316
      ],
      [
       66.25742697852331,
       61.51166361780158
      ],
      [
       66.23182170680208,
       61.54133339750045
      ],
      [
       66.1735456046637,
       61.52821248766415
      ],
      [
       66.11526973221835,
       61.515091556412244
      ],
      [
       66.0569937281433,
       61.50197069804521
      ],
      [
       65.99871763698887,
       61.48884979737399
      ],
      [
       66.02456716902554,
       61.459239111798496
      ],
      [
       66.05041655215733,
       61.429628454686565
      ],
      [
       65.99239244365894,
       61.416442938451446
      ],
      [
       65.93436835362361,
       61.403257367466914
      ]
     ]
    ]
   },
   "properties": {
    "event_id": "CH4-WSP-054",
    "datetime_utc": "2023-04-30T06:51:59Z",
    "date_utc": "2023-04-30",
    "year": 2023,
    "month": 4,
    "centroid_lon": 66.13691897764785,
    "centroid_lat": 61.44198828182144,
    "area_km2": 243.6996631750855,
    "n_pixels": 5,
    "max_z": 4.787200829049656,
    "mean_z": 4.157268665754602,
    "max_delta": 21.95498306139484,
    "mean_delta": 12.2693612713467,
    "artifact_likely": 0,
    "corr_albedo": -0.38773727396807206,
    "nearest_source_type": "viirs_flare_high",
    "nearest_source_distance_km": 7.13315301331507,
    "matched_schuit_150km": 0,
    "matched_mars_150km": 1,
    "algorithm_version": "2.3.2",
    "config_id": "default_combine",
    "params_hash": "e28cf8046aba243c45f89c7b47a89288d0e9e597bba906d5566f9b726bcbf4b3",
    "run_id": "default_combine_2023_combined_e28cf804",
    "aoi_boundary": "zapsib",
    "artifact_likely_albedo_positive": 0,
    "build_date": "2026-05-23",
    "cluster_id": 1765231558837,
    "cluster_overlap_snow_fraction": 0,
    "count": 5,
    "enrichment_method": "numpy_eigh_with_cos_lat",
    "enrichment_stage": "axis_v1",
    "event_class": "wind_ambiguous",
    "inside_reference_clean_zone": 0,
    "intermediate_asset": "projects/nodal-thunder-481307-u1/assets/RuPlumeScan/catalog/CH4/events_2023_intermediate",
    "nearest_source_id": "viirs_0132",
    "orbit_date_millis": 1682837519000,
    "plume_axis_deg": 35.543586462160924,
    "qa_flags": "zone_boundary_adjustment_applied",
    "rna_version": "1.2",
    "stage_2_run_date": "2026-05-23T03:00:11.463093+00:00",
    "stage_3_match_radius_km": 150,
    "stage_3_run_date": "2026-05-23",
    "stage_3b_rescope_date": "2026-06-20",
    "surface_confounded_dark": 0,
    "td0044_reclassified": null,
    "wind_alignment_score": 0.4042598512102604,
    "wind_consistency_diff_deg": 6.747986304185019,
    "wind_consistent": 0,
    "wind_dir_deg": 89.16019985323749,
    "wind_level": "10m",
    "wind_levels_inconsistent_qa": 0,
    "wind_source": "ERA5_HOURLY_10m",
    "wind_speed": 3.7374739321936903,
    "wind_state": "misaligned",
    "wind_u": -0.054779231548309326,
    "wind_u_850hPa": -1.8572578430175781,
    "wind_v": -3.737072467803955,
    "wind_v_850hPa": -13.942170143127441,
    "zone_boundary_step_ppb": 16
   }
  },
  {
   "type": "Feature",
   "geometry": {
    "type": "Polygon",
    "coordinates": [
     [
      [
       70.26731252047563,
       71.53760791775416
      ],
      [
       70.30019398010556,
       71.50768738589832
      ],
      [
       70.33307542886342,
       71.47776681779695
      ],
      [
       70.37903375700138,
       71.4830669486219
      ],
      [
       70.4249919011171,
       71.48836718212547
      ],
      [
       70.47095031775962,
       71.493667384713
      ],
      [
       70.51690847070437,
       71.49896760078181
      ],
      [
       70.56286671655512,
       71.50426778073307
      ],
      [
       70.60882508123434,
       71.50956793426045
      ],
      [
       70.65478349242015,
       71.51486815527296
      ],
      [
       70.70074161132429,
       71.52016832042163
      ],
      [
       70.66837743750482,
       71.5501536085801
      ],
      [
       70.63601347870635,
       71.58013881119365
      ],
      [
       70.68225747383717,
       71.58538274612071
      ],
      [
       70.72850171758702,
       71.5906265868295
      ],
      [
       70.77474603963091,
       71.5958705114976
      ],
      [
       70.82099033235006,
       71.60111442127268
      ],
      [
       70.84854721067275,
       71.57481017640382
      ],
      [
       70.87610411133029,
       71.54850591357382
      ],
      [
       70.90366114137097,
       71.52220173731052
      ],
      [
       70.93121823534624,
       71.4958974506517
      ],
      [
       70.95877517145661,
       71.46959321844653
      ],
      [
       70.98633192277413,
       71.4432890368125
      ],
      [
       71.0138888854292,
       71.41698475687407
      ],
      [
       71.04144583809679,
       71.39068054354303
      ],
      [
       71.06900284862081,
       71.36437630832957
      ],
      [
       71.0965598883576,
       71.33807204722508
      ],
      [
       71.12411683337785,
       71.31176784081511
      ],
      [
       71.15167375076285,
       71.28546360059092
      ],
      [
       71.1792308406009,
       71.25915934631668
      ],
      [
       71.20678775025767,
       71.23285513488989
      ],
      [
       71.23434477422293,
       71.20655090142688
      ],
      [
       71.26190165500803,
       71.18024661829543
      ],
      [
       71.3073420644319,
       71.18533002942223
      ],
      [
       71.35278257614375,
       71.19041333904273
      ],
      [
       71.3982230271072,
       71.19549672569876
      ],
      [
       71.4436635358655,
       71.20058011373357
      ],
      [
       71.41302518261028,
       71.2307169835082
      ],
      [
       71.3823865639567,
       71.26085382206135
      ],
      [
       71.42810120881093,
       71.26588034384115
      ],
      [
       71.47381588177213,
       71.27090686829892
      ],
      [
       71.51953060787068,
       71.27593340451126
      ],
      [
       71.56524550529595,
       71.28095987667379
      ],
      [
       71.6109601839274,
       71.28598644036774
      ],
      [
       71.65667485485943,
       71.2910129350427
      ],
      [
       71.70238945030401,
       71.29603945472576
      ],
      [
       71.74810431709463,
       71.30106594654971
      ],
      [
       71.72522222455503,
       71.32369426190108
      ],
      [
       71.70234040156595,
       71.34632251318591
      ],
      [
       71.67945854450375,
       71.36895076402826
      ],
      [
       71.65657667120611,
       71.39157901604756
      ],
      [
       71.63369479951015,
       71.41420727087167
      ],
      [
       71.6108129472524,
       71.43683553013678
      ],
      [
       71.58793113226882,
       71.45946379548745
      ],
      [
       71.56504927851509,
       71.48209215339395
      ],
      [
       71.61135471420552,
       71.48706790748746
      ],
      [
       71.65766033148043,
       71.49204368820197
      ],
      [
       71.70396592511467,
       71.49701948160737
      ],
      [
       71.75027128977462,
       71.50199527399941
      ],
      [
       71.79657691479973,
       71.50697112062817
      ],
      [
       71.84288245614086,
       71.51194689985081
      ],
      [
       71.88918784708426,
       71.51692270597647
      ],
      [
       71.93549343811041,
       71.52189848605101
      ],
      [
       71.90512472876988,
       71.55210662911479
      ],
      [
       71.87475596838726,
       71.5823148508715
      ],
      [
       71.92134362171468,
       71.58723214381605
      ],
      [
       71.96793120325128,
       71.59214938629215
      ],
      [
       72.01451887967704,
       71.59706669528603
      ],
      [
       72.06110630471775,
       71.60198394975063
      ],
      [
       72.03081123628534,
       71.63220993675208
      ],
      [
       72.00051615826933,
       71.66243600302272
      ],
      [
       72.04733904750064,
       71.66731978768559
      ],
      [
       72.09416167279169,
       71.67220362815536
      ],
      [
       72.14098438703917,
       71.67708747125893
      ],
      [
       72.18780721730137,
       71.6819713261922
      ],
      [
       72.15758794837181,
       71.71221292368404
      ],
      [
       72.12736849063178,
       71.74245457877124
      ],
      [
       72.08040869113019,
       71.73755508698555
      ],
      [
       72.03344871516985,
       71.73265570944595
      ],
      [
       71.9864889545462,
       71.72775628925315
      ],
      [
       71.93952891400501,
       71.72285677172238
      ],
      [
       71.91635607016309,
       71.74549510670283
      ],
      [
       71.89318327694622,
       71.76813335412362
      ],
      [
       71.87001060075178,
       71.79077170858218
      ],
      [
       71.84683768330581,
       71.81341004129764
      ],
      [
       71.82366487158141,
       71.83604829202615
      ],
      [
       71.80049199573433,
       71.8586866324346
      ],
      [
       71.77731926233245,
       71.88132489461266
      ],
      [
       71.75414626429986,
       71.9039632271567
      ],
      [
       71.70692447469591,
       71.89894112207983
      ],
      [
       71.65970258774642,
       71.89391908053206
      ],
      [
       71.61248067013346,
       71.88889700791206
      ],
      [
       71.56525893008936,
       71.88387491769504
      ],
      [
       71.51803700773958,
       71.87885286162934
      ],
      [
       71.4708151108036,
       71.87383085318261
      ],
      [
       71.4235930710881,
       71.86880877449535
      ],
      [
       71.37637133298419,
       71.86378666271418
      ],
      [
       71.40792062534581,
       71.83367324141277
      ],
      [
       71.43946981357462,
       71.80355981942016
      ],
      [
       71.47101909031376,
       71.77344641442757
      ],
      [
       71.50256817779476,
       71.74333299729776
      ],
      [
       71.4557755159363,
       71.73826857628625
      ],
      [
       71.40898282707292,
       71.73320415017233
      ],
      [
       71.36219031820852,
       71.72813973279037
      ],
      [
       71.3153974935455,
       71.72307526743772
      ],
      [
       71.33887796069463,
       71.70048831299954
      ],
      [
       71.36235849561935,
       71.67790124258309
      ],
      [
       71.38583912239282,
       71.65531424669689
      ],
      [
       71.40931968515078,
       71.63272721490661
      ],
      [
       71.4328000710515,
       71.61014022968017
      ],
      [
       71.45628059034225,
       71.58755322749677
      ],
      [
       71.47976099208063,
       71.56496618268183
      ],
      [
       71.50324172254822,
       71.54237913964592
      ],
      [
       71.45700347425014,
       71.53728905705445
      ],
      [
       71.4107654832941,
       71.53219900488983
      ],
      [
       71.3645272593837,
       71.52710892689132
      ],
      [
       71.31828924007581,
       71.52201886052522
      ],
      [
       71.27205107185446,
       71.51692885748677
      ],
      [
       71.22581315103258,
       71.51183876265769
      ],
      [
       71.17957502879509,
       71.5067487121611
      ],
      [
       71.13333700632936,
       71.50165863561234
      ],
      [
       71.10159922378404,
       71.53171850375547
      ],
      [
       71.0698616192264,
       71.56177849728628
      ],
      [
       71.03812396412181,
       71.59183840580344
      ],
      [
       71.00638620392164,
       71.62189832009095
      ],
      [
       71.05283903852248,
       71.62704408044682
      ],
      [
       71.09929167886601,
       71.63218987575134
      ],
      [
       71.14574438522607,
       71.63733573964888
      ],
      [
       71.19219714436186,
       71.6424814889068
      ],
      [
       71.16041700146445,
       71.67255149323707
      ],
      [
       71.12863698270469,
       71.70262142280842
      ],
      [
       71.08205151100003,
       71.69745890313274
      ],
      [
       71.03546636099117,
       71.69229633308309
      ],
      [
       70.98888107710941,
       71.68713384793726
      ],
      [
       70.94229549564363,
       71.68197132930949
      ],
      [
       70.91794556546051,
       71.70447810115746
      ],
      [
       70.89359550545257,
       71.72698480610605
      ],
      [
       70.86924546980642,
       71.74949155590991
      ],
      [
       70.84489547664674,
       71.77199835385231
      ],
      [
       70.82054540775152,
       71.79450509466912
      ],
      [
       70.79619551643363,
       71.81701180592292
      ],
      [
       70.77184538733282,
       71.83951863512848
      ],
      [
       70.74749533533921,
       71.8620253327671
      ],
      [
       70.70061246354157,
       71.85676361883876
      ],
      [
       70.6537292013263,
       71.85150189468094
      ],
      [
       70.60684632814424,
       71.84624013940508
      ],
      [
       70.55996348039642,
       71.8409784026595
      ],
      [
       70.5845140975804,
       71.81849672479896
      ],
      [
       70.6090647909414,
       71.79601505874255
      ],
      [
       70.63361554244057,
       71.77353340092799
      ],
      [
       70.65816609943242,
       71.75105172331268
      ],
      [
       70.682716913296,
       71.72857007136574
      ],
      [
       70.70726749703307,
       71.70608839260909
      ],
      [
       70.7318183009055,
       71.6836067323858
      ],
      [
       70.75636883896507,
       71.66112503837941
      ],
      [
       70.7100455019971,
       71.65584038083973
      ],
      [
       70.66372218098762,
       71.65055586214159
      ],
      [
       70.61739891203196,
       71.64527119526983
      ],
      [
       70.57107537144279,
       71.63998662282805
      ],
      [
       70.52475219713291,
       71.63470201571732
      ],
      [
       70.47842869691283,
       71.62941748306481
      ],
      [
       70.43210527639067,
       71.62413287130333
      ],
      [
       70.3857820423556,
       71.61884827945511
      ],
      [
       70.41861651518317,
       71.58890985550592
      ],
      [
       70.45145105432445,
       71.55897149941376
      ],
      [
       70.40541642736542,
       71.55363060844583
      ],
      [
       70.35938177493064,
       71.54828971697347
      ],
      [
       70.31334730279691,
       71.54294884000102
      ],
      [
       70.26731252047563,
       71.53760791775416
      ]
     ]
    ]
   },
   "properties": {
    "event_id": "CH4-WSP-055",
    "datetime_utc": "2023-04-30T06:51:59Z",
    "date_utc": "2023-04-30",
    "year": 2023,
    "month": 4,
    "centroid_lon": 71.32619680334541,
    "centroid_lat": 71.57299743045375,
    "area_km2": 1947.8216360088418,
    "n_pixels": 40,
    "max_z": 7.236253263309417,
    "mean_z": 4.4589915415190635,
    "max_delta": 52.49547115346263,
    "mean_delta": 22.823665588210993,
    "artifact_likely": 1,
    "corr_albedo": 0.17738773452397183,
    "nearest_source_type": "gas_field",
    "nearest_source_distance_km": 10.004077736630231,
    "matched_schuit_150km": 0,
    "matched_mars_150km": 0,
    "algorithm_version": "2.3.2",
    "config_id": "default_combine",
    "params_hash": "e28cf8046aba243c45f89c7b47a89288d0e9e597bba906d5566f9b726bcbf4b3",
    "run_id": "default_combine_2023_combined_e28cf804",
    "aoi_boundary": "zapsib",
    "artifact_likely_albedo_positive": 0,
    "build_date": "2026-05-23",
    "cluster_id": 1185410973785,
    "cluster_overlap_snow_fraction": 1,
    "count": 40,
    "enrichment_method": "numpy_eigh_with_cos_lat",
    "enrichment_stage": "axis_v1",
    "event_class": "wind_ambiguous",
    "inside_reference_clean_zone": 0,
    "intermediate_asset": "projects/nodal-thunder-481307-u1/assets/RuPlumeScan/catalog/CH4/events_2023_intermediate",
    "nearest_source_id": "manual_p_01_0d_tambeyskoye",
    "orbit_date_millis": 1682837519000,
    "plume_axis_deg": 7.287678089832594,
    "qa_flags": "",
    "rna_version": "1.2",
    "stage_2_run_date": "2026-05-23T03:00:11.463093+00:00",
    "stage_3_match_radius_km": 150,
    "stage_3_run_date": "2026-05-23",
    "stage_3b_rescope_date": "2026-06-20",
    "surface_confounded_dark": 0,
    "td0044_reclassified": null,
    "wind_alignment_score": 0.306208488549651,
    "wind_consistency_diff_deg": 27.83157351362604,
    "wind_consistent": 0,
    "wind_dir_deg": 124.84644205930118,
    "wind_level": "10m",
    "wind_levels_inconsistent_qa": 0,
    "wind_source": "ERA5_HOURLY_10m",
    "wind_speed": 4.121923207860572,
    "wind_state": "misaligned",
    "wind_u": 2.355180263519287,
    "wind_u_850hPa": 1.8295326232910156,
    "wind_v": -3.3828060626983643,
    "wind_v_850hPa": -14.868448257446289,
    "zone_boundary_step_ppb": null
   }
  },
  {
   "type": "Feature",
   "geometry": {
    "type": "Polygon",
    "coordinates": [
     [
      [
       77.00538429353024,
       64.69497911862716
      ],
      [
       77.02143937530978,
       64.66362491212388
      ],
      [
       77.037494412625,
       64.63227075889037
      ],
      [
       77.10711425323667,
       64.63944995546319
      ],
      [
       77.17673428515708,
       64.64662908543585
      ],
      [
       77.19251390444025,
       64.61524594824031
      ],
      [
       77.20829357626673,
       64.5838627996553
      ],
      [
       77.22407310532735,
       64.5524796440828
      ],
      [
       77.23985284942196,
       64.52109644260665
      ],
      [
       77.30922984301286,
       64.52816636103127
      ],
      [
       77.37860671197826,
       64.53523630050701
      ],
      [
       77.3629111391509,
       64.56662777783923
      ],
      [
       77.3472156636899,
       64.59801925340724
      ],
      [
       77.33152026317077,
       64.62941079557531
      ],
      [
       77.31582479788405,
       64.6608023705367
      ],
      [
       77.30012934651221,
       64.69219387145847
      ],
      [
       77.2844338859143,
       64.7235853666773
      ],
      [
       77.26873822402857,
       64.75497690986094
      ],
      [
       77.25304277673177,
       64.78636842357398
      ],
      [
       77.21803229831642,
       64.78280109370274
      ],
      [
       77.18302160229777,
       64.77923383131255
      ],
      [
       77.1480109025856,
       64.77566656026539
      ],
      [
       77.11300036172301,
       64.77209929218051
      ],
      [
       77.12897285288614,
       64.74073613411278
      ],
      [
       77.14494534877582,
       64.70937313693149
      ],
      [
       77.07516480079575,
       64.70217608407062
      ],
      [
       77.00538429353024,
       64.69497911862716
      ]
     ]
    ]
   },
   "properties": {
    "event_id": "CH4-WSP-056",
    "datetime_utc": "2023-04-30T06:51:59Z",
    "date_utc": "2023-04-30",
    "year": 2023,
    "month": 4,
    "centroid_lon": 77.21525455032307,
    "centroid_lat": 64.65715014983995,
    "area_km2": 243.17588241316966,
    "n_pixels": 5,
    "max_z": 5.277340050153886,
    "mean_z": 4.030904135733951,
    "max_delta": 55.705985964519186,
    "mean_delta": 27.711258508781533,
    "artifact_likely": 1,
    "corr_albedo": 0.07850522378490953,
    "nearest_source_type": "viirs_flare_high",
    "nearest_source_distance_km": 21.41066359723133,
    "matched_schuit_150km": 0,
    "matched_mars_150km": 1,
    "algorithm_version": "2.3.2",
    "config_id": "default_combine",
    "params_hash": "e28cf8046aba243c45f89c7b47a89288d0e9e597bba906d5566f9b726bcbf4b3",
    "run_id": "default_combine_2023_combined_e28cf804",
    "aoi_boundary": "zapsib",
    "artifact_likely_albedo_positive": 0,
    "build_date": "2026-05-23",
    "cluster_id": 1670742278232,
    "cluster_overlap_snow_fraction": 1,
    "count": 5,
    "enrichment_method": "numpy_eigh_with_cos_lat",
    "enrichment_stage": "axis_v1",
    "event_class": "wind_ambiguous",
    "inside_reference_clean_zone": 0,
    "intermediate_asset": "projects/nodal-thunder-481307-u1/assets/RuPlumeScan/catalog/CH4/events_2023_intermediate",
    "nearest_source_id": "viirs_0206",
    "orbit_date_millis": 1682837519000,
    "plume_axis_deg": 163.21468571235292,
    "qa_flags": "",
    "rna_version": "1.2",
    "stage_2_run_date": "2026-05-23T03:00:11.463093+00:00",
    "stage_3_match_radius_km": 150,
    "stage_3_run_date": "2026-05-23",
    "stage_3b_rescope_date": "2026-06-20",
    "surface_confounded_dark": 0,
    "td0044_reclassified": null,
    "wind_alignment_score": 0.0881268062321463,
    "wind_consistency_diff_deg": 31.535881251942953,
    "wind_consistent": 0,
    "wind_dir_deg": 81.14609827324608,
    "wind_level": "10m",
    "wind_levels_inconsistent_qa": 0,
    "wind_source": "ERA5_HOURLY_10m",
    "wind_speed": 12.513316642191269,
    "wind_state": "misaligned",
    "wind_u": -1.9259928464889526,
    "wind_u_850hPa": -9.359283447265625,
    "wind_v": -12.364208221435547,
    "wind_v_850hPa": -11.001094818115234,
    "zone_boundary_step_ppb": null
   }
  },
  {
   "type": "Feature",
   "geometry": {
    "type": "Polygon",
    "coordinates": [
     [
      [
       68.89516248921385,
       70.75709131639317
      ],
      [
       68.92882635933579,
       70.72740040713016
      ],
      [
       68.9624903348288,
       70.6977094919801
      ],
      [
       69.00617065391474,
       70.70339817437794
      ],
      [
       69.04985096678541,
       70.70908690927637
      ],
      [
       69.09353117562482,
       70.71477559631866
      ],
      [
       69.13721130258833,
       70.72046424507106
      ],
      [
       69.16198493517894,
       70.6981464476809
      ],
      [
       69.18675859776945,
       70.67582866350882
      ],
      [
       69.21153227334509,
       70.65351088842472
      ],
      [
       69.23630604598507,
       70.6311930348639
      ],
      [
       69.26107969619274,
       70.60887526558355
      ],
      [
       69.28585330820962,
       70.58655749305824
      ],
      [
       69.31062696543371,
       70.56423962969241
      ],
      [
       69.33540067040829,
       70.54192186455745
      ],
      [
       69.37884121127009,
       70.54751467235783
      ],
      [
       69.42228172803625,
       70.55310748939272
      ],
      [
       69.46572224261153,
       70.55870032487529
      ],
      [
       69.50916277699473,
       70.56429318799889
      ],
      [
       69.48853447699756,
       70.58290213899764
      ],
      [
       69.46790614497407,
       70.60151104922353
      ],
      [
       69.44727769100298,
       70.6201200046112
      ],
      [
       69.42664944696385,
       70.6387289499382
      ],
      [
       69.40602120152458,
       70.65733786156802
      ],
      [
       69.38539264191613,
       70.67594679928686
      ],
      [
       69.3647643230058,
       70.69455573407983
      ],
      [
       69.34413593185937,
       70.71316472573986
      ],
      [
       69.32350757925389,
       70.73177369309914
      ],
      [
       69.3028792753215,
       70.75038263853517
      ],
      [
       69.28225080688216,
       70.76899153816379
      ],
      [
       69.26162252878349,
       70.78760053031367
      ],
      [
       69.24099420748897,
       70.80620939791609
      ],
      [
       69.22036587287951,
       70.82481833649636
      ],
      [
       69.19973753451539,
       70.84342734840413
      ],
      [
       69.17910918236937,
       70.8620362428294
      ],
      [
       69.13509669126132,
       70.85635980622024
      ],
      [
       69.09108427772539,
       70.85068342657884
      ],
      [
       69.04707179716623,
       70.8450069844438
      ],
      [
       69.00305945106992,
       70.83933049678363
      ],
      [
       69.03669886742905,
       70.8096217557455
      ],
      [
       69.07033826438432,
       70.77991300320308
      ],
      [
       69.02654422061919,
       70.77420755535151
      ],
      [
       68.98275033311238,
       70.76850214017878
      ],
      [
       68.93895635578998,
       70.76279672148166
      ],
      [
       68.89516248921385,
       70.75709131639317
      ]
     ]
    ]
   },
   "properties": {
    "event_id": "CH4-WSP-057",
    "datetime_utc": "2023-05-01T06:33:04Z",
    "date_utc": "2023-05-01",
    "year": 2023,
    "month": 5,
    "centroid_lon": 69.21722091805741,
    "centroid_lat": 70.70806957145928,
    "area_km2": 290.951612820669,
    "n_pixels": 6,
    "max_z": 5.3828488135632915,
    "mean_z": 4.377106735813282,
    "max_delta": 24.35516051598347,
    "mean_delta": 13.615699563517945,
    "artifact_likely": 1,
    "corr_albedo": -0.45053030737514743,
    "nearest_source_type": "gas_field",
    "nearest_source_distance_km": 41.9534161865957,
    "matched_schuit_150km": 0,
    "matched_mars_150km": 0,
    "algorithm_version": "2.3.2",
    "config_id": "default_combine",
    "params_hash": "e28cf8046aba243c45f89c7b47a89288d0e9e597bba906d5566f9b726bcbf4b3",
    "run_id": "default_combine_2023_combined_e28cf804",
    "aoi_boundary": "zapsib",
    "artifact_likely_albedo_positive": 0,
    "build_date": "2026-05-23",
    "cluster_id": 1219770712172,
    "cluster_overlap_snow_fraction": 1,
    "count": 6,
    "enrichment_method": "numpy_eigh_with_cos_lat",
    "enrichment_stage": "axis_v1",
    "event_class": "wind_ambiguous",
    "inside_reference_clean_zone": 0,
    "intermediate_asset": "projects/nodal-thunder-481307-u1/assets/RuPlumeScan/catalog/CH4/events_2023_intermediate",
    "nearest_source_id": "ru_yamal_bovanenkovo",
    "orbit_date_millis": 1682922784000,
    "plume_axis_deg": 156.94481961170493,
    "qa_flags": "",
    "rna_version": "1.2",
    "stage_2_run_date": "2026-05-23T03:00:11.463093+00:00",
    "stage_3_match_radius_km": 150,
    "stage_3_run_date": "2026-05-23",
    "stage_3b_rescope_date": "2026-06-20",
    "surface_confounded_dark": 0,
    "td0044_reclassified": null,
    "wind_alignment_score": 0.050253110031596604,
    "wind_consistency_diff_deg": 125.73035395825309,
    "wind_consistent": 0,
    "wind_dir_deg": 251.46759951454862,
    "wind_level": "10m",
    "wind_levels_inconsistent_qa": 1,
    "wind_source": "ERA5_HOURLY_10m",
    "wind_speed": 5.6601621255457015,
    "wind_state": "misaligned",
    "wind_u": 1.7990309000015259,
    "wind_u_850hPa": 2.5400848388671875,
    "wind_v": 5.366649150848389,
    "wind_v_850hPa": -3.530057430267334,
    "zone_boundary_step_ppb": null
   }
  },
  {
   "type": "Feature",
   "geometry": {
    "type": "Polygon",
    "coordinates": [
     [
      [
       70.22917834886593,
       60.75679911953133
      ],
      [
       70.25014728950661,
       60.726245389177734
      ],
      [
       70.2711162823122,
       60.6956916139994
      ],
      [
       70.32951030773908,
       60.70661862516007
      ],
      [
       70.38790444611541,
       60.71754572068186
      ],
      [
       70.40864274637252,
       60.68695180920299
      ],
      [
       70.4293807745627,
       60.656357918491615
      ],
      [
       70.45011901553363,
       60.62576404735437
      ],
      [
       70.47085713953804,
       60.595170163256924
      ],
      [
       70.5291286117258,
       60.60599461419812
      ],
      [
       70.58740023840211,
       60.61681902609275
      ],
      [
       70.56676694698979,
       60.647434111251414
      ],
      [
       70.54613345425624,
       60.6780492325125
      ],
      [
       70.52550007625382,
       60.70866423526824
      ],
      [
       70.50486679010169,
       60.7392793753584
      ],
      [
       70.56343032667267,
       60.75008154653612
      ],
      [
       70.62199395726073,
       60.76088367474393
      ],
      [
       70.6013393873271,
       60.791499866369364
      ],
      [
       70.58068483303025,
       60.82211609833622
      ],
      [
       70.53674661449506,
       60.813951436416716
      ],
      [
       70.49280817916987,
       60.805786885833534
      ],
      [
       70.44886986712675,
       60.79762221068894
      ],
      [
       70.40493167719175,
       60.78945758581744
      ],
      [
       70.36099322636477,
       60.78129303566157
      ],
      [
       70.31705493703832,
       60.77312842953288
      ],
      [
       70.27311664531109,
       60.76496373261814
      ],
      [
       70.22917834886593,
       60.75679911953133
      ]
     ]
    ]
   },
   "properties": {
    "event_id": "CH4-WSP-058",
    "datetime_utc": "2023-05-01T06:33:04Z",
    "date_utc": "2023-05-01",
    "year": 2023,
    "month": 5,
    "centroid_lon": 70.45053860513963,
    "centroid_lat": 60.722222779673515,
    "area_km2": 243.37383179886123,
    "n_pixels": 5,
    "max_z": 4.607523432581413,
    "mean_z": 4.390730663884603,
    "max_delta": 28.15746762998333,
    "mean_delta": 13.840958490222553,
    "artifact_likely": 0,
    "corr_albedo": 0.23109445733840847,
    "nearest_source_type": "viirs_flare_high",
    "nearest_source_distance_km": 13.478577983214109,
    "matched_schuit_150km": 0,
    "matched_mars_150km": 1,
    "algorithm_version": "2.3.2",
    "config_id": "default_combine",
    "params_hash": "e28cf8046aba243c45f89c7b47a89288d0e9e597bba906d5566f9b726bcbf4b3",
    "run_id": "default_combine_2023_combined_e28cf804",
    "aoi_boundary": "zapsib",
    "artifact_likely_albedo_positive": 0,
    "build_date": "2026-05-23",
    "cluster_id": 1864015806617,
    "cluster_overlap_snow_fraction": 0,
    "count": 5,
    "enrichment_method": "numpy_eigh_with_cos_lat",
    "enrichment_stage": "axis_v1",
    "event_class": "wind_ambiguous",
    "inside_reference_clean_zone": 0,
    "intermediate_asset": "projects/nodal-thunder-481307-u1/assets/RuPlumeScan/catalog/CH4/events_2023_intermediate",
    "nearest_source_id": "viirs_0271",
    "orbit_date_millis": 1682922784000,
    "plume_axis_deg": 179.99999999999102,
    "qa_flags": "",
    "rna_version": "1.2",
    "stage_2_run_date": "2026-05-23T03:00:11.463093+00:00",
    "stage_3_match_radius_km": 150,
    "stage_3_run_date": "2026-05-23",
    "stage_3b_rescope_date": "2026-06-20",
    "surface_confounded_dark": 0,
    "td0044_reclassified": null,
    "wind_alignment_score": 0.12829848533118904,
    "wind_consistency_diff_deg": 2.347991733071524,
    "wind_consistent": 0,
    "wind_dir_deg": 78.453136320184,
    "wind_level": "10m",
    "wind_levels_inconsistent_qa": 0,
    "wind_source": "ERA5_HOURLY_10m",
    "wind_speed": 3.705182469673569,
    "wind_state": "misaligned",
    "wind_u": -0.7416640520095825,
    "wind_u_850hPa": -2.414754867553711,
    "wind_v": -3.6301944255828857,
    "wind_v_850hPa": -14.911006927490234,
    "zone_boundary_step_ppb": null
   }
  },
  {
   "type": "Feature",
   "geometry": {
    "type": "Polygon",
    "coordinates": [
     [
      [
       73.59536712117804,
       62.87735137853376
      ],
      [
       73.61420895092934,
       62.84635847306587
      ],
      [
       73.63305099979485,
       62.81536545932145
      ],
      [
       73.69714719710646,
       62.824399569094766
      ],
      [
       73.76124352370006,
       62.833433702894666
      ],
      [
       73.8253397042646,
       62.84246785126151
      ],
      [
       73.8894359413554,
       62.8515020613303
      ],
      [
       73.90792994961295,
       62.82046222892633
      ],
      [
       73.92642413709805,
       62.78942244815265
      ],
      [
       73.99051473312463,
       62.79833168796309
      ],
      [
       74.05460546324593,
       62.80724096018507
      ],
      [
       74.03619949576223,
       62.83829526644365
      ],
      [
       74.01779333286642,
       62.86934954384062
      ],
      [
       73.99938726281836,
       62.9004038988125
      ],
      [
       73.98098127738731,
       62.931458126513576
      ],
      [
       73.91662979343991,
       62.9225087262584
      ],
      [
       73.85227816844036,
       62.91355932252487
      ],
      [
       73.83361460909047,
       62.9445790278837
      ],
      [
       73.81495104013494,
       62.97559876125146
      ],
      [
       73.75054837002367,
       62.96656241999728
      ],
      [
       73.68614544174575,
       62.95752606703325
      ],
      [
       73.7049405602795,
       62.92652640035799
      ],
      [
       73.72373568291741,
       62.89552670376216
      ],
      [
       73.65955148861491,
       62.88643907966201
      ],
      [
       73.59536712117804,
       62.87735137853376
      ]
     ]
    ]
   },
   "properties": {
    "event_id": "CH4-WSP-059",
    "datetime_utc": "2023-05-01T06:33:04Z",
    "date_utc": "2023-05-01",
    "year": 2023,
    "month": 5,
    "centroid_lon": 73.83228868730635,
    "centroid_lat": 62.87711094380004,
    "area_km2": 243.52489208299878,
    "n_pixels": 5,
    "max_z": 3.5139111698111045,
    "mean_z": 3.272843321616925,
    "max_delta": 38.73137115933969,
    "mean_delta": 23.02907437219376,
    "artifact_likely": 1,
    "corr_albedo": -0.2767802135110208,
    "nearest_source_type": "viirs_flare_high",
    "nearest_source_distance_km": 11.358407920123447,
    "matched_schuit_150km": 0,
    "matched_mars_150km": 0,
    "algorithm_version": "2.3.2",
    "config_id": "default_combine",
    "params_hash": "e28cf8046aba243c45f89c7b47a89288d0e9e597bba906d5566f9b726bcbf4b3",
    "run_id": "default_combine_2023_combined_e28cf804",
    "aoi_boundary": "zapsib",
    "artifact_likely_albedo_positive": 0,
    "build_date": "2026-05-23",
    "cluster_id": 1765231558774,
    "cluster_overlap_snow_fraction": 0.9907192065141494,
    "count": 5,
    "enrichment_method": "numpy_eigh_with_cos_lat",
    "enrichment_stage": "axis_v1",
    "event_class": "CH4_only",
    "inside_reference_clean_zone": 0,
    "intermediate_asset": "projects/nodal-thunder-481307-u1/assets/RuPlumeScan/catalog/CH4/events_2023_intermediate",
    "nearest_source_id": "viirs_0241",
    "orbit_date_millis": 1682922784000,
    "plume_axis_deg": 79.16614273244278,
    "qa_flags": "zone_boundary_adjustment_applied",
    "rna_version": "1.2",
    "stage_2_run_date": "2026-05-23T03:00:11.463093+00:00",
    "stage_3_match_radius_km": 150,
    "stage_3_run_date": "2026-05-23",
    "stage_3b_rescope_date": "2026-06-20",
    "surface_confounded_dark": 0,
    "td0044_reclassified": null,
    "wind_alignment_score": 0.9015416728426455,
    "wind_consistency_diff_deg": 22.122261316550635,
    "wind_consistent": 1,
    "wind_dir_deg": 88.02739217660468,
    "wind_level": "10m",
    "wind_levels_inconsistent_qa": 0,
    "wind_source": "ERA5_HOURLY_10m",
    "wind_speed": 7.025391576754119,
    "wind_state": "aligned",
    "wind_u": -0.2418259233236313,
    "wind_u_850hPa": -8.167459487915039,
    "wind_v": -7.021228313446045,
    "wind_v_850hPa": -18.262971878051758,
    "zone_boundary_step_ppb": 16
   }
  },
  {
   "type": "Feature",
   "geometry": {
    "type": "Polygon",
    "coordinates": [
     [
      [
       72.46149797809814,
       61.82762998489129
      ],
      [
       72.48087057825562,
       61.79675075470294
      ],
      [
       72.50024309744893,
       61.76587139787324
      ],
      [
       72.5615959342958,
       61.77557668114329
      ],
      [
       72.62294862896229,
       61.78528185676504
      ],
      [
       72.64212053238005,
       61.75437144723558
      ],
      [
       72.66129249782635,
       61.72346094608147
      ],
      [
       72.70734098771796,
       61.73062503563274
      ],
      [
       72.75338969331791,
       61.73778913279521
      ],
      [
       72.79943816911542,
       61.74495318932344
      ],
      [
       72.84548682945092,
       61.75211736040837
      ],
      [
       72.89153535354768,
       61.75928142998731
      ],
      [
       72.93758400212118,
       61.7664455331682
      ],
      [
       72.98363248353552,
       61.773609642103565
      ],
      [
       73.02968118278577,
       61.780773723379866
      ],
      [
       73.01086812709784,
       61.81173997377569
      ],
      [
       72.992055224723,
       61.842706232705545
      ],
      [
       72.93045496270379,
       61.83320165873884
      ],
      [
       72.86885469211889,
       61.82369704756202
      ],
      [
       72.8498389312576,
       61.85463652327958
      ],
      [
       72.83082295134182,
       61.885576037032614
      ],
      [
       72.78465738425139,
       61.87833279379985
      ],
      [
       72.73849181147573,
       61.871089494967386
      ],
      [
       72.69232615417957,
       61.86384621283884
      ],
      [
       72.64616055052986,
       61.856602955623856
      ],
      [
       72.59999483000594,
       61.84935969150025
      ],
      [
       72.55382928526257,
       61.84211644893428
      ],
      [
       72.5076635280476,
       61.83487325980151
      ],
      [
       72.46149797809814,
       61.82762998489129
      ]
     ]
    ]
   },
   "properties": {
    "event_id": "CH4-WSP-060",
    "datetime_utc": "2023-05-01T08:14:34Z",
    "date_utc": "2023-05-01",
    "year": 2023,
    "month": 5,
    "centroid_lon": 72.74597341000127,
    "centroid_lat": 61.80444748870613,
    "area_km2": 292.2557769675982,
    "n_pixels": 6,
    "max_z": 4.472460789845591,
    "mean_z": 3.813841277652831,
    "max_delta": 30.638510390360807,
    "mean_delta": 18.02238811687628,
    "artifact_likely": 1,
    "corr_albedo": -0.07487853546171948,
    "nearest_source_type": "gas_field",
    "nearest_source_distance_km": 36.500798026085,
    "matched_schuit_150km": 0,
    "matched_mars_150km": 1,
    "algorithm_version": "2.3.2",
    "config_id": "default_combine",
    "params_hash": "e28cf8046aba243c45f89c7b47a89288d0e9e597bba906d5566f9b726bcbf4b3",
    "run_id": "default_combine_2023_combined_e28cf804",
    "aoi_boundary": "zapsib",
    "artifact_likely_albedo_positive": 0,
    "build_date": "2026-05-23",
    "cluster_id": 1825361100930,
    "cluster_overlap_snow_fraction": 0.9991933761951081,
    "count": 6,
    "enrichment_method": "numpy_eigh_with_cos_lat",
    "enrichment_stage": "axis_v1",
    "event_class": "CH4_only",
    "inside_reference_clean_zone": 0,
    "intermediate_asset": "projects/nodal-thunder-481307-u1/assets/RuPlumeScan/catalog/CH4/events_2023_intermediate",
    "nearest_source_id": "ru_khmao_priobskoye",
    "orbit_date_millis": 1682928874000,
    "plume_axis_deg": 94.74192062168933,
    "qa_flags": "zone_boundary_adjustment_applied",
    "rna_version": "1.2",
    "stage_2_run_date": "2026-05-23T03:00:11.463093+00:00",
    "stage_3_match_radius_km": 150,
    "stage_3_run_date": "2026-05-23",
    "stage_3b_rescope_date": "2026-06-20",
    "surface_confounded_dark": 0,
    "td0044_reclassified": null,
    "wind_alignment_score": 0.9685719951876103,
    "wind_consistency_diff_deg": 26.15715501567314,
    "wind_consistent": 1,
    "wind_dir_deg": 91.91340018857426,
    "wind_level": "10m",
    "wind_levels_inconsistent_qa": 0,
    "wind_source": "ERA5_HOURLY_10m",
    "wind_speed": 6.803756061200267,
    "wind_state": "aligned",
    "wind_u": 0.22717010974884033,
    "wind_u_850hPa": -7.402360916137695,
    "wind_v": -6.799962520599365,
    "wind_v_850hPa": -16.437416076660156,
    "zone_boundary_step_ppb": 16
   }
  },
  {
   "type": "Feature",
   "geometry": {
    "type": "MultiPolygon",
    "coordinates": [
     [
      [
       [
        75.78971302906406,
        64.76154012949388
       ],
       [
        75.82451636316509,
        64.76546969606208
       ],
       [
        75.8593195286911,
        64.76939929095373
       ],
       [
        75.8941229290336,
        64.77332886389468
       ],
       [
        75.92892617471955,
        64.77725847246988
       ],
       [
        75.9112970530786,
        64.80844428634659
       ],
       [
        75.89366810386848,
        64.83963012114545
       ],
       [
        75.87603901707661,
        64.87081592733095
       ],
       [
        75.85840993610068,
        64.90200179169102
       ],
       [
        75.84078094822233,
        64.93318761066188
       ],
       [
        75.82315185556493,
        64.9643734380494
       ],
       [
        75.80552285914511,
        64.99555927381111
       ],
       [
        75.78789376019125,
        65.0267451717298
       ],
       [
        75.75277049104986,
        65.02277877815888
       ],
       [
        75.71764718912996,
        65.01881241230129
       ],
       [
        75.68252407657039,
        65.01484600022988
       ],
       [
        75.64740085861895,
        65.01087969531078
       ],
       [
        75.66532198100606,
        64.97972618830946
       ],
       [
        75.68324309962462,
        64.9485726863189
       ],
       [
        75.64824363529938,
        64.94457725861926
       ],
       [
        75.61324412344841,
        64.94058198018509
       ],
       [
        75.57824455963681,
        64.9365865698043
       ],
       [
        75.54324516286144,
        64.93259123119569
       ],
       [
        75.56123534819184,
        64.9014466403456
       ],
       [
        75.5792256387238,
        64.87030205439184
       ],
       [
        75.61414484194995,
        64.87428852253183
       ],
       [
        75.64906411279672,
        64.87827489583208
       ],
       [
        75.68398334260038,
        64.88226135169901
       ],
       [
        75.71890242568894,
        64.88624779030495
       ],
       [
        75.73660520515806,
        64.85507085700691
       ],
       [
        75.75430780518995,
        64.82389391363897
       ],
       [
        75.77201036651503,
        64.7927169934254
       ],
       [
        75.78971302906406,
        64.76154012949388
       ]
      ]
     ],
     [
      [
       [
        75.78971302906406,
        64.76154012949388
       ],
       [
        75.75495206513403,
        64.75757258654328
       ],
       [
        75.7201912040301,
        64.75360510643357
       ],
       [
        75.6854302687911,
        64.7496376688553
       ],
       [
        75.65066930985762,
        64.7456701832612
       ],
       [
        75.63285087079787,
        64.77683256629129
       ],
       [
        75.61503218195472,
        64.80799500972941
       ],
       [
        75.58025793981862,
        64.80396118594014
       ],
       [
        75.54548365072091,
        64.79992739237362
       ],
       [
        75.51070930743718,
        64.7958936252471
       ],
       [
        75.47593496108122,
        64.7918597940282
       ],
       [
        75.44116071666586,
        64.78782599874351
       ],
       [
        75.40638645533853,
        64.78379213193271
       ],
       [
        75.37161205294792,
        64.77975836321772
       ],
       [
        75.33683778989423,
        64.7757245325659
       ],
       [
        75.35496845073999,
        64.7445977970405
       ],
       [
        75.37309925683677,
        64.71347104830706
       ],
       [
        75.40777318725343,
        64.71751542257975
       ],
       [
        75.44244721328795,
        64.72155985795574
       ],
       [
        75.47712106069956,
        64.72560423740072
       ],
       [
        75.51179507596095,
        64.7296485986537
       ],
       [
        75.52968287585563,
        64.69849285107894
       ],
       [
        75.54757053132722,
        64.66733716377574
       ],
       [
        75.5129745315254,
        64.6633039007465
       ],
       [
        75.47837864955963,
        64.65927064238514
       ],
       [
        75.44378270919736,
        64.65523736807276
       ],
       [
        75.40918670360328,
        64.65120407406647
       ],
       [
        75.42710001515707,
        64.62005509602187
       ],
       [
        75.44501335211287,
        64.58890600167415
       ],
       [
        75.46292673685292,
        64.5577569975976
       ],
       [
        75.48084008621264,
        64.52660790971511
       ],
       [
        75.54972191214988,
        64.53463876073485
       ],
       [
        75.61860394975534,
        64.54266962525216
       ],
       [
        75.60089017698822,
        64.57384090971317
       ],
       [
        75.58317648197145,
        64.60501227488159
       ],
       [
        75.65234045387578,
        64.61294946373408
       ],
       [
        75.72150447073436,
        64.6208866882501
       ],
       [
        75.79066847468866,
        64.6288238738704
       ],
       [
        75.85983229408988,
        64.63676111992112
       ],
       [
        75.84230252065085,
        64.66795582707522
       ],
       [
        75.8247727270447,
        64.69915057833013
       ],
       [
        75.80724294313735,
        64.73034535691609
       ],
       [
        75.78971302906406,
        64.76154012949388
       ]
      ]
     ]
    ]
   },
   "properties": {
    "event_id": "CH4-WSP-061",
    "datetime_utc": "2023-05-17T06:34:17Z",
    "date_utc": "2023-05-17",
    "year": 2023,
    "month": 5,
    "centroid_lon": 75.65706052572344,
    "centroid_lat": 64.76416470407061,
    "area_km2": 632.5965948185112,
    "n_pixels": 13,
    "max_z": 5.235075035422658,
    "mean_z": 3.859287888864183,
    "max_delta": 41.29921618677713,
    "mean_delta": 14.053008471332177,
    "artifact_likely": 1,
    "corr_albedo": -0.13852142192526068,
    "nearest_source_type": "viirs_flare_high",
    "nearest_source_distance_km": 14.866045600529159,
    "matched_schuit_150km": 0,
    "matched_mars_150km": 1,
    "algorithm_version": "2.3.2",
    "config_id": "default_combine",
    "params_hash": "e28cf8046aba243c45f89c7b47a89288d0e9e597bba906d5566f9b726bcbf4b3",
    "run_id": "default_combine_2023_combined_e28cf804",
    "aoi_boundary": "zapsib",
    "artifact_likely_albedo_positive": 0,
    "build_date": "2026-05-23",
    "cluster_id": 1644972474465,
    "cluster_overlap_snow_fraction": 0.9985726527664259,
    "count": 13,
    "enrichment_method": "numpy_eigh_with_cos_lat",
    "enrichment_stage": "axis_v1",
    "event_class": "wind_ambiguous",
    "inside_reference_clean_zone": 0,
    "intermediate_asset": "projects/nodal-thunder-481307-u1/assets/RuPlumeScan/catalog/CH4/events_2023_intermediate",
    "nearest_source_id": "viirs_0174",
    "orbit_date_millis": 1684305257000,
    "plume_axis_deg": 13.075668454355858,
    "qa_flags": "",
    "rna_version": "1.2",
    "stage_2_run_date": "2026-05-23T03:00:11.463093+00:00",
    "stage_3_match_radius_km": 150,
    "stage_3_run_date": "2026-05-23",
    "stage_3b_rescope_date": "2026-06-20",
    "surface_confounded_dark": 0,
    "td0044_reclassified": null,
    "wind_alignment_score": 0.2233038910794677,
    "wind_consistency_diff_deg": 38.19887277492239,
    "wind_consistent": 0,
    "wind_dir_deg": 123.17301865150796,
    "wind_level": "10m",
    "wind_levels_inconsistent_qa": 0,
    "wind_source": "ERA5_HOURLY_10m",
    "wind_speed": 3.9884237138599823,
    "wind_state": "misaligned",
    "wind_u": 2.182342290878296,
    "wind_u_850hPa": -0.9171905517578125,
    "wind_v": -3.3383986949920654,
    "wind_v_850hPa": -10.429330825805664,
    "zone_boundary_step_ppb": null
   }
  },
  {
   "type": "Feature",
   "geometry": {
    "type": "Polygon",
    "coordinates": [
     [
      [
       77.65618123062927,
       66.66697199100176
      ],
      [
       77.67266653927088,
       66.63565788245275
      ],
      [
       77.68915177074152,
       66.60434392299949
      ],
      [
       77.70563705447091,
       66.57302986627032
      ],
      [
       77.72212248929868,
       66.54171583300423
      ],
      [
       77.75984027417331,
       66.54508247261431
      ],
      [
       77.79755823490235,
       66.54844905734763
      ],
      [
       77.83527596573249,
       66.55181565046036
      ],
      [
       77.87299383753687,
       66.55518228418225
      ],
      [
       77.91071167818212,
       66.55854894790791
      ],
      [
       77.94842954821831,
       66.56191555703143
      ],
      [
       77.98614745611653,
       66.56528211517376
      ],
      [
       78.02386530767924,
       66.56864880258142
      ],
      [
       78.00767486817219,
       66.59998953296532
      ],
      [
       77.99148449861748,
       66.63133038625605
      ],
      [
       77.97529396824486,
       66.66267113916277
      ],
      [
       77.95910356594307,
       66.69401197787961
      ],
      [
       77.94291319090965,
       66.72535278148445
      ],
      [
       77.92672268981994,
       66.75669351727943
      ],
      [
       77.91053216954603,
       66.7880343574422
      ],
      [
       77.8943417634231,
       66.81937510684247
      ],
      [
       77.85621980199016,
       66.81599513430461
      ],
      [
       77.8180979084601,
       66.81261516437917
      ],
      [
       77.77997594335253,
       66.80923509074978
      ],
      [
       77.74185397507539,
       66.8058551004591
      ],
      [
       77.7583224912926,
       66.77453881143586
      ],
      [
       77.77479114331751,
       66.74322255881968
      ],
      [
       77.79125971910938,
       66.71190634642973
      ],
      [
       77.80772829469973,
       66.68059001601202
      ],
      [
       77.76984149999689,
       66.67718550682717
      ],
      [
       77.73195483904179,
       66.67378097987732
      ],
      [
       77.69406806800828,
       66.67037650527443
      ],
      [
       77.65618123062927,
       66.66697199100176
      ]
     ]
    ]
   },
   "properties": {
    "event_id": "CH4-WSP-062",
    "datetime_utc": "2023-05-17T06:34:17Z",
    "date_utc": "2023-05-17",
    "year": 2023,
    "month": 5,
    "centroid_lon": 77.84376554754019,
    "centroid_lat": 66.6618830197655,
    "area_km2": 291.8440208703367,
    "n_pixels": 6,
    "max_z": 4.243636692353065,
    "mean_z": 3.7388219179661824,
    "max_delta": 34.422253559674346,
    "mean_delta": 22.37652308393244,
    "artifact_likely": 1,
    "corr_albedo": -0.8729499442727283,
    "nearest_source_type": "gas_field",
    "nearest_source_distance_km": 41.56199710068018,
    "matched_schuit_150km": 0,
    "matched_mars_150km": 0,
    "algorithm_version": "2.3.2",
    "config_id": "default_combine",
    "params_hash": "e28cf8046aba243c45f89c7b47a89288d0e9e597bba906d5566f9b726bcbf4b3",
    "run_id": "default_combine_2023_combined_e28cf804",
    "aoi_boundary": "zapsib",
    "artifact_likely_albedo_positive": 0,
    "build_date": "2026-05-23",
    "cluster_id": 1541893259341,
    "cluster_overlap_snow_fraction": 1,
    "count": 6,
    "enrichment_method": "numpy_eigh_with_cos_lat",
    "enrichment_stage": "axis_v1",
    "event_class": "wind_ambiguous",
    "inside_reference_clean_zone": 0,
    "intermediate_asset": "projects/nodal-thunder-481307-u1/assets/RuPlumeScan/catalog/CH4/events_2023_intermediate",
    "nearest_source_id": "ru_yanao_zapolyarnoe",
    "orbit_date_millis": 1684305257000,
    "plume_axis_deg": 4.642308280043341,
    "qa_flags": "",
    "rna_version": "1.2",
    "stage_2_run_date": "2026-05-23T03:00:11.463093+00:00",
    "stage_3_match_radius_km": 150,
    "stage_3_run_date": "2026-05-23",
    "stage_3b_rescope_date": "2026-06-20",
    "surface_confounded_dark": 1,
    "td0044_reclassified": null,
    "wind_alignment_score": 0.5332524075063408,
    "wind_consistency_diff_deg": 57.763730735948684,
    "wind_consistent": 0,
    "wind_dir_deg": 142.63502495561403,
    "wind_level": "10m",
    "wind_levels_inconsistent_qa": 1,
    "wind_source": "ERA5_HOURLY_10m",
    "wind_speed": 4.087347599239928,
    "wind_state": "misaligned",
    "wind_u": 3.248565673828125,
    "wind_u_850hPa": -0.8519649505615234,
    "wind_v": -2.4805707931518555,
    "wind_v_850hPa": -9.492365837097168,
    "zone_boundary_step_ppb": null
   }
  },
  {
   "type": "Feature",
   "geometry": {
    "type": "MultiPolygon",
    "coordinates": [
     [
      [
       [
        78.7824298057122,
        66.959823444879
       ],
       [
        78.74395331781419,
        66.95668647043527
       ],
       [
        78.70547678874681,
        66.95354944663144
       ],
       [
        78.66700034380126,
        66.9504124717839
       ],
       [
        78.62852397379386,
        66.94727554242793
       ],
       [
        78.64395243567661,
        66.9158722911061
       ],
       [
        78.65938091183314,
        66.88446907198283
       ],
       [
        78.69775812861184,
        66.88759714687482
       ],
       [
        78.73613541794546,
        66.89072520814692
       ],
       [
        78.77451260576757,
        66.89385324613099
       ],
       [
        78.81288988367737,
        66.89698127743942
       ],
       [
        78.79765987035319,
        66.9284024112847
       ],
       [
        78.7824298057122,
        66.959823444879
       ]
      ]
     ],
     [
      [
       [
        78.7824298057122,
        66.959823444879
       ],
       [
        78.82094757480206,
        66.96291806434358
       ],
       [
        78.85946516237094,
        66.96601261722277
       ],
       [
        78.89798284697781,
        66.96910731047677
       ],
       [
        78.93650059952431,
        66.9722018683911
       ],
       [
        78.95148992296552,
        66.94076080943388
       ],
       [
        78.96647920474625,
        66.9093196176656
       ],
       [
        78.98146850427713,
        66.87787850349693
       ],
       [
        78.99645765971168,
        66.84643738541038
       ],
       [
        79.03483660411196,
        66.84945287432961
       ],
       [
        79.07321561909313,
        66.85246837283267
       ],
       [
        79.1115945782574,
        66.85548378274665
       ],
       [
        79.14997339550952,
        66.8584992850619
       ],
       [
        79.18835235595277,
        66.86151471816076
       ],
       [
        79.22673123877672,
        66.86453016157571
       ],
       [
        79.26511023473681,
        66.86754563117714
       ],
       [
        79.30348917035127,
        66.87056111778536
       ],
       [
        79.28136305336209,
        66.91774733236018
       ],
       [
        79.25923702407958,
        66.96493357478637
       ],
       [
        79.23711099235328,
        67.01211976393179
       ],
       [
        79.21498495638066,
        67.05930600884687
       ],
       [
        79.19285887141604,
        67.10649213944802
       ],
       [
        79.17073268685272,
        67.15367835360118
       ],
       [
        79.14860667849824,
        67.20086459529864
       ],
       [
        79.12648056837278,
        67.24805077062132
       ],
       [
        79.06803861706864,
        67.2434255693448
       ],
       [
        79.00959651668876,
        67.23880042926864
       ],
       [
        78.95115433187817,
        67.23417516064632
       ],
       [
        78.89271230485579,
        67.2295499548566
       ],
       [
        78.83427021803055,
        67.22492478699095
       ],
       [
        78.77582808860241,
        67.22029955623508
       ],
       [
        78.71738602121387,
        67.21567435239768
       ],
       [
        78.65894398404313,
        67.21104916350252
       ],
       [
        78.67446376039949,
        67.17965268020784
       ],
       [
        78.68998369309443,
        67.14825610848075
       ],
       [
        78.70550370372231,
        67.11685955637668
       ],
       [
        78.72102357938601,
        67.08546303011393
       ],
       [
        78.75974073820403,
        67.08857324304094
       ],
       [
        78.79845808219112,
        67.09168353353495
       ],
       [
        78.83717534978561,
        67.09479370147616
       ],
       [
        78.87589263663544,
        67.09790394090837
       ],
       [
        78.8910847440116,
        67.06648069098733
       ],
       [
        78.90627678712075,
        67.03505739322433
       ],
       [
        78.86765997274132,
        67.03195606079953
       ],
       [
        78.82904299042944,
        67.02885472803122
       ],
       [
        78.7904259659716,
        67.02575349305816
       ],
       [
        78.75180917179885,
        67.02265218812178
       ],
       [
        78.76711937631197,
        66.99123778833594
       ],
       [
        78.7824298057122,
        66.959823444879
       ]
      ]
     ]
    ]
   },
   "properties": {
    "event_id": "CH4-WSP-063",
    "datetime_utc": "2023-05-17T06:34:17Z",
    "date_utc": "2023-05-17",
    "year": 2023,
    "month": 5,
    "centroid_lon": 78.98924930185012,
    "centroid_lat": 67.04969347161925,
    "area_km2": 777.579061825497,
    "n_pixels": 16,
    "max_z": 6.812925641350872,
    "mean_z": 3.9289104550998664,
    "max_delta": 38.82068157486492,
    "mean_delta": 16.721843929537222,
    "artifact_likely": 1,
    "corr_albedo": 0.32806473996721613,
    "nearest_source_type": "gas_field",
    "nearest_source_distance_km": 39.01418108710716,
    "matched_schuit_150km": 0,
    "matched_mars_150km": 0,
    "algorithm_version": "2.3.2",
    "config_id": "default_combine",
    "params_hash": "e28cf8046aba243c45f89c7b47a89288d0e9e597bba906d5566f9b726bcbf4b3",
    "run_id": "default_combine_2023_combined_e28cf804",
    "aoi_boundary": "zapsib",
    "artifact_likely_albedo_positive": 0,
    "build_date": "2026-05-23",
    "cluster_id": 1520418422852,
    "cluster_overlap_snow_fraction": 1,
    "count": 16,
    "enrichment_method": "numpy_eigh_with_cos_lat",
    "enrichment_stage": "axis_v1",
    "event_class": "CH4_only",
    "inside_reference_clean_zone": 0,
    "intermediate_asset": "projects/nodal-thunder-481307-u1/assets/RuPlumeScan/catalog/CH4/events_2023_intermediate",
    "nearest_source_id": "ru_yanao_tazovskoe",
    "orbit_date_millis": 1684305257000,
    "plume_axis_deg": 165.38909598759875,
    "qa_flags": "",
    "rna_version": "1.2",
    "stage_2_run_date": "2026-05-23T03:00:11.463093+00:00",
    "stage_3_match_radius_km": 150,
    "stage_3_run_date": "2026-05-23",
    "stage_3b_rescope_date": "2026-06-20",
    "surface_confounded_dark": 0,
    "td0044_reclassified": null,
    "wind_alignment_score": 0.8271387588212848,
    "wind_consistency_diff_deg": 63.98852811797747,
    "wind_consistent": 1,
    "wind_dir_deg": 149.83158428151438,
    "wind_level": "10m",
    "wind_levels_inconsistent_qa": 1,
    "wind_source": "ERA5_HOURLY_10m",
    "wind_speed": 4.504855820984955,
    "wind_state": "aligned",
    "wind_u": 3.894681930541992,
    "wind_u_850hPa": -0.6562843322753906,
    "wind_v": -2.263885736465454,
    "wind_v_850hPa": -9.02978801727295,
    "zone_boundary_step_ppb": null
   }
  },
  {
   "type": "Feature",
   "geometry": {
    "type": "Polygon",
    "coordinates": [
     [
      [
       79.52038422146906,
       67.79853574922892
      ],
      [
       79.53502915530277,
       67.76707731702425
      ],
      [
       79.54967380481607,
       67.73561896151644
      ],
      [
       79.56431861526885,
       67.70416054965762
      ],
      [
       79.57896355879248,
       67.67270210194012
      ],
      [
       79.59360837301759,
       67.64124371575835
      ],
      [
       79.6082530778732,
       67.6097853226436
      ],
      [
       79.62289783425086,
       67.57832695528822
      ],
      [
       79.63754266087918,
       67.5468685451561
      ],
      [
       79.69703326942094,
       67.55108631793338
      ],
      [
       79.75652384286563,
       67.55530404889872
      ],
      [
       79.81601436738053,
       67.55952183845558
      ],
      [
       79.87550477844349,
       67.56373950782286
      ],
      [
       79.93499539170745,
       67.56795727011844
      ],
      [
       79.99448591007743,
       67.57217502385855
      ],
      [
       80.05397655271247,
       67.576392791939
      ],
      [
       80.11346697754654,
       67.58061056243073
      ],
      [
       80.0995457795075,
       67.61212076978445
      ],
      [
       80.08562442372265,
       67.64363100288419
      ],
      [
       80.0717031235735,
       67.67514125189075
      ],
      [
       80.05778171727844,
       67.70665148389712
      ],
      [
       80.09773419471071,
       67.70939046858703
      ],
      [
       80.13768655429112,
       67.71212949867605
      ],
      [
       80.17763903812671,
       67.7148684997161
      ],
      [
       80.21759142358881,
       67.71760755278443
      ],
      [
       80.2037704880136,
       67.74912445225003
      ],
      [
       80.18994942559515,
       67.78064134028625
      ],
      [
       80.1499072913653,
       67.77787283047537
      ],
      [
       80.10986524057817,
       67.77510426210617
      ],
      [
       80.06982303041934,
       67.77233570955595
      ],
      [
       80.02978083965749,
       67.76956718096766
      ],
      [
       79.98973865836764,
       67.76679867300331
      ],
      [
       79.94969652177143,
       67.76403009313142
      ],
      [
       79.90965437520612,
       67.76126152720887
      ],
      [
       79.86961220881179,
       67.75849297187067
      ],
      [
       79.85527826669947,
       67.78997203007383
      ],
      [
       79.8409445484639,
       67.82145102771618
      ],
      [
       79.80087461741921,
       67.81858662525343
      ],
      [
       79.76080448407154,
       67.81572220577567
      ],
      [
       79.72073451715065,
       67.81285778966114
      ],
      [
       79.68066451708893,
       67.80999336148382
      ],
      [
       79.64059442721837,
       67.80712900679993
      ],
      [
       79.60052433039715,
       67.80426454391187
      ],
      [
       79.56045431280852,
       67.80140015963505
      ],
      [
       79.52038422146906,
       67.79853574922892
      ]
     ]
    ]
   },
   "properties": {
    "event_id": "CH4-WSP-064",
    "datetime_utc": "2023-05-17T06:34:17Z",
    "date_utc": "2023-05-17",
    "year": 2023,
    "month": 5,
    "centroid_lon": 79.83392081168427,
    "centroid_lat": 67.68546568935422,
    "area_km2": 584.2529503279594,
    "n_pixels": 12,
    "max_z": 6.693504031514257,
    "mean_z": 4.3831984835219115,
    "max_delta": 42.015890339082944,
    "mean_delta": 20.9279672100284,
    "artifact_likely": 1,
    "corr_albedo": 0.018184316156334153,
    "nearest_source_type": "viirs_flare_high",
    "nearest_source_distance_km": 18.698450217161273,
    "matched_schuit_150km": 0,
    "matched_mars_150km": 0,
    "algorithm_version": "2.3.2",
    "config_id": "default_combine",
    "params_hash": "e28cf8046aba243c45f89c7b47a89288d0e9e597bba906d5566f9b726bcbf4b3",
    "run_id": "default_combine_2023_combined_e28cf804",
    "aoi_boundary": "zapsib",
    "artifact_likely_albedo_positive": 0,
    "build_date": "2026-05-23",
    "cluster_id": 1490353651772,
    "cluster_overlap_snow_fraction": 1,
    "count": 12,
    "enrichment_method": "numpy_eigh_with_cos_lat",
    "enrichment_stage": "axis_v1",
    "event_class": "wind_ambiguous",
    "inside_reference_clean_zone": 0,
    "intermediate_asset": "projects/nodal-thunder-481307-u1/assets/RuPlumeScan/catalog/CH4/events_2023_intermediate",
    "nearest_source_id": "viirs_0058",
    "orbit_date_millis": 1684305257000,
    "plume_axis_deg": 15.631739293020718,
    "qa_flags": "",
    "rna_version": "1.2",
    "stage_2_run_date": "2026-05-23T03:00:11.463093+00:00",
    "stage_3_match_radius_km": 150,
    "stage_3_run_date": "2026-05-23",
    "stage_3b_rescope_date": "2026-06-20",
    "surface_confounded_dark": 0,
    "td0044_reclassified": null,
    "wind_alignment_score": 0.538661996214797,
    "wind_consistency_diff_deg": 66.44011099502416,
    "wind_consistent": 0,
    "wind_dir_deg": 154.11131895235246,
    "wind_level": "10m",
    "wind_levels_inconsistent_qa": 1,
    "wind_source": "ERA5_HOURLY_10m",
    "wind_speed": 4.538837607488784,
    "wind_state": "misaligned",
    "wind_u": 4.083338260650635,
    "wind_u_850hPa": -0.34464454650878906,
    "wind_v": -1.9817657470703125,
    "wind_v_850hPa": -8.474695205688477,
    "zone_boundary_step_ppb": null
   }
  },
  {
   "type": "Feature",
   "geometry": {
    "type": "Polygon",
    "coordinates": [
     [
      [
       76.8892024706048,
       59.49920783825293
      ],
      [
       76.90269804334457,
       59.467487968059615
      ],
      [
       76.91619345720692,
       59.43576820642221
      ],
      [
       76.97417295395991,
       59.44311010009475
      ],
      [
       77.03215240033035,
       59.450452021014925
      ],
      [
       77.04545606341084,
       59.418706531076
      ],
      [
       77.05875976962731,
       59.386961121127165
      ],
      [
       77.07206358349262,
       59.35521564570848
      ],
      [
       77.08536729774167,
       59.323470200076535
      ],
      [
       77.14317948690224,
       59.330718455701074
      ],
      [
       77.20099179106968,
       59.3379667073362
      ],
      [
       77.1878262921323,
       59.36972893696588
      ],
      [
       77.17466082014401,
       59.40149110041615
      ],
      [
       77.23263583207093,
       59.40869026755118
      ],
      [
       77.2906107142322,
       59.41588950951017
      ],
      [
       77.27086924557236,
       59.46352832622216
      ],
      [
       77.2511277117766,
       59.51116715331898
      ],
      [
       77.23138605505267,
       59.558805894540185
      ],
      [
       77.21164450258196,
       59.606444750217676
      ],
      [
       77.15335958592183,
       59.59917415128985
      ],
      [
       77.09507476005939,
       59.591903636611974
      ],
      [
       77.03678977608426,
       59.584633076556976
      ],
      [
       76.97850489885785,
       59.57736248234998
      ],
      [
       76.99194464488856,
       59.54563823519197
      ],
      [
       77.00538435568419,
       59.5139139368697
      ],
      [
       76.94729339209245,
       59.50656090398842
      ],
      [
       76.8892024706048,
       59.49920783825293
      ]
     ]
    ]
   },
   "properties": {
    "event_id": "CH4-WSP-065",
    "datetime_utc": "2023-06-07T06:41:20Z",
    "date_utc": "2023-06-07",
    "year": 2023,
    "month": 6,
    "centroid_lon": 77.11251699584358,
    "centroid_lat": 59.47719735159956,
    "area_km2": 389.7408796528337,
    "n_pixels": 8,
    "max_z": 4.830055943340968,
    "mean_z": 3.607060986267479,
    "max_delta": 31.053615021459336,
    "mean_delta": 21.491402427900645,
    "artifact_likely": 0,
    "corr_albedo": -0.2951670361688056,
    "nearest_source_type": "viirs_flare_high",
    "nearest_source_distance_km": 23.45648352154678,
    "matched_schuit_150km": 0,
    "matched_mars_150km": 0,
    "algorithm_version": "2.3.2",
    "config_id": "default_combine",
    "params_hash": "e28cf8046aba243c45f89c7b47a89288d0e9e597bba906d5566f9b726bcbf4b3",
    "run_id": "default_combine_2023_combined_e28cf804",
    "aoi_boundary": "zapsib",
    "artifact_likely_albedo_positive": 0,
    "build_date": "2026-05-23",
    "cluster_id": 2005749727338,
    "cluster_overlap_snow_fraction": 0,
    "count": 8,
    "enrichment_method": "numpy_eigh_with_cos_lat",
    "enrichment_stage": "axis_v1",
    "event_class": "CH4_only",
    "inside_reference_clean_zone": 0,
    "intermediate_asset": "projects/nodal-thunder-481307-u1/assets/RuPlumeScan/catalog/CH4/events_2023_intermediate",
    "nearest_source_id": "viirs_0450",
    "orbit_date_millis": 1686120080000,
    "plume_axis_deg": 5.009007367879416,
    "qa_flags": "",
    "rna_version": "1.2",
    "stage_2_run_date": "2026-05-23T03:00:11.463093+00:00",
    "stage_3_match_radius_km": 150,
    "stage_3_run_date": "2026-05-23",
    "stage_3b_rescope_date": "2026-06-20",
    "surface_confounded_dark": 0,
    "td0044_reclassified": null,
    "wind_alignment_score": 0.703969463084315,
    "wind_consistency_diff_deg": 26.217482493794193,
    "wind_consistent": 1,
    "wind_dir_deg": 211.65175569029105,
    "wind_level": "10m",
    "wind_levels_inconsistent_qa": 0,
    "wind_source": "ERA5_HOURLY_10m",
    "wind_speed": 2.3121953736125413,
    "wind_state": "aligned",
    "wind_u": 1.968263864517212,
    "wind_u_850hPa": 0.2511014938354492,
    "wind_v": 1.2133362293243408,
    "wind_v_850hPa": 0.02388763427734375,
    "zone_boundary_step_ppb": null
   }
  },
  {
   "type": "Feature",
   "geometry": {
    "type": "MultiPolygon",
    "coordinates": [
     [
      [
       [
        74.29136136751485,
        71.15898119110405
       ],
       [
        74.31720405924624,
        71.12836500677669
       ],
       [
        74.34304677542617,
        71.09774882858524
       ],
       [
        74.38904247705236,
        71.10201507926853
       ],
       [
        74.43503825493819,
        71.10628128691626
       ],
       [
        74.48103382791955,
        71.11054752641104
       ],
       [
        74.52702944633342,
        71.11481382473275
       ],
       [
        74.50145873630689,
        71.14545676476756
       ],
       [
        74.47588807619776,
        71.1760996419214
       ],
       [
        74.42975634622815,
        71.17182005013602
       ],
       [
        74.38362476771914,
        71.16754047363604
       ],
       [
        74.33749316896893,
        71.16326079891142
       ],
       [
        74.29136136751485,
        71.15898119110405
       ]
      ]
     ],
     [
      [
       [
        74.29136136751485,
        71.15898119110405
       ],
       [
        74.26535155355903,
        71.18958402594863
       ],
       [
        74.23934153275349,
        71.22018682002977
       ],
       [
        74.19315747046782,
        71.2158447400372
       ],
       [
        74.14697350520109,
        71.21150271546193
       ],
       [
        74.10078946538026,
        71.20716063240933
       ],
       [
        74.05460547367069,
        71.20281858906938
       ],
       [
        74.02806725620087,
        71.23337903074989
       ],
       [
        74.00152873518726,
        71.26393946418882
       ],
       [
        73.97499040743973,
        71.29449992521451
       ],
       [
        73.94845208606979,
        71.32506039005561
       ],
       [
        73.90207867313966,
        71.32064140463406
       ],
       [
        73.85570495528658,
        71.31622242911368
       ],
       [
        73.80933159384573,
        71.31180351562293
       ],
       [
        73.7629579598695,
        71.30738450952892
       ],
       [
        73.78985529977977,
        71.2768552841613
       ],
       [
        73.81675265005646,
        71.24632603838936
       ],
       [
        73.77060318492386,
        71.24187138046713
       ],
       [
        73.724453677512,
        71.23741681400816
       ],
       [
        73.67830404019024,
        71.23296213834678
       ],
       [
        73.63215462196108,
        71.2285074721395
       ],
       [
        73.60498315045889,
        71.25900771224626
       ],
       [
        73.57781166860867,
        71.28950800420252
       ],
       [
        73.53161320838424,
        71.28498867159996
       ],
       [
        73.48541450813343,
        71.28046936231716
       ],
       [
        73.43921599981857,
        71.27595010921932
       ],
       [
        73.39301751407262,
        71.27143079755129
       ],
       [
        73.40995120711345,
        71.25237174233571
       ],
       [
        73.42688507552994,
        71.23331273993637
       ],
       [
        73.44381873725955,
        71.21425366371446
       ],
       [
        73.46075255434003,
        71.19519464163062
       ],
       [
        73.4776860618011,
        71.17613563312376
       ],
       [
        73.49461978830314,
        71.15707659410603
       ],
       [
        73.51155349623048,
        71.1380175046289
       ],
       [
        73.52848723603692,
        71.11895855796071
       ],
       [
        73.5454210202664,
        71.09989947613938
       ],
       [
        73.56235467287931,
        71.08084043193298
       ],
       [
        73.57928841029371,
        71.06178144651118
       ],
       [
        73.596222078996,
        71.04272241401841
       ],
       [
        73.61315589453126,
        71.02366335554267
       ],
       [
        73.6300895387302,
        71.00460433744885
       ],
       [
        73.6470233091986,
        70.98554529469399
       ],
       [
        73.66395697042186,
        70.9664862075863
       ],
       [
        73.61851429338974,
        70.96198920723968
       ],
       [
        73.57307166686806,
        70.95749224691747
       ],
       [
        73.52762892498714,
        70.95299521217711
       ],
       [
        73.4821861869833,
        70.94849820161924
       ],
       [
        73.50877590195005,
        70.91798018355885
       ],
       [
        73.53536558295514,
        70.88746203117549
       ],
       [
        73.56195494359702,
        70.85694400630472
       ],
       [
        73.58854463760174,
        70.8264258951239
       ],
       [
        73.6151343180762,
        70.79590776674716
       ],
       [
        73.64172386315383,
        70.76538971087484
       ],
       [
        73.66831353639886,
        70.73487166523442
       ],
       [
        73.6949031552461,
        70.70435352684414
       ],
       [
        73.76240782707,
        70.71094572921129
       ],
       [
        73.8299125987182,
        70.71753796066501
       ],
       [
        73.89741710114663,
        70.72413020654788
       ],
       [
        73.96492171138293,
        70.73072242613864
       ],
       [
        74.03242650429854,
        70.73731464469047
       ],
       [
        74.09993111070884,
        70.74390684793585
       ],
       [
        74.16743582825522,
        70.75049908107715
       ],
       [
        74.23494051052573,
        70.75709134979506
       ],
       [
        74.20930063610442,
        70.78770079974257
       ],
       [
        74.18366065847802,
        70.8183103300139
       ],
       [
        74.1580209988124,
        70.84891978206493
       ],
       [
        74.13238109295615,
        70.87952928426989
       ],
       [
        74.20064487855792,
        70.88594318967715
       ],
       [
        74.26890878356053,
        70.8923570555188
       ],
       [
        74.33717266068984,
        70.89877088748672
       ],
       [
        74.4054362847493,
        70.90518477807854
       ],
       [
        74.47370011336449,
        70.91159859888693
       ],
       [
        74.54196414570828,
        70.9180124614772
       ],
       [
        74.61022778773948,
        70.92442633365626
       ],
       [
        74.67849164252124,
        70.93084019229612
       ],
       [
        74.65340933210926,
        70.96151212624065
       ],
       [
        74.62832684644802,
        70.99218406290063
       ],
       [
        74.58260199782809,
        70.98794453982778
       ],
       [
        74.5368772880801,
        70.98370509488979
       ],
       [
        74.49115254676967,
        70.97946561490537
       ],
       [
        74.4454277509592,
        70.97522609235119
       ],
       [
        74.41991504003842,
        71.0058623409538
       ],
       [
        74.39440244207158,
        71.03649856485166
       ],
       [
        74.34862513764091,
        71.03219555186465
       ],
       [
        74.30284808086894,
        71.02789248510084
       ],
       [
        74.25707086490861,
        71.02358951049075
       ],
       [
        74.2112938498211,
        71.01928646698799
       ],
       [
        74.18526279478709,
        71.04988031738117
       ],
       [
        74.15923147978431,
        71.08047424222181
       ],
       [
        74.1332005570299,
        71.11106810332353
       ],
       [
        74.10716945521771,
        71.14166202939909
       ],
       [
        74.15321750206354,
        71.14599180451089
       ],
       [
        74.19926534910503,
        71.15032155713152
       ],
       [
        74.24531339416258,
        71.15465142074738
       ],
       [
        74.29136136751485,
        71.15898119110405
       ]
      ]
     ]
    ]
   },
   "properties": {
    "event_id": "CH4-WSP-066",
    "datetime_utc": "2023-08-02T07:29:21Z",
    "date_utc": "2023-08-02",
    "year": 2023,
    "month": 8,
    "centroid_lon": 73.93611858366435,
    "centroid_lat": 71.00794261589954,
    "area_km2": 1606.7419884901967,
    "n_pixels": 33,
    "max_z": 13.263837345414373,
    "mean_z": 5.498102405550486,
    "max_delta": 64.53197617716864,
    "mean_delta": 24.926129883589745,
    "artifact_likely": 0,
    "corr_albedo": -0.6597672938304726,
    "nearest_source_type": "viirs_flare_high",
    "nearest_source_distance_km": 4.707904723036966,
    "matched_schuit_150km": 0,
    "matched_mars_150km": 0,
    "algorithm_version": "2.3.2",
    "config_id": "default_combine",
    "params_hash": "e28cf8046aba243c45f89c7b47a89288d0e9e597bba906d5566f9b726bcbf4b3",
    "run_id": "default_combine_2023_combined_e28cf804",
    "aoi_boundary": "zapsib",
    "artifact_likely_albedo_positive": 0,
    "build_date": "2026-05-23",
    "cluster_id": 1236950581328,
    "cluster_overlap_snow_fraction": 0,
    "count": 33,
    "enrichment_method": "numpy_eigh_with_cos_lat",
    "enrichment_stage": "axis_v1",
    "event_class": "CH4_only",
    "inside_reference_clean_zone": 0,
    "intermediate_asset": "projects/nodal-thunder-481307-u1/assets/RuPlumeScan/catalog/CH4/events_2023_intermediate",
    "nearest_source_id": "viirs_0013",
    "orbit_date_millis": 1690961361000,
    "plume_axis_deg": 174.82612179908554,
    "qa_flags": "",
    "rna_version": "1.2",
    "stage_2_run_date": "2026-05-23T03:00:11.463093+00:00",
    "stage_3_match_radius_km": 150,
    "stage_3_run_date": "2026-05-23",
    "stage_3b_rescope_date": "2026-06-20",
    "surface_confounded_dark": 1,
    "td0044_reclassified": null,
    "wind_alignment_score": 0.8979824649637032,
    "wind_consistency_diff_deg": 31.0625102469603,
    "wind_consistent": 1,
    "wind_dir_deg": 4.0076999523522545,
    "wind_level": "10m",
    "wind_levels_inconsistent_qa": 0,
    "wind_source": "ERA5_HOURLY_10m",
    "wind_speed": 7.179610602687693,
    "wind_state": "aligned",
    "wind_u": -7.162054061889648,
    "wind_u_850hPa": -3.4023914337158203,
    "wind_v": -0.5017868280410767,
    "wind_v_850hPa": -2.388598918914795,
    "zone_boundary_step_ppb": null
   }
  },
  {
   "type": "Feature",
   "geometry": {
    "type": "Polygon",
    "coordinates": [
     [
      [
       66.99623199205911,
       63.11390228873167
      ],
      [
       67.01587088819107,
       63.09159674433998
      ],
      [
       67.03550991364263,
       63.0692912053918
      ],
      [
       67.05514889125804,
       63.04698564499939
      ],
      [
       67.07478796957021,
       63.024680092012304
      ],
      [
       67.09442688735297,
       63.00237460037117
      ],
      [
       67.11406596170495,
       62.980069037407986
      ],
      [
       67.13370493154923,
       62.9577634571457
      ],
      [
       67.15334386095924,
       62.935457969105705
      ],
      [
       67.21514922305187,
       62.94796577503852
      ],
      [
       67.27695459778886,
       62.96047353846364
      ],
      [
       67.25099148714774,
       62.990255881979586
      ],
      [
       67.22502846393971,
       63.02003822523421
      ],
      [
       67.28705675074528,
       63.032505840056125
      ],
      [
       67.34908504972786,
       63.044973476198095
      ],
      [
       67.32306512770684,
       63.074756970888636
      ],
      [
       67.29704514026727,
       63.10454035700055
      ],
      [
       67.27102527948787,
       63.13432384869491
      ],
      [
       67.24500517346479,
       63.16410727967001
      ],
      [
       67.18281195258395,
       63.1515560785279
      ],
      [
       67.12061851329669,
       63.139004790687395
      ],
      [
       67.05842521009673,
       63.12645354055706
      ],
      [
       66.99623199205911,
       63.11390228873167
      ]
     ]
    ]
   },
   "properties": {
    "event_id": "CH4-WSP-067",
    "datetime_utc": "2023-09-05T06:47:26Z",
    "date_utc": "2023-09-05",
    "year": 2023,
    "month": 9,
    "centroid_lon": 67.17605661003736,
    "centroid_lat": 63.059136703655945,
    "area_km2": 243.5562797846889,
    "n_pixels": 5,
    "max_z": 3.5926555347323528,
    "mean_z": 3.313640879769129,
    "max_delta": 68.49152173547918,
    "mean_delta": 48.36164841022686,
    "artifact_likely": 0,
    "corr_albedo": -0.5770445042737905,
    "nearest_source_type": "viirs_flare_high",
    "nearest_source_distance_km": 19.410490234573267,
    "matched_schuit_150km": 0,
    "matched_mars_150km": 1,
    "algorithm_version": "2.3.2",
    "config_id": "default_combine",
    "params_hash": "e28cf8046aba243c45f89c7b47a89288d0e9e597bba906d5566f9b726bcbf4b3",
    "run_id": "default_combine_2023_combined_e28cf804",
    "aoi_boundary": "zapsib",
    "artifact_likely_albedo_positive": 0,
    "build_date": "2026-05-23",
    "cluster_id": 1679332212900,
    "cluster_overlap_snow_fraction": 0,
    "count": 5,
    "enrichment_method": "numpy_eigh_with_cos_lat",
    "enrichment_stage": "axis_v1",
    "event_class": "wind_ambiguous",
    "inside_reference_clean_zone": 0,
    "intermediate_asset": "projects/nodal-thunder-481307-u1/assets/RuPlumeScan/catalog/CH4/events_2023_intermediate",
    "nearest_source_id": "viirs_0071",
    "orbit_date_millis": 1693896446000,
    "plume_axis_deg": 166.58649596249097,
    "qa_flags": "",
    "rna_version": "1.2",
    "stage_2_run_date": "2026-05-23T03:00:11.463093+00:00",
    "stage_3_match_radius_km": 150,
    "stage_3_run_date": "2026-05-23",
    "stage_3b_rescope_date": "2026-06-20",
    "surface_confounded_dark": 1,
    "td0044_reclassified": null,
    "wind_alignment_score": 0.14980582356894778,
    "wind_consistency_diff_deg": 23.757452371033708,
    "wind_consistent": 0,
    "wind_dir_deg": 63.10397184128567,
    "wind_level": "10m",
    "wind_levels_inconsistent_qa": 0,
    "wind_source": "ERA5_HOURLY_10m",
    "wind_speed": 2.0642487662001265,
    "wind_state": "misaligned",
    "wind_u": -0.9338101744651794,
    "wind_u_850hPa": -7.617603302001953,
    "wind_v": -1.840956687927246,
    "wind_v_850hPa": -6.2452712059021,
    "zone_boundary_step_ppb": null
   }
  },
  {
   "type": "Feature",
   "geometry": {
    "type": "Polygon",
    "coordinates": [
     [
      [
       66.87218867625539,
       63.08860581173132
      ],
      [
       66.89842715081102,
       63.05888312649751
      ],
      [
       66.92466569829494,
       63.02916037854462
      ],
      [
       66.95090411536135,
       62.99943773140866
      ],
      [
       66.9771425385746,
       62.96971502618002
      ],
      [
       67.00338109635528,
       62.939992293081495
      ],
      [
       67.0296195082783,
       62.910269587192644
      ],
      [
       67.05585790295919,
       62.88054693874396
      ],
      [
       67.08209641475091,
       62.850824188752824
      ],
      [
       67.14373678133502,
       62.86333867220602
      ],
      [
       67.20537717831269,
       62.875853199380124
      ],
      [
       67.26701766005472,
       62.88836761966926
      ],
      [
       67.32865794647931,
       62.90088210579924
      ],
      [
       67.30280630233008,
       62.930677817985824
      ],
      [
       67.27695459778886,
       62.96047353846364
      ],
      [
       67.21514922305187,
       62.94796577503852
      ],
      [
       67.15334386095924,
       62.935457969105705
      ],
      [
       67.13370493154923,
       62.9577634571457
      ],
      [
       67.11406596170495,
       62.980069037407986
      ],
      [
       67.09442688735297,
       63.00237460037117
      ],
      [
       67.07478796957021,
       63.024680092012304
      ],
      [
       67.05514889125804,
       63.04698564499939
      ],
      [
       67.03550991364263,
       63.0692912053918
      ],
      [
       67.01587088819107,
       63.09159674433998
      ],
      [
       66.99623199205911,
       63.11390228873167
      ],
      [
       66.93421030144543,
       63.10125401877515
      ],
      [
       66.87218867625539,
       63.08860581173132
      ]
     ]
    ]
   },
   "properties": {
    "event_id": "CH4-WSP-068",
    "datetime_utc": "2023-09-06T06:28:19Z",
    "date_utc": "2023-09-06",
    "year": 2023,
    "month": 9,
    "centroid_lon": 67.07962371244955,
    "centroid_lat": 62.969493273473574,
    "area_km2": 243.80559974001105,
    "n_pixels": 5,
    "max_z": 3.320538846418551,
    "mean_z": 3.2500297428213094,
    "max_delta": 43.18035230095279,
    "mean_delta": 29.024429218619236,
    "artifact_likely": 0,
    "corr_albedo": -0.5638327841976933,
    "nearest_source_type": "viirs_flare_high",
    "nearest_source_distance_km": 21.038633113243915,
    "matched_schuit_150km": 0,
    "matched_mars_150km": 1,
    "algorithm_version": "2.3.2",
    "config_id": "default_combine",
    "params_hash": "e28cf8046aba243c45f89c7b47a89288d0e9e597bba906d5566f9b726bcbf4b3",
    "run_id": "default_combine_2023_combined_e28cf804",
    "aoi_boundary": "zapsib",
    "artifact_likely_albedo_positive": 0,
    "build_date": "2026-05-23",
    "cluster_id": 1692217114789,
    "cluster_overlap_snow_fraction": 0,
    "count": 5,
    "enrichment_method": "numpy_eigh_with_cos_lat",
    "enrichment_stage": "axis_v1",
    "event_class": "CH4_only",
    "inside_reference_clean_zone": 0,
    "intermediate_asset": "projects/nodal-thunder-481307-u1/assets/RuPlumeScan/catalog/CH4/events_2023_intermediate",
    "nearest_source_id": "viirs_0071",
    "orbit_date_millis": 1693981699000,
    "plume_axis_deg": 142.99126347144542,
    "qa_flags": "",
    "rna_version": "1.2",
    "stage_2_run_date": "2026-05-23T03:00:11.463093+00:00",
    "stage_3_match_radius_km": 150,
    "stage_3_run_date": "2026-05-23",
    "stage_3b_rescope_date": "2026-06-20",
    "surface_confounded_dark": 1,
    "td0044_reclassified": null,
    "wind_alignment_score": 0.3635734520966698,
    "wind_consistency_diff_deg": 22.60973381611899,
    "wind_consistent": null,
    "wind_dir_deg": 85.7128741601457,
    "wind_level": "10m",
    "wind_levels_inconsistent_qa": 0,
    "wind_source": "ERA5_HOURLY_10m",
    "wind_speed": 0.15364335717626623,
    "wind_state": "insufficient_wind",
    "wind_u": -0.011485557071864605,
    "wind_u_850hPa": -1.9841079711914062,
    "wind_v": -0.15321345627307892,
    "wind_v_850hPa": -3.911421775817871,
    "zone_boundary_step_ppb": null
   }
  },
  {
   "type": "Feature",
   "geometry": {
    "type": "Polygon",
    "coordinates": [
     [
      [
       80.95342347629332,
       67.11759534062767
      ],
      [
       80.97191083346966,
       67.07014941363755
      ],
      [
       80.99039821475901,
       67.02270341415895
      ],
      [
       81.0088856824766,
       66.97525751948885
      ],
      [
       81.02737309380424,
       66.92781152838825
      ],
      [
       81.06611937364303,
       66.93026680110694
      ],
      [
       81.10486564412332,
       66.93272209651755
      ],
      [
       81.14361191252056,
       66.93517741730587
      ],
      [
       81.18235804407594,
       66.93763266653657
      ],
      [
       81.22110436841798,
       66.9400879566157
      ],
      [
       81.25985053173834,
       66.94254327006448
      ],
      [
       81.2985969024458,
       66.9449986295927
      ],
      [
       81.33734302213874,
       66.94745382885638
      ],
      [
       81.31947331327694,
       66.99493661222184
      ],
      [
       81.30160342802552,
       67.04241934427704
      ],
      [
       81.28373354814663,
       67.08990213521533
      ],
      [
       81.26586360754398,
       67.13738480662467
      ],
      [
       81.22680865055302,
       67.13491110344815
      ],
      [
       81.18775363151741,
       67.13243742779686
      ],
      [
       81.14869854264896,
       67.12996377686402
      ],
      [
       81.10964359747325,
       67.1274900685249
      ],
      [
       81.0705885673177,
       67.12501637939023
      ],
      [
       81.03153344444083,
       67.1225427066323
      ],
      [
       80.99247840339008,
       67.12006905776649
      ],
      [
       80.95342347629332,
       67.11759534062767
      ]
     ]
    ]
   },
   "properties": {
    "event_id": "CH4-WSP-069",
    "datetime_utc": "2023-09-06T06:28:19Z",
    "date_utc": "2023-09-06",
    "year": 2023,
    "month": 9,
    "centroid_lon": 81.1460100915534,
    "centroid_lat": 67.03258968349523,
    "area_km2": 291.9798251615229,
    "n_pixels": 6,
    "max_z": 5.136712795076213,
    "mean_z": 4.142009980589058,
    "max_delta": 29.797872115502287,
    "mean_delta": 22.426230000060777,
    "artifact_likely": 1,
    "corr_albedo": 0.8016442408061577,
    "nearest_source_type": "viirs_flare_high",
    "nearest_source_distance_km": 20.789946910181666,
    "matched_schuit_150km": 0,
    "matched_mars_150km": 0,
    "algorithm_version": "2.3.2",
    "config_id": "default_combine",
    "params_hash": "e28cf8046aba243c45f89c7b47a89288d0e9e597bba906d5566f9b726bcbf4b3",
    "run_id": "default_combine_2023_combined_e28cf804",
    "aoi_boundary": "zapsib",
    "artifact_likely_albedo_positive": 1,
    "build_date": "2026-05-23",
    "cluster_id": 1537598292023,
    "cluster_overlap_snow_fraction": 0,
    "count": 6,
    "enrichment_method": "numpy_eigh_with_cos_lat",
    "enrichment_stage": "axis_v1",
    "event_class": "CH4_only",
    "inside_reference_clean_zone": 0,
    "intermediate_asset": "projects/nodal-thunder-481307-u1/assets/RuPlumeScan/catalog/CH4/events_2023_intermediate",
    "nearest_source_id": "viirs_0138",
    "orbit_date_millis": 1693981699000,
    "plume_axis_deg": 12.533851644505194,
    "qa_flags": "",
    "rna_version": "1.2",
    "stage_2_run_date": "2026-05-23T03:00:11.463093+00:00",
    "stage_3_match_radius_km": 150,
    "stage_3_run_date": "2026-05-23",
    "stage_3b_rescope_date": "2026-06-20",
    "surface_confounded_dark": 0,
    "td0044_reclassified": null,
    "wind_alignment_score": 0.9907685681852518,
    "wind_consistency_diff_deg": 2.025455128920157,
    "wind_consistent": 1,
    "wind_dir_deg": 13.364680507832531,
    "wind_level": "10m",
    "wind_levels_inconsistent_qa": 0,
    "wind_source": "ERA5_HOURLY_10m",
    "wind_speed": 3.9261613180816863,
    "wind_state": "aligned",
    "wind_u": -3.8198351860046387,
    "wind_u_850hPa": -4.217914581298828,
    "wind_v": -0.9075251221656799,
    "wind_v_850hPa": -1.1610260009765625,
    "zone_boundary_step_ppb": null
   }
  },
  {
   "type": "Feature",
   "geometry": {
    "type": "MultiPolygon",
    "coordinates": [
     [
      [
       [
        66.49628643328201,
        61.88258397826842
       ],
       [
        66.43720006014894,
        61.86961019901591
       ],
       [
        66.378113613636,
        61.856636444041705
       ],
       [
        66.31902720827472,
        61.84366270523472
       ],
       [
        66.25994080263865,
        61.830688946160194
       ],
       [
        66.28582806082677,
        61.801042608335656
       ],
       [
        66.31171544939853,
        61.77139625045398
       ],
       [
        66.3707025431428,
        61.78434434166389
       ],
       [
        66.4296898674202,
        61.797292454774414
       ],
       [
        66.48867706837959,
        61.810240648875116
       ],
       [
        66.54766428124577,
        61.823188692876144
       ],
       [
        66.521975419257,
        61.85288630881491
       ],
       [
        66.49628643328201,
        61.88258397826842
       ]
      ]
     ],
     [
      [
       [
        66.61477809897086,
        61.90834416683576
       ],
       [
        66.64031555629217,
        61.87861421994899
       ],
       [
        66.66585279996555,
        61.84888428383875
       ],
       [
        66.69139003653291,
        61.81915431055709
       ],
       [
        66.71692730625603,
        61.78942441178364
       ],
       [
        66.77607946382517,
        61.80219305119728
       ],
       [
        66.83523174220662,
        61.814961659306384
       ],
       [
        66.80984823126033,
        61.844723901843665
       ],
       [
        66.78446482553129,
        61.87448620528648
       ],
       [
        66.84382207644158,
        61.88721693463401
       ],
       [
        66.90317944308484,
        61.899947704186914
       ],
       [
        66.87778936183948,
        61.929718842875786
       ],
       [
        66.85239926373112,
        61.95949004183261
       ],
       [
        66.7929938672576,
        61.94670361068628
       ],
       [
        66.73358879611332,
        61.933917108571855
       ],
       [
        66.67418344655519,
        61.921130683425204
       ],
       [
        66.61477809897086,
        61.90834416683576
       ]
      ]
     ],
     [
      [
       [
        66.55553232496707,
        61.89546404925943
       ],
       [
        66.61477809897086,
        61.90834416683576
       ],
       [
        66.58908263555679,
        61.938050685889415
       ],
       [
        66.56338708226885,
        61.967757286597056
       ],
       [
        66.62284024171895,
        61.98059946004328
       ],
       [
        66.68229336308396,
        61.9934416701973
       ],
       [
        66.65659117975174,
        62.023157137091005
       ],
       [
        66.63088895009282,
        62.05287252558166
       ],
       [
        66.58630463226586,
        62.04317509848521
       ],
       [
        66.54172028954875,
        62.03347773606739
       ],
       [
        66.49713591413138,
        62.02378023476952
       ],
       [
        66.45255163489121,
        62.014082795357396
       ],
       [
        66.4079672766071,
        62.004385373959465
       ],
       [
        66.36338297824943,
        61.994687983399935
       ],
       [
        66.31879864921325,
        61.98499049997414
       ],
       [
        66.27421441701911,
        61.97529312456157
       ],
       [
        66.3002153189822,
        61.94565121556798
       ],
       [
        66.32621630024155,
        61.91600935944562
       ],
       [
        66.38545542614978,
        61.92897868762939
       ],
       [
        66.4446946867625,
        61.94194794124315
       ],
       [
        66.4704905799001,
        61.91226599137521
       ],
       [
        66.49628643328201,
        61.88258397826842
       ],
       [
        66.55553232496707,
        61.89546404925943
       ]
      ]
     ]
    ]
   },
   "properties": {
    "event_id": "CH4-WSP-070",
    "datetime_utc": "2024-04-22T06:36:00Z",
    "date_utc": "2024-04-22",
    "year": 2024,
    "month": 4,
    "centroid_lon": 66.56015719376396,
    "centroid_lat": 61.90812832713608,
    "area_km2": 438.1191724089091,
    "n_pixels": 9,
    "max_z": 4.9433545316178265,
    "mean_z": 3.6058648585162607,
    "max_delta": 32.93452846445689,
    "mean_delta": 23.983387322354073,
    "artifact_likely": 1,
    "corr_albedo": 0.02351963255417229,
    "nearest_source_type": "viirs_flare_high",
    "nearest_source_distance_km": 20.34406200011472,
    "matched_schuit_150km": 0,
    "matched_mars_150km": 1,
    "algorithm_version": "3.1.4",
    "config_id": "default_combine",
    "params_hash": "19aa2a9b479246bdd0330cb38d725e695b098160d736290942f9a5f12569a2c8",
    "run_id": "default_combine_2024_combined_19aa2a9b",
    "aoi_boundary": "zapsib",
    "artifact_likely_albedo_positive": 0,
    "build_date": "2026-05-13",
    "cluster_id": 1748051689646,
    "cluster_overlap_snow_fraction": 0.876498707657105,
    "count": 9,
    "enrichment_method": "numpy_eigh_with_cos_lat",
    "enrichment_stage": "axis_v1",
    "event_class": "CH4_only",
    "inside_reference_clean_zone": 0,
    "intermediate_asset": "projects/nodal-thunder-481307-u1/assets/RuPlumeScan/catalog/CH4/events_2024_intermediate",
    "nearest_source_id": "viirs_0125",
    "orbit_date_millis": 1713767760000,
    "plume_axis_deg": 86.17751902798065,
    "qa_flags": "zone_boundary_adjustment_applied",
    "rna_version": "1.2",
    "stage_2_run_date": "2026-05-14T03:57:50.383568+00:00",
    "stage_3_match_radius_km": 150,
    "stage_3_run_date": "2026-05-23",
    "stage_3b_rescope_date": "2026-06-20",
    "surface_confounded_dark": 0,
    "td0044_reclassified": 1,
    "wind_alignment_score": 0.7256116374865065,
    "wind_consistency_diff_deg": 30.13534858715491,
    "wind_consistent": 1,
    "wind_dir_deg": 110.87247165419507,
    "wind_level": "10m",
    "wind_levels_inconsistent_qa": 0,
    "wind_source": "ERA5_HOURLY_10m",
    "wind_speed": 4.856352131631158,
    "wind_state": "aligned",
    "wind_u": 1.7302653789520264,
    "wind_u_850hPa": 9.247782707214355,
    "wind_v": -4.537657737731934,
    "wind_v_850hPa": -7.486617088317871,
    "zone_boundary_step_ppb": 16
   }
  },
  {
   "type": "Feature",
   "geometry": {
    "type": "MultiPolygon",
    "coordinates": [
     [
      [
       [
        71.21258845108153,
        60.66170440432477
       ],
       [
        71.15400702399604,
        60.651216596184675
       ],
       [
        71.0954256565556,
        60.6407287401238
       ],
       [
        71.11543141072049,
        60.61000337283697
       ],
       [
        71.13543721868395,
        60.57927787433573
       ],
       [
        71.19391377303494,
        60.58974558742911
       ],
       [
        71.25239040097271,
        60.60021333512698
       ],
       [
        71.2324894721666,
        60.63095886922234
       ],
       [
        71.21258845108153,
        60.66170440432477
       ]
      ]
     ],
     [
      [
       [
        71.21258845108153,
        60.66170440432477
       ],
       [
        71.27125025763847,
        60.67212974987696
       ],
       [
        71.32991185728706,
        60.68255508730521
       ],
       [
        71.30991223948847,
        60.71329057087498
       ],
       [
        71.28991266079709,
        60.74402606947095
       ],
       [
        71.26991300312591,
        60.77476154756596
       ],
       [
        71.24991344694406,
        60.805497012762274
       ],
       [
        71.22991380801446,
        60.83623251210739
       ],
       [
        71.20991418308398,
        60.866967949057006
       ],
       [
        71.18991453704915,
        60.89770339227266
       ],
       [
        71.16991483438133,
        60.928438910460855
       ],
       [
        71.11082281050525,
        60.91793547138995
       ],
       [
        71.05173091630026,
        60.90743201786168
       ],
       [
        71.07192067573996,
        60.87672777050842
       ],
       [
        71.0921102709986,
        60.84602351039973
       ],
       [
        71.11229997099618,
        60.81531929485294
       ],
       [
        71.13248966102306,
        60.784615033134145
       ],
       [
        71.0736964500536,
        60.77408708048919
       ],
       [
        71.01490322152752,
        60.763559181506174
       ],
       [
        71.03507387779825,
        60.73285599411396
       ],
       [
        71.05524459784914,
        60.70215285712061
       ],
       [
        71.11393318873915,
        60.7126629850271
       ],
       [
        71.17262161849509,
        60.72317304122088
       ],
       [
        71.19260502488258,
        60.69243869230803
       ],
       [
        71.21258845108153,
        60.66170440432477
       ]
      ]
     ]
    ]
   },
   "properties": {
    "event_id": "CH4-WSP-071",
    "datetime_utc": "2024-05-03T06:30:35Z",
    "date_utc": "2024-05-03",
    "year": 2024,
    "month": 5,
    "centroid_lon": 71.17206660294073,
    "centroid_lat": 60.75732091440409,
    "area_km2": 292.0174380230987,
    "n_pixels": 6,
    "max_z": 4.345604736141457,
    "mean_z": 4.239542580194274,
    "max_delta": 37.713888280061155,
    "mean_delta": 28.08383604827408,
    "artifact_likely": 1,
    "corr_albedo": 0.31096083967113275,
    "nearest_source_type": "viirs_flare_high",
    "nearest_source_distance_km": 18.999163220056012,
    "matched_schuit_150km": 0,
    "matched_mars_150km": 1,
    "algorithm_version": "3.1.4",
    "config_id": "default_combine",
    "params_hash": "19aa2a9b479246bdd0330cb38d725e695b098160d736290942f9a5f12569a2c8",
    "run_id": "default_combine_2024_combined_19aa2a9b",
    "aoi_boundary": "zapsib",
    "artifact_likely_albedo_positive": 0,
    "build_date": "2026-05-13",
    "cluster_id": 1864015806612,
    "cluster_overlap_snow_fraction": 0.8970794439325349,
    "count": 6,
    "enrichment_method": "numpy_eigh_with_cos_lat",
    "enrichment_stage": "axis_v1",
    "event_class": "CH4_only",
    "inside_reference_clean_zone": 0,
    "intermediate_asset": "projects/nodal-thunder-481307-u1/assets/RuPlumeScan/catalog/CH4/events_2024_intermediate",
    "nearest_source_id": "viirs_0289",
    "orbit_date_millis": 1714717835000,
    "plume_axis_deg": 175.69522848790405,
    "qa_flags": "",
    "rna_version": "1.2",
    "stage_2_run_date": "2026-05-14T03:57:50.383568+00:00",
    "stage_3_match_radius_km": 150,
    "stage_3_run_date": "2026-05-23",
    "stage_3b_rescope_date": "2026-06-20",
    "surface_confounded_dark": 0,
    "td0044_reclassified": 1,
    "wind_alignment_score": 0.8834206174338685,
    "wind_consistency_diff_deg": 159.84175413357423,
    "wind_consistent": 1,
    "wind_dir_deg": 345.2030840569522,
    "wind_level": "10m",
    "wind_levels_inconsistent_qa": 1,
    "wind_source": "ERA5_HOURLY_10m",
    "wind_speed": 2.104490612129798,
    "wind_state": "aligned",
    "wind_u": -2.0346996784210205,
    "wind_u_850hPa": 5.988994598388672,
    "wind_v": 0.5374736785888672,
    "wind_v_850hPa": -4.186558246612549,
    "zone_boundary_step_ppb": null
   }
  },
  {
   "type": "Feature",
   "geometry": {
    "type": "Polygon",
    "coordinates": [
     [
      [
       74.82292650280681,
       61.43567051505097
      ],
      [
       74.80624929981397,
       61.46694447753463
      ],
      [
       74.78957238131377,
       61.498218369344855
      ],
      [
       74.85107448723045,
       61.50668618109576
      ],
      [
       74.91257662933027,
       61.51515404416919
      ],
      [
       74.89595092854908,
       61.54643459481017
      ],
      [
       74.87932511994917,
       61.57771522318233
      ],
      [
       74.94102120755214,
       61.58613172731238
      ],
      [
       75.00271743972556,
       61.59454829250725
      ],
      [
       74.98614289599325,
       61.62583785072525
      ],
      [
       74.96956837097754,
       61.65712732984088
      ],
      [
       74.9077863878177,
       61.64865948279212
      ],
      [
       74.84600454948709,
       61.64019163837303
      ],
      [
       74.78422246507934,
       61.63172382361558
      ],
      [
       74.72244061312809,
       61.6232559812892
      ],
      [
       74.73926021838193,
       61.59199994970134
      ],
      [
       74.75607998164251,
       61.56074382155869
      ],
      [
       74.69452877988948,
       61.552191297963255
      ],
      [
       74.63297756163719,
       61.54363874633611
      ],
      [
       74.64984644696769,
       61.51239161422787
      ],
      [
       74.66671527148992,
       61.48114444036211
      ],
      [
       74.62075189330677,
       61.474641993663816
      ],
      [
       74.57478860231346,
       61.46813944971196
      ],
      [
       74.52882527361048,
       61.4616369682587
      ],
      [
       74.48286204447567,
       61.45513455672559
      ],
      [
       74.43689871163487,
       61.4486320001235
      ],
      [
       74.39093539518815,
       61.44212957804065
      ],
      [
       74.34497204319786,
       61.435627093028714
      ],
      [
       74.29900879364634,
       61.42912455275321
      ],
      [
       74.31182415823442,
       61.40571321213134
      ],
      [
       74.32463964104019,
       61.382301774148075
      ],
      [
       74.33745511663415,
       61.358890415914125
      ],
      [
       74.35027068579934,
       61.335478975657026
      ],
      [
       74.36308607310802,
       61.31206761275229
      ],
      [
       74.37590152970964,
       61.28865618323091
      ],
      [
       74.38871698706987,
       61.26524477948914
      ],
      [
       74.4015324330625,
       61.24183340921837
      ],
      [
       74.44722482910433,
       61.24829744072837
      ],
      [
       74.49291731312395,
       61.25476146533407
      ],
      [
       74.53860974786558,
       61.26122547534366
      ],
      [
       74.58430214611943,
       61.267689480708945
      ],
      [
       74.62999446541599,
       61.274153576192866
      ],
      [
       74.6756868294715,
       61.28061760208647
      ],
      [
       74.72137925083122,
       61.28708156820842
      ],
      [
       74.76707168721985,
       61.29354556927193
      ],
      [
       74.78362052538789,
       61.262255007798764
      ],
      [
       74.8001693906169,
       61.230964353018365
      ],
      [
       74.81671819999855,
       61.19967370889175
      ],
      [
       74.83326707487217,
       61.168383111582834
      ],
      [
       74.77251176356533,
       61.15986396872204
      ],
      [
       74.71175664681026,
       61.15134487492672
      ],
      [
       74.7282841513623,
       61.120052030128434
      ],
      [
       74.74481192632965,
       61.08875916231613
      ],
      [
       74.76133959056199,
       61.05746634094744
      ],
      [
       74.77786722526417,
       61.02617341564901
      ],
      [
       74.83838394190285,
       61.034659133306405
      ],
      [
       74.89890061328549,
       61.04314476289395
      ],
      [
       74.91520528475871,
       61.011819638166756
      ],
      [
       74.93150998977211,
       60.98049444683789
      ],
      [
       74.97691202855017,
       60.98674554429752
      ],
      [
       75.02231406274925,
       60.992996656199765
      ],
      [
       75.06771600921924,
       60.999247690216585
      ],
      [
       75.11311806920278,
       61.00549885903138
      ],
      [
       75.15852006469784,
       61.01174996864906
      ],
      [
       75.20392200712583,
       61.01800102844913
      ],
      [
       75.24932400336591,
       61.02425214934606
      ],
      [
       75.29472611805487,
       61.03050325556361
      ],
      [
       75.2787802976883,
       61.061877430918784
      ],
      [
       75.262834587126,
       61.09325173857478
      ],
      [
       75.32362546159582,
       61.10146980596522
      ],
      [
       75.38441646149245,
       61.109687948244265
      ],
      [
       75.36848745029323,
       61.141063303280184
      ],
      [
       75.35255839273847,
       61.17243868797611
      ],
      [
       75.33662936903214,
       61.20381399724089
      ],
      [
       75.32070030120593,
       61.23518938146123
      ],
      [
       75.2596663420311,
       61.22693779768331
      ],
      [
       75.19863241278868,
       61.21868620417072
      ],
      [
       75.1824459385258,
       61.2500270565953
      ],
      [
       75.16625932321259,
       61.28136784915271
      ],
      [
       75.15007289392967,
       61.31270859566075
      ],
      [
       75.13388627194225,
       61.34404941341913
      ],
      [
       75.07268073304895,
       61.335699691554055
      ],
      [
       75.01147498079293,
       61.32735005282512
      ],
      [
       74.9950276534105,
       61.358655135644206
      ],
      [
       74.97858027767255,
       61.389960273377206
      ],
      [
       74.96213288153311,
       61.42126544691251
      ],
      [
       74.94568539684639,
       61.45257053505098
      ],
      [
       74.88430594454303,
       61.444120549723536
      ],
      [
       74.82292650280681,
       61.43567051505097
      ]
     ],
     [
      [
       74.7616181779318,
       61.42715141021476
      ],
      [
       74.70031013784678,
       61.41863229666982
      ],
      [
       74.71703618350953,
       61.38736510437336
      ],
      [
       74.7337622938315,
       61.35609789737629
      ],
      [
       74.79494772720969,
       61.36459914893508
      ],
      [
       74.85613331089372,
       61.37310046155229
      ],
      [
       74.83952993297582,
       61.4043855163466
      ],
      [
       74.82292650280681,
       61.43567051505097
      ],
      [
       74.7616181779318,
       61.42715141021476
      ]
     ]
    ]
   },
   "properties": {
    "event_id": "CH4-WSP-072",
    "datetime_utc": "2024-05-03T06:30:35Z",
    "date_utc": "2024-05-03",
    "year": 2024,
    "month": 5,
    "centroid_lon": 74.8655876706199,
    "centroid_lat": 61.27910002830544,
    "area_km2": 1753.9781530477107,
    "n_pixels": 36,
    "max_z": 6.907648790048544,
    "mean_z": 4.398318885144778,
    "max_delta": 50.78400949675688,
    "mean_delta": 26.13442166849874,
    "artifact_likely": 1,
    "corr_albedo": -0.07709652636766225,
    "nearest_source_type": "viirs_flare_high",
    "nearest_source_distance_km": 21.335402092075473,
    "matched_schuit_150km": 0,
    "matched_mars_150km": 1,
    "algorithm_version": "3.1.4",
    "config_id": "default_combine",
    "params_hash": "19aa2a9b479246bdd0330cb38d725e695b098160d736290942f9a5f12569a2c8",
    "run_id": "default_combine_2024_combined_19aa2a9b",
    "aoi_boundary": "zapsib",
    "artifact_likely_albedo_positive": 0,
    "build_date": "2026-05-13",
    "cluster_id": 1885490643059,
    "cluster_overlap_snow_fraction": 0.9481752570784002,
    "count": 36,
    "enrichment_method": "numpy_eigh_with_cos_lat",
    "enrichment_stage": "axis_v1",
    "event_class": "CH4_only",
    "inside_reference_clean_zone": 0,
    "intermediate_asset": "projects/nodal-thunder-481307-u1/assets/RuPlumeScan/catalog/CH4/events_2024_intermediate",
    "nearest_source_id": "viirs_0366",
    "orbit_date_millis": 1714717835000,
    "plume_axis_deg": 150.44195169812573,
    "qa_flags": "zone_boundary_adjustment_applied",
    "rna_version": "1.2",
    "stage_2_run_date": "2026-05-14T03:57:50.383568+00:00",
    "stage_3_match_radius_km": 150,
    "stage_3_run_date": "2026-05-23",
    "stage_3b_rescope_date": "2026-06-20",
    "surface_confounded_dark": 0,
    "td0044_reclassified": 1,
    "wind_alignment_score": 0.7653970286151949,
    "wind_consistency_diff_deg": 45.650236375443114,
    "wind_consistent": null,
    "wind_dir_deg": 171.5562191227582,
    "wind_level": "10m",
    "wind_levels_inconsistent_qa": 1,
    "wind_source": "ERA5_HOURLY_10m",
    "wind_speed": 1.4124594350539352,
    "wind_state": "insufficient_wind",
    "wind_u": 1.3971489667892456,
    "wind_u_850hPa": 3.9166393280029297,
    "wind_v": -0.2074040025472641,
    "wind_v_850hPa": -5.409435749053955,
    "zone_boundary_step_ppb": 16
   }
  },
  {
   "type": "Feature",
   "geometry": {
    "type": "Polygon",
    "coordinates": [
     [
      [
       73.41265997071787,
       62.04150632430641
      ],
      [
       73.43110944067776,
       62.010478751002616
      ],
      [
       73.44955897082478,
       61.9794512332233
      ],
      [
       73.4680084370786,
       61.94842368332861
      ],
      [
       73.48645796376486,
       61.9173961363538
      ],
      [
       73.54845962553243,
       61.92656405238845
      ],
      [
       73.61046119798196,
       61.93573195416843
      ],
      [
       73.59217434135104,
       61.96678287950653
      ],
      [
       73.57388760822346,
       61.99783388054957
      ],
      [
       73.6360899376091,
       62.00695272551621
      ],
      [
       73.69829209946695,
       62.016071632154755
      ],
      [
       73.71641612077441,
       61.98499719992057
      ],
      [
       73.73454017565156,
       61.95392289753452
      ],
      [
       73.7526640451622,
       61.922848534719016
      ],
      [
       73.7707881617901,
       61.891774183942985
      ],
      [
       73.8328232442228,
       61.90078819842013
      ],
      [
       73.89485819648947,
       61.90980226050012
      ],
      [
       73.88132816053957,
       61.93311838285646
      ],
      [
       73.86779807469604,
       61.95643442071666
      ],
      [
       73.85426814182027,
       61.97975057361482
      ],
      [
       73.84073802997601,
       62.003066609449526
      ],
      [
       73.82720794186216,
       62.02638272780699
      ],
      [
       73.81367800889853,
       62.04969875216579
      ],
      [
       73.80014797025521,
       62.07301482651341
      ],
      [
       73.78661799311544,
       62.09633096248243
      ],
      [
       73.73987313106133,
       62.08947790928729
      ],
      [
       73.69312839238194,
       62.08262480272774
      ],
      [
       73.64638370134227,
       62.07577171637253
      ],
      [
       73.59963888693188,
       62.068918620101975
      ],
      [
       73.55289424314621,
       62.06206554034573
      ],
      [
       73.50614944417322,
       62.05521242800791
      ],
      [
       73.45940472346672,
       62.04835939429601
      ],
      [
       73.41265997071787,
       62.04150632430641
      ]
     ]
    ]
   },
   "properties": {
    "event_id": "CH4-WSP-073",
    "datetime_utc": "2024-05-03T08:12:05Z",
    "date_utc": "2024-05-03",
    "year": 2024,
    "month": 5,
    "centroid_lon": 73.66283845796339,
    "centroid_lat": 61.999565702670694,
    "area_km2": 291.9514909201434,
    "n_pixels": 6,
    "max_z": 5.025029215553364,
    "mean_z": 4.091001948621844,
    "max_delta": 20.581902252349664,
    "mean_delta": 17.867676498128244,
    "artifact_likely": 1,
    "corr_albedo": 0.6408956575115702,
    "nearest_source_type": "viirs_flare_high",
    "nearest_source_distance_km": 18.89424064311656,
    "matched_schuit_150km": 0,
    "matched_mars_150km": 1,
    "algorithm_version": "3.1.4",
    "config_id": "default_combine",
    "params_hash": "19aa2a9b479246bdd0330cb38d725e695b098160d736290942f9a5f12569a2c8",
    "run_id": "default_combine_2024_combined_19aa2a9b",
    "aoi_boundary": "zapsib",
    "artifact_likely_albedo_positive": 1,
    "build_date": "2026-05-13",
    "cluster_id": 1816771166331,
    "cluster_overlap_snow_fraction": 1,
    "count": 6,
    "enrichment_method": "numpy_eigh_with_cos_lat",
    "enrichment_stage": "axis_v1",
    "event_class": "CH4_only",
    "inside_reference_clean_zone": 0,
    "intermediate_asset": "projects/nodal-thunder-481307-u1/assets/RuPlumeScan/catalog/CH4/events_2024_intermediate",
    "nearest_source_id": "viirs_0297",
    "orbit_date_millis": 1714723925000,
    "plume_axis_deg": 116.99662816679077,
    "qa_flags": "zone_boundary_adjustment_applied",
    "rna_version": "1.2",
    "stage_2_run_date": "2026-05-14T03:57:50.383568+00:00",
    "stage_3_match_radius_km": 150,
    "stage_3_run_date": "2026-05-23",
    "stage_3b_rescope_date": "2026-06-20",
    "surface_confounded_dark": 0,
    "td0044_reclassified": 1,
    "wind_alignment_score": 0.004628590574596303,
    "wind_consistency_diff_deg": 74.07116976419655,
    "wind_consistent": null,
    "wind_dir_deg": 207.41320131850443,
    "wind_level": "10m",
    "wind_levels_inconsistent_qa": 1,
    "wind_source": "ERA5_HOURLY_10m",
    "wind_speed": 1.9161352391235384,
    "wind_state": "insufficient_wind",
    "wind_u": 1.7009711265563965,
    "wind_u_850hPa": 4.105722427368164,
    "wind_v": 0.8821969628334045,
    "wind_v_850hPa": -4.350488185882568,
    "zone_boundary_step_ppb": 16
   }
  },
  {
   "type": "Feature",
   "geometry": {
    "type": "MultiPolygon",
    "coordinates": [
     [
      [
       [
        68.32065181122337,
        62.39989315762392
       ],
       [
        68.38178618958386,
        62.41180786024524
       ],
       [
        68.44292042849662,
        62.42372262727885
       ],
       [
        68.46698959016739,
        62.39363482449124
       ],
       [
        68.4910586154845,
        62.36354705630697
       ],
       [
        68.5151277084878,
        62.333459273413006
       ],
       [
        68.53919683575513,
        62.30337148224434
       ],
       [
        68.60021523636783,
        62.31517250674799
       ],
       [
        68.66123352247358,
        62.32697348897703
       ],
       [
        68.64322551353645,
        62.34955159885651
       ],
       [
        68.62521732373635,
        62.37212971357062
       ],
       [
        68.60720936222786,
        62.394707799759516
       ],
       [
        68.58920124780869,
        62.41728588519322
       ],
       [
        68.57119315321502,
        62.43986399264318
       ],
       [
        68.55318509247438,
        62.462442119368056
       ],
       [
        68.53517699856437,
        62.485020155370094
       ],
       [
        68.51716888815798,
        62.507598286729916
       ],
       [
        68.45587294840213,
        62.4956936379197
       ],
       [
        68.39457706307559,
        62.48378891299861
       ],
       [
        68.33328118809366,
        62.47188426505168
       ],
       [
        68.2719851969276,
        62.459979550794095
       ],
       [
        68.29631861981187,
        62.42993634948838
       ],
       [
        68.32065181122337,
        62.39989315762392
       ]
      ]
     ],
     [
      [
       [
        68.32065181122337,
        62.39989315762392
       ],
       [
        68.27495662500873,
        62.39086127117005
       ],
       [
        68.22926143642117,
        62.381829369137115
       ],
       [
        68.18356622636803,
        62.37279743641924
       ],
       [
        68.13787105531564,
        62.36376556531089
       ],
       [
        68.09217582463064,
        62.354733633279686
       ],
       [
        68.046480753359,
        62.34570175891247
       ],
       [
        68.00078558468314,
        62.33666979341136
       ],
       [
        67.95509029902487,
        62.32763791015845
       ],
       [
        67.9796466680135,
        62.29765491432389
       ],
       [
        68.00420286867451,
        62.26767189501363
       ],
       [
        68.06491796787002,
        62.2797538551044
       ],
       [
        68.12563305885003,
        62.291835777624904
       ],
       [
        68.14997764284624,
        62.26181263257287
       ],
       [
        68.17432195521091,
        62.23178954473803
       ],
       [
        68.23503263529881,
        62.24378450486574
       ],
       [
        68.29574328194528,
        62.25577949725153
       ],
       [
        68.31987826362321,
        62.22571846911633
       ],
       [
        68.34401318523032,
        62.195657441581574
       ],
       [
        68.40471714639736,
        62.2075632193753
       ],
       [
        68.46542111610677,
        62.21946901817432
       ],
       [
        68.44732488922818,
        62.242022005172956
       ],
       [
        68.42922872672393,
        62.26457509899977
       ],
       [
        68.41113264087542,
        62.2871281084305
       ],
       [
        68.39303640928524,
        62.30968108637526
       ],
       [
        68.37494036274074,
        62.33223408176399
       ],
       [
        68.35684411975917,
        62.35478712166531
       ],
       [
        68.3387480900245,
        62.377340173743896
       ],
       [
        68.32065181122337,
        62.39989315762392
       ]
      ]
     ]
    ]
   },
   "properties": {
    "event_id": "CH4-WSP-074",
    "datetime_utc": "2024-05-06T07:15:12Z",
    "date_utc": "2024-05-06",
    "year": 2024,
    "month": 5,
    "centroid_lon": 68.33504843591778,
    "centroid_lat": 62.34696039108573,
    "area_km2": 486.464034746763,
    "n_pixels": 10,
    "max_z": 7.320166694317599,
    "mean_z": 5.457116983980595,
    "max_delta": 55.46832752707178,
    "mean_delta": 27.265514127096672,
    "artifact_likely": 1,
    "corr_albedo": -0.21536467285715558,
    "nearest_source_type": "viirs_flare_high",
    "nearest_source_distance_km": 11.450940739856406,
    "matched_schuit_150km": 0,
    "matched_mars_150km": 1,
    "algorithm_version": "3.1.4",
    "config_id": "default_combine",
    "params_hash": "19aa2a9b479246bdd0330cb38d725e695b098160d736290942f9a5f12569a2c8",
    "run_id": "default_combine_2024_combined_19aa2a9b",
    "aoi_boundary": "zapsib",
    "artifact_likely_albedo_positive": 0,
    "build_date": "2026-05-13",
    "cluster_id": 1735166787743,
    "cluster_overlap_snow_fraction": 0.9382450059717574,
    "count": 10,
    "enrichment_method": "numpy_eigh_with_cos_lat",
    "enrichment_stage": "axis_v1",
    "event_class": "CH4_only",
    "inside_reference_clean_zone": 0,
    "intermediate_asset": "projects/nodal-thunder-481307-u1/assets/RuPlumeScan/catalog/CH4/events_2024_intermediate",
    "nearest_source_id": "viirs_0146",
    "orbit_date_millis": 1714979712000,
    "plume_axis_deg": 54.56756997913638,
    "qa_flags": "zone_boundary_adjustment_applied",
    "rna_version": "1.2",
    "stage_2_run_date": "2026-05-14T03:57:50.383568+00:00",
    "stage_3_match_radius_km": 150,
    "stage_3_run_date": "2026-05-23",
    "stage_3b_rescope_date": "2026-06-20",
    "surface_confounded_dark": 0,
    "td0044_reclassified": 1,
    "wind_alignment_score": 0.7307102920403437,
    "wind_consistency_diff_deg": 90.25205195327186,
    "wind_consistent": 1,
    "wind_dir_deg": 210.3314962627673,
    "wind_level": "10m",
    "wind_levels_inconsistent_qa": 1,
    "wind_source": "ERA5_HOURLY_10m",
    "wind_speed": 3.8242492247636846,
    "wind_state": "aligned",
    "wind_u": 3.30077862739563,
    "wind_u_850hPa": 5.548852920532227,
    "wind_v": 1.9312541484832764,
    "wind_v_850hPa": -9.580193519592285,
    "zone_boundary_step_ppb": 16
   }
  },
  {
   "type": "Feature",
   "geometry": {
    "type": "Polygon",
    "coordinates": [
     [
      [
       72.66129249782635,
       61.72346094608147
      ],
      [
       72.68495297795383,
       61.68478207929448
      ],
      [
       72.70861349768678,
       61.646103330411506
      ],
      [
       72.7322741229652,
       61.607424561399974
      ],
      [
       72.75593470372198,
       61.56874569841053
      ],
      [
       72.7795952092174,
       61.53006695923486
      ],
      [
       72.80325576651063,
       61.49138812214699
      ],
      [
       72.82691625395171,
       61.45270930120254
      ],
      [
       72.8505767641843,
       61.414030546275946
      ],
      [
       72.9113053255596,
       61.4235551330857
      ],
      [
       72.9720338267443,
       61.43307976270595
      ],
      [
       72.95338358445535,
       61.464063901888494
      ],
      [
       72.93473346480278,
       61.49504789294551
      ],
      [
       72.99565814188794,
       61.50452353884824
      ],
      [
       73.05658280336385,
       61.51399913616764
      ],
      [
       73.03793039330199,
       61.54498538284461
      ],
      [
       73.0192780285565,
       61.57597166206543
      ],
      [
       73.00062552524726,
       61.60695802261516
      ],
      [
       72.98197318912658,
       61.63794430004722
      ],
      [
       72.9208121634694,
       61.628430763041194
      ],
      [
       72.85965106569624,
       61.61891727273178
      ],
      [
       72.84076008515846,
       61.64986793399097
      ],
      [
       72.82186912958291,
       61.68081856326996
      ],
      [
       72.88314839318146,
       61.69034985099795
      ],
      [
       72.94442750601004,
       61.69988118107297
      ],
      [
       72.92557451446235,
       61.7308407514286
      ],
      [
       72.90672137779357,
       61.76180028064071
      ],
      [
       72.84536424021725,
       61.752215406897044
      ],
      [
       72.78400688767734,
       61.7426306003602
      ],
      [
       72.72264965250952,
       61.733045789160876
      ],
      [
       72.66129249782635,
       61.72346094608147
      ]
     ]
    ]
   },
   "properties": {
    "event_id": "CH4-WSP-075",
    "datetime_utc": "2024-05-06T07:15:12Z",
    "date_utc": "2024-05-06",
    "year": 2024,
    "month": 5,
    "centroid_lon": 72.85833054685709,
    "centroid_lat": 61.593223226046305,
    "area_km2": 390.2356423403317,
    "n_pixels": 8,
    "max_z": 5.388583072822479,
    "mean_z": 4.184588230399762,
    "max_delta": 29.556509982183115,
    "mean_delta": 12.612453974234555,
    "artifact_likely": 1,
    "corr_albedo": 0.2794303061685265,
    "nearest_source_type": "gas_field",
    "nearest_source_distance_km": 12.832539966425372,
    "matched_schuit_150km": 0,
    "matched_mars_150km": 1,
    "algorithm_version": "3.1.4",
    "config_id": "default_combine",
    "params_hash": "19aa2a9b479246bdd0330cb38d725e695b098160d736290942f9a5f12569a2c8",
    "run_id": "default_combine_2024_combined_19aa2a9b",
    "aoi_boundary": "zapsib",
    "artifact_likely_albedo_positive": 0,
    "build_date": "2026-05-13",
    "cluster_id": 1829656068227,
    "cluster_overlap_snow_fraction": 0.9951341159296879,
    "count": 8,
    "enrichment_method": "numpy_eigh_with_cos_lat",
    "enrichment_stage": "axis_v1",
    "event_class": "CH4_only",
    "inside_reference_clean_zone": 0,
    "intermediate_asset": "projects/nodal-thunder-481307-u1/assets/RuPlumeScan/catalog/CH4/events_2024_intermediate",
    "nearest_source_id": "ru_khmao_priobskoye",
    "orbit_date_millis": 1714979712000,
    "plume_axis_deg": 165.12352320864903,
    "qa_flags": "zone_boundary_adjustment_applied",
    "rna_version": "1.2",
    "stage_2_run_date": "2026-05-14T03:57:50.383568+00:00",
    "stage_3_match_radius_km": 150,
    "stage_3_run_date": "2026-05-23",
    "stage_3b_rescope_date": "2026-06-20",
    "surface_confounded_dark": 0,
    "td0044_reclassified": 1,
    "wind_alignment_score": 0.9160846823642999,
    "wind_consistency_diff_deg": 22.998543000090876,
    "wind_consistent": 1,
    "wind_dir_deg": 172.67590179586205,
    "wind_level": "10m",
    "wind_levels_inconsistent_qa": 0,
    "wind_source": "ERA5_HOURLY_10m",
    "wind_speed": 4.600258021767974,
    "wind_state": "aligned",
    "wind_u": 4.5627241134643555,
    "wind_u_850hPa": 7.962120056152344,
    "wind_v": -0.5864490866661072,
    "wind_v_850hPa": -4.656908988952637,
    "zone_boundary_step_ppb": 16
   }
  },
  {
   "type": "Feature",
   "geometry": {
    "type": "MultiPolygon",
    "coordinates": [
     [
      [
       [
        75.89987950379489,
        62.44637486122031
       ],
       [
        75.91588552189768,
        62.41501172110925
       ],
       [
        75.93189152428927,
        62.383648698919345
       ],
       [
        75.99564992504095,
        62.39147439270225
       ],
       [
        76.05940845259285,
        62.399300087470756
       ],
       [
        76.04353839015405,
        62.43068102116657
       ],
       [
        76.02766843216668,
        62.46206196533837
       ],
       [
        75.96377409168768,
        62.45421843277329
       ],
       [
        75.89987950379489,
        62.44637486122031
       ]
      ]
     ],
     [
      [
       [
        75.89987950379489,
        62.44637486122031
       ],
       [
        75.8838045509542,
        62.47773126908375
       ],
       [
        75.86772952000763,
        62.50908764684772
       ],
       [
        75.80381158957468,
        62.50112367333007
       ],
       [
        75.73989366836811,
        62.49315972400128
       ],
       [
        75.67597587668276,
        62.48519579123683
       ],
       [
        75.61205802336794,
        62.47723183490132
       ],
       [
        75.6282912979885,
        62.44589655981885
       ],
       [
        75.64452479331378,
        62.4145613545886
       ],
       [
        75.6607580149458,
        62.38322618918499
       ],
       [
        75.67699135298635,
        62.35189094347121
       ],
       [
        75.69322472568443,
        62.32055572239139
       ],
       [
        75.70945810495617,
        62.289220544978505
       ],
       [
        75.7256915158469,
        62.25788534438769
       ],
       [
        75.7419248287388,
        62.226550037650014
       ],
       [
        75.80527979422565,
        62.23448279532837
       ],
       [
        75.86863469376419,
        62.24241554468738
       ],
       [
        75.84453542645997,
        62.2894501776811
       ],
       [
        75.82043631490322,
        62.3364847580022
       ],
       [
        75.7963370382233,
        62.383519360316434
       ],
       [
        75.77223784506184,
        62.43055393565024
       ],
       [
        75.83605865460524,
        62.43846439733781
       ],
       [
        75.89987950379489,
        62.44637486122031
       ]
      ]
     ]
    ]
   },
   "properties": {
    "event_id": "CH4-WSP-076",
    "datetime_utc": "2024-05-06T07:15:12Z",
    "date_utc": "2024-05-06",
    "year": 2024,
    "month": 5,
    "centroid_lon": 75.79365937139175,
    "centroid_lat": 62.388696886537836,
    "area_km2": 292.33631210571,
    "n_pixels": 6,
    "max_z": 8.391594838129397,
    "mean_z": 5.467214153579362,
    "max_delta": 52.623666325480826,
    "mean_delta": 32.787146913264415,
    "artifact_likely": 1,
    "corr_albedo": 0.6573429600956621,
    "nearest_source_type": "viirs_flare_high",
    "nearest_source_distance_km": 48.98781846820805,
    "matched_schuit_150km": 0,
    "matched_mars_150km": 1,
    "algorithm_version": "3.1.4",
    "config_id": "default_combine",
    "params_hash": "19aa2a9b479246bdd0330cb38d725e695b098160d736290942f9a5f12569a2c8",
    "run_id": "default_combine_2024_combined_19aa2a9b",
    "aoi_boundary": "zapsib",
    "artifact_likely_albedo_positive": 1,
    "build_date": "2026-05-13",
    "cluster_id": 1812476199017,
    "cluster_overlap_snow_fraction": 1,
    "count": 6,
    "enrichment_method": "numpy_eigh_with_cos_lat",
    "enrichment_stage": "axis_v1",
    "event_class": "CH4_only",
    "inside_reference_clean_zone": 0,
    "intermediate_asset": "projects/nodal-thunder-481307-u1/assets/RuPlumeScan/catalog/CH4/events_2024_intermediate",
    "nearest_source_id": "viirs_0352",
    "orbit_date_millis": 1714979712000,
    "plume_axis_deg": 172.11825135186595,
    "qa_flags": "zone_boundary_adjustment_applied",
    "rna_version": "1.2",
    "stage_2_run_date": "2026-05-14T03:57:50.383568+00:00",
    "stage_3_match_radius_km": 150,
    "stage_3_run_date": "2026-05-23",
    "stage_3b_rescope_date": "2026-06-20",
    "surface_confounded_dark": 0,
    "td0044_reclassified": 1,
    "wind_alignment_score": 0.9746454387650908,
    "wind_consistency_diff_deg": 26.702821794618217,
    "wind_consistent": 1,
    "wind_dir_deg": 169.83634084072412,
    "wind_level": "10m",
    "wind_levels_inconsistent_qa": 0,
    "wind_source": "ERA5_HOURLY_10m",
    "wind_speed": 7.2170774267085696,
    "wind_state": "aligned",
    "wind_u": 7.103825092315674,
    "wind_u_850hPa": 10.302202224731445,
    "wind_v": -1.273528814315796,
    "wind_v_850hPa": -7.725691795349121,
    "zone_boundary_step_ppb": 16
   }
  },
  {
   "type": "Feature",
   "geometry": {
    "type": "Polygon",
    "coordinates": [
     [
      [
       64.20030418909003,
       60.26722554775519
      ],
      [
       64.22685371520892,
       60.237955982073444
      ],
      [
       64.25340319870556,
       60.20868644865471
      ],
      [
       64.30839957235264,
       60.22277718491851
      ],
      [
       64.36339583842565,
       60.2368679961351
      ],
      [
       64.38961211908413,
       60.20753044864655
      ],
      [
       64.41582833638442,
       60.178192873787985
      ],
      [
       64.44204437334248,
       60.14885535164425
      ],
      [
       64.46826066455361,
       60.11951779176325
      ],
      [
       64.4944767121812,
       60.09018029040846
      ],
      [
       64.52069294972705,
       60.06084275700631
      ],
      [
       64.54690911250209,
       60.031505241230256
      ],
      [
       64.57312525339758,
       60.00216766890125
      ],
      [
       64.60748204086448,
       60.010805462369206
      ],
      [
       64.64183897380421,
       60.019443314989104
      ],
      [
       64.6761957656452,
       60.028081174463985
      ],
      [
       64.71055250822484,
       60.0367189716907
      ],
      [
       64.74490927162243,
       60.04535682214666
      ],
      [
       64.77926614773845,
       60.053994656518526
      ],
      [
       64.81362291257807,
       60.06263253021964
      ],
      [
       64.8479798892595,
       60.07127032645095
      ],
      [
       64.88233662234634,
       60.07990814827829
      ],
      [
       64.91669349814838,
       60.08854598613042
      ],
      [
       64.9510501455724,
       60.09718386592475
      ],
      [
       64.98540703480916,
       60.10582170025895
      ],
      [
       65.01976379461203,
       60.114459515177174
      ],
      [
       65.0541207276387,
       60.123097378145616
      ],
      [
       65.08847739890209,
       60.13173520825323
      ],
      [
       65.12283434229973,
       60.14037302475988
      ],
      [
       65.09718109211887,
       60.169858877726554
      ],
      [
       65.07152781329422,
       60.19934464043508
      ],
      [
       65.12687879990254,
       60.21301623475721
      ],
      [
       65.18222952140347,
       60.226687868877974
      ],
      [
       65.15651049024176,
       60.25617368573871
      ],
      [
       65.13079164660552,
       60.285659467172124
      ],
      [
       65.10507255862746,
       60.315145305797024
      ],
      [
       65.07935357428835,
       60.3446310717644
      ],
      [
       65.13502323073061,
       60.35826477564526
      ],
      [
       65.1906928942235,
       60.3718984349883
      ],
      [
       65.24636251337039,
       60.38553216122537
      ],
      [
       65.30203220469762,
       60.399165909934254
      ],
      [
       65.27633214336176,
       60.42867622891104
      ],
      [
       65.25063210269069,
       60.4581865326433
      ],
      [
       65.19482866340523,
       60.444557314611586
      ],
      [
       65.13902525790702,
       60.430928083443405
      ],
      [
       65.11314020232176,
       60.46039597426661
      ],
      [
       65.08725508781761,
       60.48986401486281
      ],
      [
       65.03146518349477,
       60.476152239397685
      ],
      [
       64.97567511222152,
       60.46244053926544
      ],
      [
       64.94960275098288,
       60.49186836059639
      ],
      [
       64.92353034696963,
       60.52129623391296
      ],
      [
       64.8677581736598,
       60.50749975849017
      ],
      [
       64.811985955835,
       60.49370332458702
      ],
      [
       64.78572852322318,
       60.52308875484235
      ],
      [
       64.75947113804567,
       60.552474248099585
      ],
      [
       64.72475253586234,
       60.54372796547267
      ],
      [
       64.69003395559228,
       60.534981770346235
      ],
      [
       64.65531541091306,
       60.52623546889882
      ],
      [
       64.62059687187357,
       60.51748923820035
      ],
      [
       64.58587826675094,
       60.5087429619463
      ],
      [
       64.5511596510351,
       60.49999673959378
      ],
      [
       64.51644110263611,
       60.49125048530408
      ],
      [
       64.48172252752367,
       60.48250426812876
      ],
      [
       64.44700400386982,
       60.4737580022836
      ],
      [
       64.4122854375842,
       60.4650117567382
      ],
      [
       64.37756682070311,
       60.45626552304071
      ],
      [
       64.3428483808455,
       60.44751924620868
      ],
      [
       64.30812978812895,
       60.438773041665954
      ],
      [
       64.273411207776,
       60.430026746488316
      ],
      [
       64.23869260774909,
       60.421280537431436
      ],
      [
       64.20397415355488,
       60.4125342518271
      ],
      [
       64.23059612423926,
       60.383265847277485
      ],
      [
       64.257218025311,
       60.35399746464783
      ],
      [
       64.28383999787765,
       60.32472895177524
      ],
      [
       64.31046189919623,
       60.29546057284124
      ],
      [
       64.25538309927545,
       60.28134306608516
      ],
      [
       64.20030418909003,
       60.26722554775519
      ]
     ]
    ]
   },
   "properties": {
    "event_id": "CH4-WSP-077",
    "datetime_utc": "2024-06-01T07:28:51Z",
    "date_utc": "2024-06-01",
    "year": 2024,
    "month": 6,
    "centroid_lon": 64.72604558186084,
    "centroid_lat": 60.29557942445128,
    "area_km2": 2144.3189565884722,
    "n_pixels": 44,
    "max_z": 5.747357213762728,
    "mean_z": 4.514028768660071,
    "max_delta": 4.577048751971006,
    "mean_delta": 4.410449455503788,
    "artifact_likely": 0,
    "corr_albedo": 0.0583632340755396,
    "nearest_source_type": "viirs_flare_high",
    "nearest_source_distance_km": 3.9056993244660974,
    "matched_schuit_150km": 0,
    "matched_mars_150km": 1,
    "algorithm_version": "3.1.4",
    "config_id": "default_combine",
    "params_hash": "19aa2a9b479246bdd0330cb38d725e695b098160d736290942f9a5f12569a2c8",
    "run_id": "default_combine_2024_combined_19aa2a9b",
    "aoi_boundary": "zapsib",
    "artifact_likely_albedo_positive": 0,
    "build_date": "2026-05-13",
    "cluster_id": 1816771166403,
    "cluster_overlap_snow_fraction": 0,
    "count": 44,
    "enrichment_method": "numpy_eigh_with_cos_lat",
    "enrichment_stage": "axis_v1",
    "event_class": "CH4_only",
    "inside_reference_clean_zone": 0,
    "intermediate_asset": "projects/nodal-thunder-481307-u1/assets/RuPlumeScan/catalog/CH4/events_2024_intermediate",
    "nearest_source_id": "viirs_0169",
    "orbit_date_millis": 1717226931000,
    "plume_axis_deg": 160.1660438523475,
    "qa_flags": "",
    "rna_version": "1.2",
    "stage_2_run_date": "2026-05-14T03:57:50.383568+00:00",
    "stage_3_match_radius_km": 150,
    "stage_3_run_date": "2026-05-23",
    "stage_3b_rescope_date": "2026-06-20",
    "surface_confounded_dark": 0,
    "td0044_reclassified": 1,
    "wind_alignment_score": 0.9650995169844735,
    "wind_consistency_diff_deg": 71.42975596185613,
    "wind_consistent": 1,
    "wind_dir_deg": 157.02500038095013,
    "wind_level": "10m",
    "wind_levels_inconsistent_qa": 1,
    "wind_source": "ERA5_HOURLY_10m",
    "wind_speed": 2.285131416828043,
    "wind_state": "aligned",
    "wind_u": 2.1038639545440674,
    "wind_u_850hPa": -0.5796489715576172,
    "wind_v": -0.8919540643692017,
    "wind_v_850hPa": -7.525045394897461,
    "zone_boundary_step_ppb": null
   }
  },
  {
   "type": "Feature",
   "geometry": {
    "type": "Polygon",
    "coordinates": [
     [
      [
       64.88516418576314,
       60.870394763355286
      ],
      [
       64.91157768463094,
       60.84100260176927
      ],
      [
       64.93799121965965,
       60.81161043631479
      ],
      [
       64.99441662813449,
       60.82532887932499
      ],
      [
       65.05084208428885,
       60.839047241702744
      ],
      [
       65.07706393613188,
       60.80961277848015
      ],
      [
       65.10328568067874,
       60.78017819370274
      ],
      [
       65.15977804546252,
       60.79378406292301
      ],
      [
       65.21627030398305,
       60.80738993640532
      ],
      [
       65.2727626602949,
       60.82099569249997
      ],
      [
       65.32925497971252,
       60.834601522204146
      ],
      [
       65.35520028963994,
       60.805100113646596
      ],
      [
       65.38114547830023,
       60.77559874341328
      ],
      [
       65.43770254198346,
       60.78909198263124
      ],
      [
       65.4942595809991,
       60.802585224259296
      ],
      [
       65.46835212201083,
       60.83210335955731
      ],
      [
       65.44244491760026,
       60.86162146861465
      ],
      [
       65.41653737860626,
       60.89113961683188
      ],
      [
       65.39063015956711,
       60.92065773231407
      ],
      [
       65.44746795662279,
       60.93413986425778
      ],
      [
       65.50430595424262,
       60.947621936802136
      ],
      [
       65.47833394252369,
       60.97714117405737
      ],
      [
       65.45236193341017,
       61.00666042497476
      ],
      [
       65.4169119906081,
       60.998143849249416
      ],
      [
       65.38146212995083,
       60.989627249073955
      ],
      [
       65.34601234273298,
       60.981110615981244
      ],
      [
       65.3105625354133,
       60.972594019839065
      ],
      [
       65.27511254749919,
       60.96407742243382
      ],
      [
       65.23966275855544,
       60.955560796113424
      ],
      [
       65.20421292326338,
       60.94704418103644
      ],
      [
       65.16876303292244,
       60.9385275685957
      ],
      [
       65.13331323034362,
       60.93001097998712
      ],
      [
       65.09786335538577,
       60.921494376867464
      ],
      [
       65.06241355087762,
       60.912977780507575
      ],
      [
       65.02696365687108,
       60.904461152458374
      ],
      [
       64.99151373055281,
       60.895944592103966
      ],
      [
       64.95606393464035,
       60.88742793481608
      ],
      [
       64.92061408926592,
       60.878911328111606
      ],
      [
       64.88516418576314,
       60.870394763355286
      ]
     ]
    ]
   },
   "properties": {
    "event_id": "CH4-WSP-078",
    "datetime_utc": "2024-06-01T07:28:51Z",
    "date_utc": "2024-06-01",
    "year": 2024,
    "month": 6,
    "centroid_lon": 65.23614803795353,
    "centroid_lat": 60.87953560661203,
    "area_km2": 437.32780730968807,
    "n_pixels": 9,
    "max_z": 6.306128700622569,
    "mean_z": 4.547953051511883,
    "max_delta": 35.27894181759552,
    "mean_delta": 11.32850926364333,
    "artifact_likely": 0,
    "corr_albedo": -0.4875156530782616,
    "nearest_source_type": "viirs_flare_high",
    "nearest_source_distance_km": 12.657343591652246,
    "matched_schuit_150km": 0,
    "matched_mars_150km": 1,
    "algorithm_version": "3.1.4",
    "config_id": "default_combine",
    "params_hash": "19aa2a9b479246bdd0330cb38d725e695b098160d736290942f9a5f12569a2c8",
    "run_id": "default_combine_2024_combined_19aa2a9b",
    "aoi_boundary": "zapsib",
    "artifact_likely_albedo_positive": 0,
    "build_date": "2026-05-13",
    "cluster_id": 1786706395326,
    "cluster_overlap_snow_fraction": 0,
    "count": 9,
    "enrichment_method": "numpy_eigh_with_cos_lat",
    "enrichment_stage": "axis_v1",
    "event_class": "wind_ambiguous",
    "inside_reference_clean_zone": 0,
    "intermediate_asset": "projects/nodal-thunder-481307-u1/assets/RuPlumeScan/catalog/CH4/events_2024_intermediate",
    "nearest_source_id": "viirs_0157",
    "orbit_date_millis": 1717226931000,
    "plume_axis_deg": 68.61872091757407,
    "qa_flags": "",
    "rna_version": "1.2",
    "stage_2_run_date": "2026-05-14T03:57:50.383568+00:00",
    "stage_3_match_radius_km": 150,
    "stage_3_run_date": "2026-05-23",
    "stage_3b_rescope_date": "2026-06-20",
    "surface_confounded_dark": 0,
    "td0044_reclassified": 1,
    "wind_alignment_score": 0.19614801528093295,
    "wind_consistency_diff_deg": 93.37716181300755,
    "wind_consistent": 0,
    "wind_dir_deg": 176.27204229285803,
    "wind_level": "10m",
    "wind_levels_inconsistent_qa": 1,
    "wind_source": "ERA5_HOURLY_10m",
    "wind_speed": 2.877778907487432,
    "wind_state": "misaligned",
    "wind_u": 2.871689558029175,
    "wind_u_850hPa": -0.8646011352539062,
    "wind_v": -0.1871109902858734,
    "wind_v_850hPa": -6.936379432678223,
    "zone_boundary_step_ppb": null
   }
  },
  {
   "type": "Feature",
   "geometry": {
    "type": "Polygon",
    "coordinates": [
     [
      [
       65.57585212870288,
       59.60814366553278
      ],
      [
       65.60049540751714,
       59.57848728308128
      ],
      [
       65.62513867348464,
       59.54883087110501
      ],
      [
       65.64978195903218,
       59.51917454214013
      ],
      [
       65.67442516808809,
       59.4895181958859
      ],
      [
       65.72882620313817,
       59.5028743205796
      ],
      [
       65.78322720834996,
       59.51623042733109
      ],
      [
       65.83762821234852,
       59.52958654703696
      ],
      [
       65.89202924403878,
       59.542942710554456
      ],
      [
       65.91636922432671,
       59.51321604215831
      ],
      [
       65.94070926232631,
       59.48348946835462
      ],
      [
       65.99516603132953,
       59.496735269500924
      ],
      [
       66.04962269782168,
       59.50998101406025
      ],
      [
       66.02536531483295,
       59.53973214243337
      ],
      [
       66.00110785690735,
       59.569483216100245
      ],
      [
       66.05574069925902,
       59.5826978071452
      ],
      [
       66.11037351295032,
       59.59591234635154
      ],
      [
       66.09210514295147,
       59.618218999281574
      ],
      [
       66.07383678335117,
       59.64052566218213
      ],
      [
       66.05556844773784,
       59.6628323322667
      ],
      [
       66.03730000420288,
       59.685138978581065
      ],
      [
       66.0190316116576,
       59.707445626477394
      ],
      [
       66.00076328372418,
       59.72975227320418
      ],
      [
       65.98249488821521,
       59.752058887746095
      ],
      [
       65.96422650424232,
       59.77436557375351
      ],
      [
       65.92313363781243,
       59.76436044706858
      ],
      [
       65.88204086022046,
       59.754355335296026
      ],
      [
       65.84094801300645,
       59.74435019683534
      ],
      [
       65.79985514893528,
       59.734345124905275
      ],
      [
       65.75876233586389,
       59.72434002825223
      ],
      [
       65.71766956139724,
       59.7143348936989
      ],
      [
       65.67657673239763,
       59.7043297859485
      ],
      [
       65.6354838363581,
       59.694324691680215
      ],
      [
       65.66018719202935,
       59.664667190127155
      ],
      [
       65.68489061047255,
       59.635009684447446
      ],
      [
       65.63037139186149,
       59.62157669895303
      ],
      [
       65.57585212870288,
       59.60814366553278
      ]
     ]
    ]
   },
   "properties": {
    "event_id": "CH4-WSP-079",
    "datetime_utc": "2024-06-01T07:28:51Z",
    "date_utc": "2024-06-01",
    "year": 2024,
    "month": 6,
    "centroid_lon": 65.84906603423161,
    "centroid_lat": 59.6215523727505,
    "area_km2": 584.4815902968742,
    "n_pixels": 12,
    "max_z": 19.16349189798426,
    "mean_z": 7.752841459363366,
    "max_delta": 20.88646937663225,
    "mean_delta": 7.1745861027374795,
    "artifact_likely": 0,
    "corr_albedo": -0.10931891317984804,
    "nearest_source_type": "viirs_flare_low",
    "nearest_source_distance_km": 4.442699458768155,
    "matched_schuit_150km": 0,
    "matched_mars_150km": 0,
    "algorithm_version": "3.1.4",
    "config_id": "default_combine",
    "params_hash": "19aa2a9b479246bdd0330cb38d725e695b098160d736290942f9a5f12569a2c8",
    "run_id": "default_combine_2024_combined_19aa2a9b",
    "aoi_boundary": "zapsib",
    "artifact_likely_albedo_positive": 0,
    "build_date": "2026-05-13",
    "cluster_id": 1868310773954,
    "cluster_overlap_snow_fraction": 0,
    "count": 12,
    "enrichment_method": "numpy_eigh_with_cos_lat",
    "enrichment_stage": "axis_v1",
    "event_class": "wind_ambiguous",
    "inside_reference_clean_zone": 0,
    "intermediate_asset": "projects/nodal-thunder-481307-u1/assets/RuPlumeScan/catalog/CH4/events_2024_intermediate",
    "nearest_source_id": "viirs_0233",
    "orbit_date_millis": 1717226931000,
    "plume_axis_deg": 39.964206802197616,
    "qa_flags": "",
    "rna_version": "1.2",
    "stage_2_run_date": "2026-05-14T03:57:50.383568+00:00",
    "stage_3_match_radius_km": 150,
    "stage_3_run_date": "2026-05-23",
    "stage_3b_rescope_date": "2026-06-20",
    "surface_confounded_dark": 0,
    "td0044_reclassified": 1,
    "wind_alignment_score": 0.2570178373289751,
    "wind_consistency_diff_deg": 33.384711731900495,
    "wind_consistent": 0,
    "wind_dir_deg": 106.83260144258986,
    "wind_level": "10m",
    "wind_levels_inconsistent_qa": 0,
    "wind_source": "ERA5_HOURLY_10m",
    "wind_speed": 2.2686681816382475,
    "wind_state": "misaligned",
    "wind_u": 0.6569529175758362,
    "wind_u_850hPa": 5.188586235046387,
    "wind_v": -2.171466827392578,
    "wind_v_850hPa": -4.320311546325684,
    "zone_boundary_step_ppb": null
   }
  },
  {
   "type": "Feature",
   "geometry": {
    "type": "Polygon",
    "coordinates": [
     [
      [
       66.83466091937916,
       61.321472940284295
      ],
      [
       66.85946692828009,
       61.29165389177569
      ],
      [
       66.88427292516664,
       61.26183473917726
      ],
      [
       66.90907879666646,
       61.23201556762544
      ],
      [
       66.93388481604946,
       61.202196437478136
      ],
      [
       66.97750884844334,
       61.211655871220074
      ],
      [
       67.021132795082,
       61.22111529734887
      ],
      [
       67.06475667185954,
       61.23057473026987
      ],
      [
       67.10838064773483,
       61.24003421161167
      ],
      [
       67.15200451282703,
       61.24949362125405
      ],
      [
       67.19562843592087,
       61.25895300072948
      ],
      [
       67.23925235333972,
       61.268412444281886
      ],
      [
       67.28287636105009,
       61.27787188615968
      ],
      [
       67.2583624653336,
       61.307763500804285
      ],
      [
       67.23384858913197,
       61.3376550322611
      ],
      [
       67.20933460556147,
       61.36754663477106
      ],
      [
       67.1848207807288,
       61.39743824961171
      ],
      [
       67.14105071917135,
       61.38794252403772
      ],
      [
       67.0972807611902,
       61.3784468872846
      ],
      [
       67.05351081685546,
       61.36895121766611
      ],
      [
       67.00974078939358,
       61.35945558061605
      ],
      [
       66.96597089661239,
       61.34995990914013
      ],
      [
       66.92220088810316,
       61.340464241203485
      ],
      [
       66.8784309011029,
       61.33096858974739
      ],
      [
       66.83466091937916,
       61.321472940284295
      ]
     ]
    ]
   },
   "properties": {
    "event_id": "CH4-WSP-080",
    "datetime_utc": "2024-06-01T07:28:51Z",
    "date_utc": "2024-06-01",
    "year": 2024,
    "month": 6,
    "centroid_lon": 67.05896408698837,
    "centroid_lat": 61.29977032428275,
    "area_km2": 292.2851429150208,
    "n_pixels": 6,
    "max_z": 8.336079599695399,
    "mean_z": 8.09575559394674,
    "max_delta": 57.79958922125297,
    "mean_delta": 24.25483019295443,
    "artifact_likely": 0,
    "corr_albedo": -0.2806978312903835,
    "nearest_source_type": "viirs_flare_high",
    "nearest_source_distance_km": 18.422959398195406,
    "matched_schuit_150km": 0,
    "matched_mars_150km": 1,
    "algorithm_version": "3.1.4",
    "config_id": "default_combine",
    "params_hash": "19aa2a9b479246bdd0330cb38d725e695b098160d736290942f9a5f12569a2c8",
    "run_id": "default_combine_2024_combined_19aa2a9b",
    "aoi_boundary": "zapsib",
    "artifact_likely_albedo_positive": 0,
    "build_date": "2026-05-13",
    "cluster_id": 1786706395311,
    "cluster_overlap_snow_fraction": 0,
    "count": 6,
    "enrichment_method": "numpy_eigh_with_cos_lat",
    "enrichment_stage": "axis_v1",
    "event_class": "wind_ambiguous",
    "inside_reference_clean_zone": 0,
    "intermediate_asset": "projects/nodal-thunder-481307-u1/assets/RuPlumeScan/catalog/CH4/events_2024_intermediate",
    "nearest_source_id": "viirs_0181",
    "orbit_date_millis": 1717226931000,
    "plume_axis_deg": 76.30134146257049,
    "qa_flags": "zone_boundary_adjustment_applied",
    "rna_version": "1.2",
    "stage_2_run_date": "2026-05-14T03:57:50.383568+00:00",
    "stage_3_match_radius_km": 150,
    "stage_3_run_date": "2026-05-23",
    "stage_3b_rescope_date": "2026-06-20",
    "surface_confounded_dark": 0,
    "td0044_reclassified": 1,
    "wind_alignment_score": 0.028154267982656522,
    "wind_consistency_diff_deg": 56.36808743404595,
    "wind_consistent": 0,
    "wind_dir_deg": 168.83522558100958,
    "wind_level": "10m",
    "wind_levels_inconsistent_qa": 1,
    "wind_source": "ERA5_HOURLY_10m",
    "wind_speed": 3.1613583395188507,
    "wind_state": "misaligned",
    "wind_u": 3.101527690887451,
    "wind_u_850hPa": 2.1843814849853516,
    "wind_v": -0.6121376752853394,
    "wind_v_850hPa": -5.282130241394043,
    "zone_boundary_step_ppb": 16
   }
  },
  {
   "type": "Feature",
   "geometry": {
    "type": "Polygon",
    "coordinates": [
     [
      [
       65.35728483319363,
       61.26957350388605
      ],
      [
       65.3769305977866,
       61.247453021301475
      ],
      [
       65.39657623753934,
       61.22533253362289
      ],
      [
       65.41622197708617,
       61.20321199300766
      ],
      [
       65.43586763238739,
       61.18109155766484
      ],
      [
       65.45551335994321,
       61.158971071601464
      ],
      [
       65.47515906097391,
       61.136850614501384
      ],
      [
       65.49480465412523,
       61.114730079555855
      ],
      [
       65.51445034575059,
       61.09260960527701
      ],
      [
       65.57172754441483,
       61.105993579554124
      ],
      [
       65.62900469101841,
       61.11937755509611
      ],
      [
       65.68628182231251,
       61.13276156709841
      ],
      [
       65.74355905939368,
       61.14614557191421
      ],
      [
       65.71765155670464,
       61.17570494687828
      ],
      [
       65.69174427998881,
       61.20526429325372
      ],
      [
       65.74926663112798,
       61.218583681748086
      ],
      [
       65.80678906761109,
       61.23190300067479
      ],
      [
       65.78081812923371,
       61.261463484035716
      ],
      [
       65.75484725225708,
       61.291024015508675
      ],
      [
       65.72887640055545,
       61.32058448408948
      ],
      [
       65.70290536879807,
       61.35014493638327
      ],
      [
       65.6597028147685,
       61.34007354071792
      ],
      [
       65.61650031596068,
       61.33000207924241
      ],
      [
       65.57329768675443,
       61.3199306944421
      ],
      [
       65.53009523435489,
       61.30985924304626
      ],
      [
       65.48689261945987,
       61.29978783805943
      ],
      [
       65.44369014982709,
       61.28971633644806
      ],
      [
       65.40048740068715,
       61.2796449294905
      ],
      [
       65.35728483319363,
       61.26957350388605
      ]
     ]
    ]
   },
   "properties": {
    "event_id": "CH4-WSP-081",
    "datetime_utc": "2024-06-19T06:51:12Z",
    "date_utc": "2024-06-19",
    "year": 2024,
    "month": 6,
    "centroid_lon": 65.58733497160937,
    "centroid_lat": 61.22535377717851,
    "area_km2": 389.671449369622,
    "n_pixels": 8,
    "max_z": 5.859751353097654,
    "mean_z": 4.65357716708269,
    "max_delta": 42.56839942845795,
    "mean_delta": 19.98567920323813,
    "artifact_likely": 0,
    "corr_albedo": -0.287041949228674,
    "nearest_source_type": "viirs_flare_high",
    "nearest_source_distance_km": 2.8695493704275856,
    "matched_schuit_150km": 0,
    "matched_mars_150km": 1,
    "algorithm_version": "3.1.4",
    "config_id": "default_combine",
    "params_hash": "19aa2a9b479246bdd0330cb38d725e695b098160d736290942f9a5f12569a2c8",
    "run_id": "default_combine_2024_combined_19aa2a9b",
    "aoi_boundary": "zapsib",
    "artifact_likely_albedo_positive": 0,
    "build_date": "2026-05-13",
    "cluster_id": 1769526526138,
    "cluster_overlap_snow_fraction": 0,
    "count": 8,
    "enrichment_method": "numpy_eigh_with_cos_lat",
    "enrichment_stage": "axis_v1",
    "event_class": "CH4_only",
    "inside_reference_clean_zone": 0,
    "intermediate_asset": "projects/nodal-thunder-481307-u1/assets/RuPlumeScan/catalog/CH4/events_2024_intermediate",
    "nearest_source_id": "viirs_0135",
    "orbit_date_millis": 1718779872000,
    "plume_axis_deg": 16.891339387259677,
    "qa_flags": "zone_boundary_adjustment_applied",
    "rna_version": "1.2",
    "stage_2_run_date": "2026-05-14T03:57:50.383568+00:00",
    "stage_3_match_radius_km": 150,
    "stage_3_run_date": "2026-05-23",
    "stage_3b_rescope_date": "2026-06-20",
    "surface_confounded_dark": 0,
    "td0044_reclassified": 1,
    "wind_alignment_score": 0.933405713589722,
    "wind_consistency_diff_deg": 119.87046328820071,
    "wind_consistent": 1,
    "wind_dir_deg": 22.88482516418469,
    "wind_level": "10m",
    "wind_levels_inconsistent_qa": 1,
    "wind_source": "ERA5_HOURLY_10m",
    "wind_speed": 3.0611049983396446,
    "wind_state": "aligned",
    "wind_u": -2.8201606273651123,
    "wind_u_850hPa": 8.829233169555664,
    "wind_v": -1.1904023885726929,
    "wind_v_850hPa": -6.712618827819824,
    "zone_boundary_step_ppb": 16
   }
  },
  {
   "type": "Feature",
   "geometry": {
    "type": "Polygon",
    "coordinates": [
     [
      [
       65.93436835362361,
       61.403257367466914
      ],
      [
       65.96020664607254,
       61.37365332695094
      ],
      [
       65.98604498597359,
       61.34404942549282
      ],
      [
       66.04397312690197,
       61.35721268873971
      ],
      [
       66.10190137793437,
       61.37037591098123
      ],
      [
       66.12748983894619,
       61.34072400498646
      ],
      [
       66.15307840620048,
       61.31107207201859
      ],
      [
       66.1786669637028,
       61.281420195043516
      ],
      [
       66.20425556175805,
       61.2517682986565
      ],
      [
       66.14651232219089,
       61.23865632944992
      ],
      [
       66.08876919778602,
       61.22554430883649
      ],
      [
       66.11429764225493,
       61.19589353505123
      ],
      [
       66.13982604857871,
       61.166242714540694
      ],
      [
       66.19747325603089,
       61.179330203142264
      ],
      [
       66.25512050876118,
       61.1924176245083
      ],
      [
       66.28045261032752,
       61.162726720805345
      ],
      [
       66.30578476437935,
       61.1330357922815
      ],
      [
       66.36344101242852,
       61.14604080352521
      ],
      [
       66.42109717165933,
       61.159045785853856
      ],
      [
       66.44623302136618,
       61.129314693808105
      ],
      [
       66.47136901461637,
       61.09958359941715
      ],
      [
       66.41380641005912,
       61.08660543594806
      ],
      [
       66.35624402511577,
       61.07362720127124
      ],
      [
       66.38137100475086,
       61.04390503931398
      ],
      [
       66.40649801678424,
       61.014182927964555
      ],
      [
       66.46396913942692,
       61.02713661445854
      ],
      [
       66.52144033086552,
       61.04009028776352
      ],
      [
       66.54637324004445,
       61.01032806166925
      ],
      [
       66.57130643121798,
       60.98056575010314
      ],
      [
       66.62878195822448,
       60.993434774134634
      ],
      [
       66.68625757112275,
       61.0063036660391
      ],
      [
       66.66136683921732,
       61.03608264763696
      ],
      [
       66.63647622431502,
       61.0658616594758
      ],
      [
       66.61158545491384,
       61.09564064073296
      ],
      [
       66.58669486801999,
       61.12541964191662
      ],
      [
       66.6444602479395,
       61.138275262349644
      ],
      [
       66.70222561748119,
       61.151130816042375
      ],
      [
       66.67727921944939,
       61.18091096142376
      ],
      [
       66.65233263323925,
       61.21069107077946
      ],
      [
       66.59447369715885,
       61.19780874087689
      ],
      [
       66.53661459594147,
       61.18492641614497
      ],
      [
       66.52077225147252,
       61.20349406001301
      ],
      [
       66.50492992610232,
       61.22206179617744
      ],
      [
       66.48908763868177,
       61.240629436686675
      ],
      [
       66.47324523345205,
       61.25919713932688
      ],
      [
       66.45740280025676,
       61.277764823589514
      ],
      [
       66.4415605004057,
       61.29633251656364
      ],
      [
       66.4257181065092,
       61.314900268504246
      ],
      [
       66.4098757910985,
       61.33346791950862
      ],
      [
       66.39403339750407,
       61.352035627365154
      ],
      [
       66.37819116973672,
       61.370603339872346
      ],
      [
       66.36234880857027,
       61.389170999484804
      ],
      [
       66.34650639285779,
       61.40773871281432
      ],
      [
       66.33066401322546,
       61.42630639941824
      ],
      [
       66.3148217488257,
       61.44487416604928
      ],
      [
       66.29897938245361,
       61.463441875559795
      ],
      [
       66.28313692187862,
       61.48200952685586
      ],
      [
       66.23954088113452,
       61.472165470339895
      ],
      [
       66.19594479272077,
       61.46232144771889
      ],
      [
       66.1523487941374,
       61.45247747252898
      ],
      [
       66.10875279828126,
       61.44263342196905
      ],
      [
       66.06515662170182,
       61.43278943945631
      ],
      [
       66.02156056938767,
       61.42294538020423
      ],
      [
       65.97796445752213,
       61.413101387601856
      ],
      [
       65.93436835362361,
       61.403257367466914
      ]
     ]
    ]
   },
   "properties": {
    "event_id": "CH4-WSP-082",
    "datetime_utc": "2024-06-19T06:51:12Z",
    "date_utc": "2024-06-19",
    "year": 2024,
    "month": 6,
    "centroid_lon": 66.3448284594465,
    "centroid_lat": 61.2437274910681,
    "area_km2": 827.0952863469547,
    "n_pixels": 17,
    "max_z": 9.341696289595413,
    "mean_z": 5.117619746875043,
    "max_delta": 32.233519967275015,
    "mean_delta": 12.970711437854867,
    "artifact_likely": 0,
    "corr_albedo": -0.3350002716037532,
    "nearest_source_type": "viirs_flare_high",
    "nearest_source_distance_km": 17.072997811876654,
    "matched_schuit_150km": 0,
    "matched_mars_150km": 1,
    "algorithm_version": "3.1.4",
    "config_id": "default_combine",
    "params_hash": "19aa2a9b479246bdd0330cb38d725e695b098160d736290942f9a5f12569a2c8",
    "run_id": "default_combine_2024_combined_19aa2a9b",
    "aoi_boundary": "zapsib",
    "artifact_likely_albedo_positive": 0,
    "build_date": "2026-05-13",
    "cluster_id": 1791001362612,
    "cluster_overlap_snow_fraction": 0,
    "count": 17,
    "enrichment_method": "numpy_eigh_with_cos_lat",
    "enrichment_stage": "axis_v1",
    "event_class": "wind_ambiguous",
    "inside_reference_clean_zone": 0,
    "intermediate_asset": "projects/nodal-thunder-481307-u1/assets/RuPlumeScan/catalog/CH4/events_2024_intermediate",
    "nearest_source_id": "viirs_0176",
    "orbit_date_millis": 1718779872000,
    "plume_axis_deg": 150.04846127855046,
    "qa_flags": "zone_boundary_adjustment_applied",
    "rna_version": "1.2",
    "stage_2_run_date": "2026-05-14T03:57:50.383568+00:00",
    "stage_3_match_radius_km": 150,
    "stage_3_run_date": "2026-05-23",
    "stage_3b_rescope_date": "2026-06-20",
    "surface_confounded_dark": 0,
    "td0044_reclassified": 1,
    "wind_alignment_score": 0.3286375579576498,
    "wind_consistency_diff_deg": 111.71827513903702,
    "wind_consistent": 0,
    "wind_dir_deg": 30.471081062361975,
    "wind_level": "10m",
    "wind_levels_inconsistent_qa": 1,
    "wind_source": "ERA5_HOURLY_10m",
    "wind_speed": 2.9299993681506247,
    "wind_state": "misaligned",
    "wind_u": -2.5253231525421143,
    "wind_u_850hPa": 9.818188667297363,
    "wind_v": -1.4858126640319824,
    "wind_v_850hPa": -7.61868953704834,
    "zone_boundary_step_ppb": 16
   }
  },
  {
   "type": "Feature",
   "geometry": {
    "type": "Polygon",
    "coordinates": [
     [
      [
       66.06403017161459,
       62.21209809884665
      ],
      [
       66.08041672795179,
       62.19359258164347
      ],
      [
       66.09680343586885,
       62.175087041877674
      ],
      [
       66.113190043888,
       62.15658153081175
      ],
      [
       66.12957662953839,
       62.13807596947665
      ],
      [
       66.1459633424031,
       62.119570387301025
      ],
      [
       66.16234993160798,
       62.101064835660324
      ],
      [
       66.17873663179907,
       62.082559264339714
      ],
      [
       66.19512334980939,
       62.064053753512326
      ],
      [
       66.2115100051861,
       62.04554819543802
      ],
      [
       66.22789650526194,
       62.0270426703927
      ],
      [
       66.24428308390584,
       62.00853712805651
      ],
      [
       66.26066973282438,
       61.990031569009076
      ],
      [
       66.27705644372782,
       61.97152599383581
      ],
      [
       66.29344312405854,
       61.953020482768515
      ],
      [
       66.30982969338551,
       61.93451492824294
      ],
      [
       66.32621630024155,
       61.91600935944562
      ],
      [
       66.38545542614978,
       61.92897868762939
      ],
      [
       66.4446946867625,
       61.94194794124315
      ],
      [
       66.47043703548215,
       61.91225810988572
      ],
      [
       66.49617952805819,
       61.88256835255251
      ],
      [
       66.52192190221156,
       61.85287853630789
      ],
      [
       66.54766428124577,
       61.823188692876144
      ],
      [
       66.6068120123368,
       61.836044298175594
      ],
      [
       66.66595978754971,
       61.84889988195557
      ],
      [
       66.64668754394575,
       61.87117984149315
      ],
      [
       66.62741532180907,
       61.89345972969684
      ],
      [
       66.6081430521633,
       61.91573962493851
      ],
      [
       66.58887074887714,
       61.938019525719106
      ],
      [
       66.56959866598744,
       61.960299378873145
      ],
      [
       66.55032633729488,
       61.982579286317396
      ],
      [
       66.53105401661767,
       62.00485919487247
      ],
      [
       66.51178187495988,
       62.02713913136708
      ],
      [
       66.45233541054967,
       62.0142077279082
      ],
      [
       66.39288892138761,
       62.00127629151098
      ],
      [
       66.36687896125538,
       62.03092708348157
      ],
      [
       66.3408690366821,
       62.06057784770772
      ],
      [
       66.40041570919949,
       62.07353159810733
      ],
      [
       66.4599626687237,
       62.08648527754955
      ],
      [
       66.43394383790859,
       62.116145000052136
      ],
      [
       66.40792491395364,
       62.145804693897745
      ],
      [
       66.34827779120629,
       62.13282428504522
      ],
      [
       66.28863064484764,
       62.11984384244612
      ],
      [
       66.26234860931308,
       62.14945337578197
      ],
      [
       66.23606672627554,
       62.179062915180516
      ],
      [
       66.20978487140127,
       62.20867242968808
      ],
      [
       66.18350283440174,
       62.23828196790002
      ],
      [
       66.1237665961013,
       62.22519005266268
      ],
      [
       66.06403017161459,
       62.21209809884665
      ]
     ]
    ]
   },
   "properties": {
    "event_id": "CH4-WSP-083",
    "datetime_utc": "2024-06-19T06:51:12Z",
    "date_utc": "2024-06-19",
    "year": 2024,
    "month": 6,
    "centroid_lon": 66.3598925134879,
    "centroid_lat": 62.02952076399666,
    "area_km2": 439.0456370583041,
    "n_pixels": 9,
    "max_z": 9.241117234057578,
    "mean_z": 6.122829796750729,
    "max_delta": 37.480755469827045,
    "mean_delta": 14.314153228353314,
    "artifact_likely": 0,
    "corr_albedo": -0.3201871521864238,
    "nearest_source_type": "viirs_flare_high",
    "nearest_source_distance_km": 26.089811510312124,
    "matched_schuit_150km": 0,
    "matched_mars_150km": 1,
    "algorithm_version": "3.1.4",
    "config_id": "default_combine",
    "params_hash": "19aa2a9b479246bdd0330cb38d725e695b098160d736290942f9a5f12569a2c8",
    "run_id": "default_combine_2024_combined_19aa2a9b",
    "aoi_boundary": "zapsib",
    "artifact_likely_albedo_positive": 0,
    "build_date": "2026-05-13",
    "cluster_id": 1730871820464,
    "cluster_overlap_snow_fraction": 0,
    "count": 9,
    "enrichment_method": "numpy_eigh_with_cos_lat",
    "enrichment_stage": "axis_v1",
    "event_class": "wind_ambiguous",
    "inside_reference_clean_zone": 0,
    "intermediate_asset": "projects/nodal-thunder-481307-u1/assets/RuPlumeScan/catalog/CH4/events_2024_intermediate",
    "nearest_source_id": "viirs_0083",
    "orbit_date_millis": 1718779872000,
    "plume_axis_deg": 148.65172221226237,
    "qa_flags": "zone_boundary_adjustment_applied",
    "rna_version": "1.2",
    "stage_2_run_date": "2026-05-14T03:57:50.383568+00:00",
    "stage_3_match_radius_km": 150,
    "stage_3_run_date": "2026-05-23",
    "stage_3b_rescope_date": "2026-06-20",
    "surface_confounded_dark": 0,
    "td0044_reclassified": 1,
    "wind_alignment_score": 0.3099893893354483,
    "wind_consistency_diff_deg": 107.3403378217194,
    "wind_consistent": 0,
    "wind_dir_deg": 30.752677172072026,
    "wind_level": "10m",
    "wind_levels_inconsistent_qa": 1,
    "wind_source": "ERA5_HOURLY_10m",
    "wind_speed": 2.5431101811320485,
    "wind_state": "misaligned",
    "wind_u": -2.18550443649292,
    "wind_u_850hPa": 11.573539733886719,
    "wind_v": -1.3003767728805542,
    "wind_v_850hPa": -10.386890411376953,
    "zone_boundary_step_ppb": 16
   }
  },
  {
   "type": "Feature",
   "geometry": {
    "type": "Polygon",
    "coordinates": [
     [
      [
       66.95118166840275,
       61.34691661666766
      ],
      [
       66.9759408070145,
       61.31708070017383
      ],
      [
       67.00070000440812,
       61.287244932450314
      ],
      [
       67.05896040691944,
       61.299881957972225
      ],
      [
       67.11722078843286,
       61.312519114104475
      ],
      [
       67.14178371883064,
       61.282645292727125
      ],
      [
       67.16634665279341,
       61.25277161516934
      ],
      [
       67.10818216360536,
       61.240159026747826
      ],
      [
       67.05001765966904,
       61.22754646963237
      ],
      [
       67.0745761055807,
       61.19767940265331
      ],
      [
       67.09913459291063,
       61.16781237372671
      ],
      [
       67.1572011120999,
       61.180400417572166
      ],
      [
       67.21526739012161,
       61.192988448382394
      ],
      [
       67.23963199740008,
       61.16308342461852
      ],
      [
       67.26399650690367,
       61.133178514274135
      ],
      [
       67.32206512156745,
       61.14568407532956
      ],
      [
       67.38013381382505,
       61.158189556592774
      ],
      [
       67.35586965520864,
       61.188116864815136
      ],
      [
       67.33160552486876,
       61.21804408626959
      ],
      [
       67.38987030896767,
       61.230511754366766
      ],
      [
       67.44813515625992,
       61.24297941805302
      ],
      [
       67.42386865025003,
       61.27291553885621
      ],
      [
       67.39960221087584,
       61.30285178689828
      ],
      [
       67.34123933722987,
       61.290361803352575
      ],
      [
       67.28287636105009,
       61.27787188615968
      ],
      [
       67.26445305747113,
       61.30028497133063
      ],
      [
       67.24602966987237,
       61.32269807211952
      ],
      [
       67.22760636539793,
       61.34511121317144
      ],
      [
       67.20918300447389,
       61.3675243649805
      ],
      [
       67.1907596808725,
       61.389937445047295
      ],
      [
       67.1723363284236,
       61.41235053099649
      ],
      [
       67.15391311478642,
       61.43476364764374
      ],
      [
       67.13548966547823,
       61.45717681817849
      ],
      [
       67.07693271249195,
       61.44455307589492
      ],
      [
       67.01837580919997,
       61.43192936878236
      ],
      [
       67.04313717746508,
       61.40208461697072
      ],
      [
       67.06789865637137,
       61.3722398549126
      ],
      [
       67.00954013566579,
       61.359578161923295
      ],
      [
       66.95118166840275,
       61.34691661666766
      ]
     ]
    ]
   },
   "properties": {
    "event_id": "CH4-WSP-084",
    "datetime_utc": "2024-06-19T06:51:12Z",
    "date_utc": "2024-06-19",
    "year": 2024,
    "month": 6,
    "centroid_lon": 67.19162990360401,
    "centroid_lat": 61.28455084268615,
    "area_km2": 389.55412848936237,
    "n_pixels": 8,
    "max_z": 7.694477031926762,
    "mean_z": 5.736649215420351,
    "max_delta": 33.44523514019352,
    "mean_delta": 15.968713907428636,
    "artifact_likely": 0,
    "corr_albedo": 0.23819201203186788,
    "nearest_source_type": "viirs_flare_high",
    "nearest_source_distance_km": 16.656783741877106,
    "matched_schuit_150km": 0,
    "matched_mars_150km": 1,
    "algorithm_version": "3.1.4",
    "config_id": "default_combine",
    "params_hash": "19aa2a9b479246bdd0330cb38d725e695b098160d736290942f9a5f12569a2c8",
    "run_id": "default_combine_2024_combined_19aa2a9b",
    "aoi_boundary": "zapsib",
    "artifact_likely_albedo_positive": 0,
    "build_date": "2026-05-13",
    "cluster_id": 1795296329902,
    "cluster_overlap_snow_fraction": 0,
    "count": 8,
    "enrichment_method": "numpy_eigh_with_cos_lat",
    "enrichment_stage": "axis_v1",
    "event_class": "wind_ambiguous",
    "inside_reference_clean_zone": 0,
    "intermediate_asset": "projects/nodal-thunder-481307-u1/assets/RuPlumeScan/catalog/CH4/events_2024_intermediate",
    "nearest_source_id": "viirs_0181",
    "orbit_date_millis": 1718779872000,
    "plume_axis_deg": 154.3424476241388,
    "qa_flags": "zone_boundary_adjustment_applied",
    "rna_version": "1.2",
    "stage_2_run_date": "2026-05-14T03:57:50.383568+00:00",
    "stage_3_match_radius_km": 150,
    "stage_3_run_date": "2026-05-23",
    "stage_3b_rescope_date": "2026-06-20",
    "surface_confounded_dark": 0,
    "td0044_reclassified": 1,
    "wind_alignment_score": 0.2826510875238234,
    "wind_consistency_diff_deg": 103.52172710428891,
    "wind_consistent": 0,
    "wind_dir_deg": 38.903849746994695,
    "wind_level": "10m",
    "wind_levels_inconsistent_qa": 1,
    "wind_source": "ERA5_HOURLY_10m",
    "wind_speed": 2.898507977490003,
    "wind_state": "misaligned",
    "wind_u": -2.2556216716766357,
    "wind_u_850hPa": 11.261238098144531,
    "wind_v": -1.8203074932098389,
    "wind_v_850hPa": -8.664315223693848,
    "zone_boundary_step_ppb": 16
   }
  },
  {
   "type": "Feature",
   "geometry": {
    "type": "Polygon",
    "coordinates": [
     [
      [
       77.38304347539142,
       67.75740500976505
      ],
      [
       77.40069714407552,
       67.72618791039523
      ],
      [
       77.41835066322966,
       67.69497085349015
      ],
      [
       77.43600419298517,
       67.66375387078526
      ],
      [
       77.45365781395621,
       67.63253680265036
      ],
      [
       77.49315094262516,
       67.63596810440741
      ],
      [
       77.53264402556799,
       67.63939930780371
      ],
      [
       77.57213715283612,
       67.64283060826644
      ],
      [
       77.61163039111545,
       67.64626192168008
      ],
      [
       77.6511236164337,
       67.64969314921773
      ],
      [
       77.69061672987169,
       67.65312447164702
      ],
      [
       77.73010985235082,
       67.65655571660727
      ],
      [
       77.76960294012757,
       67.65998697658337
      ],
      [
       77.7566392608786,
       67.68342403926613
      ],
      [
       77.74367547694288,
       67.70686112360654
      ],
      [
       77.73071184635698,
       67.73029814851118
      ],
      [
       77.71774813698939,
       67.75373518049561
      ],
      [
       77.70478436153294,
       67.77717221225288
      ],
      [
       77.69182053271557,
       67.80060923647993
      ],
      [
       77.67885685479223,
       67.82404626049704
      ],
      [
       77.66589314949364,
       67.84748326242894
      ],
      [
       77.62606233401506,
       67.84404645861737
      ],
      [
       77.58623137915265,
       67.84060954605826
      ],
      [
       77.54640035402556,
       67.83717271165985
      ],
      [
       77.50656949431688,
       67.83373587769825
      ],
      [
       77.52416058015591,
       67.80251098799975
      ],
      [
       77.5417517536766,
       67.77128616326364
      ],
      [
       77.50207479667772,
       67.76781583767833
      ],
      [
       77.4623976526467,
       67.76434562303695
      ],
      [
       77.4227206691336,
       67.76087526527424
      ],
      [
       77.38304347539142,
       67.75740500976505
      ]
     ]
    ]
   },
   "properties": {
    "event_id": "CH4-WSP-085",
    "datetime_utc": "2024-07-02T06:06:46Z",
    "date_utc": "2024-07-02",
    "year": 2024,
    "month": 7,
    "centroid_lon": 77.58203651995147,
    "centroid_lat": 67.72888039724162,
    "area_km2": 243.2680429258571,
    "n_pixels": 5,
    "max_z": 7.888537900605627,
    "mean_z": 5.829086538304118,
    "max_delta": 49.59515648050183,
    "mean_delta": 18.640482914012445,
    "artifact_likely": 0,
    "corr_albedo": -0.30112036610685977,
    "nearest_source_type": "viirs_flare_high",
    "nearest_source_distance_km": 24.86604347892115,
    "matched_schuit_150km": 0,
    "matched_mars_150km": 1,
    "algorithm_version": "3.1.4",
    "config_id": "default_combine",
    "params_hash": "19aa2a9b479246bdd0330cb38d725e695b098160d736290942f9a5f12569a2c8",
    "run_id": "default_combine_2024_combined_19aa2a9b",
    "aoi_boundary": "zapsib",
    "artifact_likely_albedo_positive": 0,
    "build_date": "2026-05-13",
    "cluster_id": 1473173782603,
    "cluster_overlap_snow_fraction": 0,
    "count": 5,
    "enrichment_method": "numpy_eigh_with_cos_lat",
    "enrichment_stage": "axis_v1",
    "event_class": "CH4_only",
    "inside_reference_clean_zone": 0,
    "intermediate_asset": "projects/nodal-thunder-481307-u1/assets/RuPlumeScan/catalog/CH4/events_2024_intermediate",
    "nearest_source_id": "viirs_0034",
    "orbit_date_millis": 1719900406000,
    "plume_axis_deg": 8.126641751626945,
    "qa_flags": "",
    "rna_version": "1.2",
    "stage_2_run_date": "2026-05-14T03:57:50.383568+00:00",
    "stage_3_match_radius_km": 150,
    "stage_3_run_date": "2026-05-23",
    "stage_3b_rescope_date": "2026-06-20",
    "surface_confounded_dark": 0,
    "td0044_reclassified": 1,
    "wind_alignment_score": 0.9471066420276657,
    "wind_consistency_diff_deg": 46.32573047640432,
    "wind_consistent": 1,
    "wind_dir_deg": 183.36623953411686,
    "wind_level": "10m",
    "wind_levels_inconsistent_qa": 1,
    "wind_source": "ERA5_HOURLY_10m",
    "wind_speed": 6.82665861238242,
    "wind_state": "aligned",
    "wind_u": 6.814879894256592,
    "wind_u_850hPa": 7.097607612609863,
    "wind_v": 0.4008488953113556,
    "wind_v_850hPa": -6.609250545501709,
    "zone_boundary_step_ppb": null
   }
  },
  {
   "type": "Feature",
   "geometry": {
    "type": "Polygon",
    "coordinates": [
     [
      [
       78.22635307832395,
       62.37734796450547
      ],
      [
       78.23969483686335,
       62.34568166308864
      ],
      [
       78.25303638457157,
       62.31401535986591
      ],
      [
       78.26637804652084,
       62.28234901660902
      ],
      [
       78.27971960180656,
       62.25068273004117
      ],
      [
       78.34377241431403,
       62.2572197939708
      ],
      [
       78.40782522392185,
       62.2637567945129
      ],
      [
       78.42094152938617,
       62.23206602205213
      ],
      [
       78.43405806772348,
       62.20037518596733
      ],
      [
       78.49803063295748,
       62.20682522989963
      ],
      [
       78.56200298645469,
       62.213275366583225
      ],
      [
       78.54902477522297,
       62.244979541193125
      ],
      [
       78.53604664283195,
       62.27668379601227
      ],
      [
       78.60021534429274,
       62.28307811758134
      ],
      [
       78.6643840812607,
       62.28947245884359
      ],
      [
       78.65148609890838,
       62.321181144893686
      ],
      [
       78.6385880308296,
       62.35288981719532
      ],
      [
       78.57431013645706,
       62.34644749937697
      ],
      [
       78.51003224225647,
       62.34000522148703
      ],
      [
       78.4457543238705,
       62.33356296502095
      ],
      [
       78.38147640063954,
       62.32712062430206
      ],
      [
       78.36824169967723,
       62.35879588825906
      ],
      [
       78.35500714251003,
       62.39047106165277
      ],
      [
       78.29068011391902,
       62.38390954054336
      ],
      [
       78.22635307832395,
       62.37734796450547
      ]
     ]
    ]
   },
   "properties": {
    "event_id": "CH4-WSP-086",
    "datetime_utc": "2024-07-03T05:47:43Z",
    "date_utc": "2024-07-03",
    "year": 2024,
    "month": 7,
    "centroid_lon": 78.43311956881594,
    "centroid_lat": 62.299308540808454,
    "area_km2": 243.48989305337852,
    "n_pixels": 5,
    "max_z": 4.390100686506063,
    "mean_z": 3.978057365342118,
    "max_delta": 44.80530880255242,
    "mean_delta": 21.883661439914487,
    "artifact_likely": 0,
    "corr_albedo": -0.5328335556104085,
    "nearest_source_type": "viirs_flare_high",
    "nearest_source_distance_km": 13.83447680458242,
    "matched_schuit_150km": 0,
    "matched_mars_150km": 0,
    "algorithm_version": "3.1.4",
    "config_id": "default_combine",
    "params_hash": "19aa2a9b479246bdd0330cb38d725e695b098160d736290942f9a5f12569a2c8",
    "run_id": "default_combine_2024_combined_19aa2a9b",
    "aoi_boundary": "zapsib",
    "artifact_likely_albedo_positive": 0,
    "build_date": "2026-05-13",
    "cluster_id": 1838246002774,
    "cluster_overlap_snow_fraction": 0,
    "count": 5,
    "enrichment_method": "numpy_eigh_with_cos_lat",
    "enrichment_stage": "axis_v1",
    "event_class": "wind_ambiguous",
    "inside_reference_clean_zone": 0,
    "intermediate_asset": "projects/nodal-thunder-481307-u1/assets/RuPlumeScan/catalog/CH4/events_2024_intermediate",
    "nearest_source_id": "viirs_0378",
    "orbit_date_millis": 1719985663000,
    "plume_axis_deg": 115.31280119199299,
    "qa_flags": "zone_boundary_adjustment_applied",
    "rna_version": "1.2",
    "stage_2_run_date": "2026-05-14T03:57:50.383568+00:00",
    "stage_3_match_radius_km": 150,
    "stage_3_run_date": "2026-05-23",
    "stage_3b_rescope_date": "2026-06-20",
    "surface_confounded_dark": 1,
    "td0044_reclassified": 1,
    "wind_alignment_score": 0.256404150389145,
    "wind_consistency_diff_deg": 78.99639735731733,
    "wind_consistent": 0,
    "wind_dir_deg": 48.38917472701604,
    "wind_level": "10m",
    "wind_levels_inconsistent_qa": 1,
    "wind_source": "ERA5_HOURLY_10m",
    "wind_speed": 2.8589232309353814,
    "wind_state": "misaligned",
    "wind_u": -1.8985179662704468,
    "wind_u_850hPa": -1.2565269470214844,
    "wind_v": -2.1375386714935303,
    "wind_v_850hPa": 0.7433217763900757,
    "zone_boundary_step_ppb": 16
   }
  },
  {
   "type": "Feature",
   "geometry": {
    "type": "Polygon",
    "coordinates": [
     [
      [
       79.63680696949032,
       62.184090558414404
      ],
      [
       79.6484898440136,
       62.152258089648896
      ],
      [
       79.66017262120026,
       62.120425670293265
      ],
      [
       79.67185542925671,
       62.08859333621609
      ],
      [
       79.68353832306478,
       62.05676093694721
      ],
      [
       79.74748181815326,
       62.0624852414293
      ],
      [
       79.81142536418525,
       62.06820966125488
      ],
      [
       79.87536875469358,
       62.07393401476938
      ],
      [
       79.93931230439468,
       62.07965833976891
      ],
      [
       79.92793276797155,
       62.11151865571649
      ],
      [
       79.91655307522791,
       62.143378937421026
      ],
      [
       79.98071066087954,
       62.14900633839471
      ],
      [
       80.04486821958567,
       62.15463368256989
      ],
      [
       80.03350084176665,
       62.18648780803666
      ],
      [
       80.0221334960621,
       62.218342008340976
      ],
      [
       80.01076609142768,
       62.25019616005086
      ],
      [
       79.99939879987464,
       62.28205024919944
      ],
      [
       79.98803141758327,
       62.31390441547458
      ],
      [
       79.9766640034825,
       62.34575854631968
      ],
      [
       79.96529669238006,
       62.3776127156336
      ],
      [
       79.95392920365981,
       62.409466876670265
      ],
      [
       79.88920985865546,
       62.40379042265924
      ],
      [
       79.82449046255755,
       62.398114018605554
      ],
      [
       79.8128522130491,
       62.429938586444344
      ],
      [
       79.80121396904757,
       62.46176320920018
      ],
      [
       79.73640319075909,
       62.456002062732715
      ],
      [
       79.6715923885391,
       62.45024088374694
      ],
      [
       79.68329310087952,
       62.41841793522868
      ],
      [
       79.69499377085579,
       62.38659506709236
      ],
      [
       79.70669445419219,
       62.35477212844511
      ],
      [
       79.71839512875997,
       62.32294914376949
      ],
      [
       79.73009573394317,
       62.29112622518585
      ],
      [
       79.74179643717203,
       62.25930332077386
      ],
      [
       79.75349710392204,
       62.227480356160264
      ],
      [
       79.76519782410257,
       62.19565745468388
      ],
      [
       79.7010023302772,
       62.18987397710537
      ],
      [
       79.63680696949032,
       62.184090558414404
      ]
     ]
    ]
   },
   "properties": {
    "event_id": "CH4-WSP-087",
    "datetime_utc": "2024-07-03T05:47:43Z",
    "date_utc": "2024-07-03",
    "year": 2024,
    "month": 7,
    "centroid_lon": 79.83538180250918,
    "centroid_lat": 62.24570887164453,
    "area_km2": 584.5454006989431,
    "n_pixels": 12,
    "max_z": 4.540775010978417,
    "mean_z": 3.5888749180425474,
    "max_delta": 37.76594094453162,
    "mean_delta": 27.833612408274625,
    "artifact_likely": 0,
    "corr_albedo": -0.3016905749122745,
    "nearest_source_type": "viirs_flare_high",
    "nearest_source_distance_km": 23.42376316691304,
    "matched_schuit_150km": 0,
    "matched_mars_150km": 0,
    "algorithm_version": "3.1.4",
    "config_id": "default_combine",
    "params_hash": "19aa2a9b479246bdd0330cb38d725e695b098160d736290942f9a5f12569a2c8",
    "run_id": "default_combine_2024_combined_19aa2a9b",
    "aoi_boundary": "zapsib",
    "artifact_likely_albedo_positive": 0,
    "build_date": "2026-05-13",
    "cluster_id": 1842540970060,
    "cluster_overlap_snow_fraction": 0,
    "count": 12,
    "enrichment_method": "numpy_eigh_with_cos_lat",
    "enrichment_stage": "axis_v1",
    "event_class": "wind_ambiguous",
    "inside_reference_clean_zone": 0,
    "intermediate_asset": "projects/nodal-thunder-481307-u1/assets/RuPlumeScan/catalog/CH4/events_2024_intermediate",
    "nearest_source_id": "viirs_0414",
    "orbit_date_millis": 1719985663000,
    "plume_axis_deg": 178.2456238016927,
    "qa_flags": "zone_boundary_adjustment_applied",
    "rna_version": "1.2",
    "stage_2_run_date": "2026-05-14T03:57:50.383568+00:00",
    "stage_3_match_radius_km": 150,
    "stage_3_run_date": "2026-05-23",
    "stage_3b_rescope_date": "2026-06-20",
    "surface_confounded_dark": 0,
    "td0044_reclassified": 1,
    "wind_alignment_score": 0.6149950023266182,
    "wind_consistency_diff_deg": 29.56402864272468,
    "wind_consistent": 0,
    "wind_dir_deg": 32.89607359229706,
    "wind_level": "10m",
    "wind_levels_inconsistent_qa": 0,
    "wind_source": "ERA5_HOURLY_10m",
    "wind_speed": 2.0018051552214207,
    "wind_state": "misaligned",
    "wind_u": -1.6808298826217651,
    "wind_u_850hPa": -3.4997291564941406,
    "wind_v": -1.0872142314910889,
    "wind_v_850hPa": -0.20375704765319824,
    "zone_boundary_step_ppb": 16
   }
  },
  {
   "type": "Feature",
   "geometry": {
    "type": "Polygon",
    "coordinates": [
     [
      [
       76.74528953813146,
       60.683397882007824
      ],
      [
       76.75946720856341,
       60.65179183684858
      ],
      [
       76.77364481924495,
       60.62018568893547
      ],
      [
       76.83386956061892,
       60.62758107757963
      ],
      [
       76.89409410652917,
       60.63497648861989
      ],
      [
       76.90806344095215,
       60.603342551986096
      ],
      [
       76.92203262014937,
       60.57170853923345
      ],
      [
       76.93600186174247,
       60.54007458746012
      ],
      [
       76.94997118668773,
       60.50844063384646
      ],
      [
       77.01001734057974,
       60.515742388082195
      ],
      [
       77.07006361217616,
       60.5230441586765
      ],
      [
       77.05621366672348,
       60.554692639119985
      ],
      [
       77.04236369507402,
       60.58634108298293
      ],
      [
       77.02851367614609,
       60.61798955293912
      ],
      [
       77.01466377959261,
       60.6496380403447
      ],
      [
       77.07500657047183,
       60.65689966127724
      ],
      [
       77.13534932166121,
       60.66416130477395
      ],
      [
       77.12153049666848,
       60.69581206230392
      ],
      [
       77.10771181421762,
       60.72746275506034
      ],
      [
       77.04724859380781,
       60.72018545929751
      ],
      [
       76.98678540731835,
       60.71290820640416
      ],
      [
       76.97279063496745,
       60.74453665972793
      ],
      [
       76.9587956943599,
       60.77616507568906
      ],
      [
       76.89827014896802,
       60.76880528197965
      ],
      [
       76.83774441399095,
       60.76144552846652
      ],
      [
       76.8518619155871,
       60.729832742883644
      ],
      [
       76.86597949781385,
       60.69821996833141
      ],
      [
       76.80563443467017,
       60.69080888957006
      ],
      [
       76.74528953813146,
       60.683397882007824
      ]
     ]
    ]
   },
   "properties": {
    "event_id": "CH4-WSP-088",
    "datetime_utc": "2024-07-04T07:10:10Z",
    "date_utc": "2024-07-04",
    "year": 2024,
    "month": 7,
    "centroid_lon": 76.94968980597402,
    "centroid_lat": 60.65284451395876,
    "area_km2": 292.32372753898545,
    "n_pixels": 6,
    "max_z": 5.072792288938911,
    "mean_z": 3.867137903528068,
    "max_delta": 44.05610954282861,
    "mean_delta": 23.533144646804107,
    "artifact_likely": 0,
    "corr_albedo": -0.8182478611880736,
    "nearest_source_type": "gas_field",
    "nearest_source_distance_km": 14.623729648738863,
    "matched_schuit_150km": 0,
    "matched_mars_150km": 1,
    "algorithm_version": "3.1.4",
    "config_id": "default_combine",
    "params_hash": "19aa2a9b479246bdd0330cb38d725e695b098160d736290942f9a5f12569a2c8",
    "run_id": "default_combine_2024_combined_19aa2a9b",
    "aoi_boundary": "zapsib",
    "artifact_likely_albedo_positive": 0,
    "build_date": "2026-05-13",
    "cluster_id": 1932735283303,
    "cluster_overlap_snow_fraction": 0,
    "count": 6,
    "enrichment_method": "numpy_eigh_with_cos_lat",
    "enrichment_stage": "axis_v1",
    "event_class": "CH4_only",
    "inside_reference_clean_zone": 0,
    "intermediate_asset": "projects/nodal-thunder-481307-u1/assets/RuPlumeScan/catalog/CH4/events_2024_intermediate",
    "nearest_source_id": "ru_khmao_samotlor",
    "orbit_date_millis": 1720077010000,
    "plume_axis_deg": 168.1279233132669,
    "qa_flags": "",
    "rna_version": "1.2",
    "stage_2_run_date": "2026-05-14T03:57:50.383568+00:00",
    "stage_3_match_radius_km": 150,
    "stage_3_run_date": "2026-05-23",
    "stage_3b_rescope_date": "2026-06-20",
    "surface_confounded_dark": 1,
    "td0044_reclassified": 1,
    "wind_alignment_score": 0.31737621844295794,
    "wind_consistency_diff_deg": 26.739934993260988,
    "wind_consistent": null,
    "wind_dir_deg": 106.69178297313312,
    "wind_level": "10m",
    "wind_levels_inconsistent_qa": 0,
    "wind_source": "ERA5_HOURLY_10m",
    "wind_speed": 1.6961520018727634,
    "wind_state": "insufficient_wind",
    "wind_u": 0.4871741235256195,
    "wind_u_850hPa": -0.8695297241210938,
    "wind_v": -1.6246824264526367,
    "wind_v_850hPa": -4.907228469848633,
    "zone_boundary_step_ppb": null
   }
  },
  {
   "type": "Feature",
   "geometry": {
    "type": "Polygon",
    "coordinates": [
     [
      [
       70.65062142652842,
       61.11004023807435
      ],
      [
       70.67140516109933,
       61.07943298048432
      ],
      [
       70.69218900692204,
       61.048825710217
      ],
      [
       70.75143491309694,
       61.05951860743782
      ],
      [
       70.81068082418346,
       61.07021152706397
      ],
      [
       70.83127061207229,
       61.03957082981505
      ],
      [
       70.85186062646994,
       61.00893015214364
      ],
      [
       70.79272405797717,
       60.99825722323662
      ],
      [
       70.73358735700819,
       60.98758438243741
      ],
      [
       70.75420186527609,
       60.95695038580655
      ],
      [
       70.77481619227243,
       60.92631633574591
      ],
      [
       70.8338882218166,
       60.93693794941579
      ],
      [
       70.8929601333238,
       60.94755952101322
      ],
      [
       70.95203211185668,
       60.958181101144916
      ],
      [
       71.01110404183996,
       60.96880269611099
      ],
      [
       70.99574136428994,
       60.99179880389454
      ],
      [
       70.98037864101609,
       61.01479491916964
      ],
      [
       70.96501581797088,
       61.03779111893659
      ],
      [
       70.94965319366568,
       61.06078725469083
      ],
      [
       70.93429041230083,
       61.08378335931138
      ],
      [
       70.91892772174559,
       61.10677955402123
      ],
      [
       70.90356496774864,
       61.12977562400325
      ],
      [
       70.88820233113253,
       61.15277177314622
      ],
      [
       70.94772682578153,
       61.16335769041286
      ],
      [
       71.00725129292881,
       61.17394360283871
      ],
      [
       70.9867060866752,
       61.20460211721746
      ],
      [
       70.96616078338741,
       61.235260724059756
      ],
      [
       70.9065715063203,
       61.22462125915933
      ],
      [
       70.84698241976055,
       61.21398186076512
      ],
      [
       70.78739318339048,
       61.203342455385716
      ],
      [
       70.7278039127494,
       61.19270303608917
      ],
      [
       70.74856549010765,
       61.16208684309174
      ],
      [
       70.76932712594511,
       61.13147064377653
      ],
      [
       70.70997427542761,
       61.12075547228817
      ],
      [
       70.65062142652842,
       61.11004023807435
      ]
     ]
    ]
   },
   "properties": {
    "event_id": "CH4-WSP-089",
    "datetime_utc": "2024-07-06T06:32:04Z",
    "date_utc": "2024-07-06",
    "year": 2024,
    "month": 7,
    "centroid_lon": 70.8500593220889,
    "centroid_lat": 61.08213732807738,
    "area_km2": 340.8763263899266,
    "n_pixels": 7,
    "max_z": 3.9434857058775927,
    "mean_z": 3.4875663163573156,
    "max_delta": 56.86317399906329,
    "mean_delta": 29.61019648297359,
    "artifact_likely": 0,
    "corr_albedo": 0.36305419134433925,
    "nearest_source_type": "viirs_flare_high",
    "nearest_source_distance_km": 13.607739077166979,
    "matched_schuit_150km": 0,
    "matched_mars_150km": 1,
    "algorithm_version": "3.1.4",
    "config_id": "default_combine",
    "params_hash": "19aa2a9b479246bdd0330cb38d725e695b098160d736290942f9a5f12569a2c8",
    "run_id": "default_combine_2024_combined_19aa2a9b",
    "aoi_boundary": "zapsib",
    "artifact_likely_albedo_positive": 0,
    "build_date": "2026-05-13",
    "cluster_id": 1842540970132,
    "cluster_overlap_snow_fraction": 0,
    "count": 7,
    "enrichment_method": "numpy_eigh_with_cos_lat",
    "enrichment_stage": "axis_v1",
    "event_class": "wind_ambiguous",
    "inside_reference_clean_zone": 0,
    "intermediate_asset": "projects/nodal-thunder-481307-u1/assets/RuPlumeScan/catalog/CH4/events_2024_intermediate",
    "nearest_source_id": "viirs_0278",
    "orbit_date_millis": 1720247524000,
    "plume_axis_deg": 179.27679295864561,
    "qa_flags": "",
    "rna_version": "1.2",
    "stage_2_run_date": "2026-05-14T03:57:50.383568+00:00",
    "stage_3_match_radius_km": 150,
    "stage_3_run_date": "2026-05-23",
    "stage_3b_rescope_date": "2026-06-20",
    "surface_confounded_dark": 0,
    "td0044_reclassified": 1,
    "wind_alignment_score": 0.4475536263865334,
    "wind_consistency_diff_deg": 10.204974055961145,
    "wind_consistent": 0,
    "wind_dir_deg": 48.99696658385761,
    "wind_level": "10m",
    "wind_levels_inconsistent_qa": 0,
    "wind_source": "ERA5_HOURLY_10m",
    "wind_speed": 5.384717923660023,
    "wind_state": "misaligned",
    "wind_u": -3.5329079627990723,
    "wind_u_850hPa": -1.8899879455566406,
    "wind_v": -4.063711166381836,
    "wind_v_850hPa": -3.1707284450531006,
    "zone_boundary_step_ppb": null
   }
  },
  {
   "type": "Feature",
   "geometry": {
    "type": "MultiPolygon",
    "coordinates": [
     [
      [
       [
        71.24806502518258,
        61.01077617616984
       ],
       [
        71.1887836189278,
        61.00031510965579
       ],
       [
        71.12950199557997,
        60.989854066097024
       ],
       [
        71.14966719633614,
        60.95914198216501
       ],
       [
        71.16983248748208,
        60.92842993538493
       ],
       [
        71.18999753761136,
        60.89771789584945
       ],
       [
        71.21016268239765,
        60.867005838112654
       ],
       [
        71.26922795926116,
        60.87742674286757
       ],
       [
        71.32829317747006,
        60.88784767583509
       ],
       [
        71.3082361357302,
        60.91857979790981
       ],
       [
        71.28817911481168,
        60.94931195216882
       ],
       [
        71.26812221198976,
        60.98004404215595
       ],
       [
        71.24806502518258,
        61.01077617616984
       ]
      ]
     ],
     [
      [
       [
        71.24806502518258,
        61.01077617616984
       ],
       [
        71.30743131613494,
        61.02117258475796
       ],
       [
        71.36679754533093,
        61.031568930826346
       ],
       [
        71.34672497350266,
        61.062303311940724
       ],
       [
        71.32665234983105,
        61.093037685606696
       ],
       [
        71.3862102780731,
        61.10338945414691
       ],
       [
        71.44576824034034,
        61.11374126083824
       ],
       [
        71.4257223877886,
        61.14448459425044
       ],
       [
        71.40567650699832,
        61.17522784484647
       ],
       [
        71.34604938816899,
        61.16482255044268
       ],
       [
        71.28642228705021,
        61.15441723610681
       ],
       [
        71.22679516823781,
        61.14401187354052
       ],
       [
        71.16716808115156,
        61.13360653891863
       ],
       [
        71.18739230124982,
        61.10289901340117
       ],
       [
        71.20761651056162,
        61.07219138321846
       ],
       [
        71.22784091308303,
        61.04148378803607
       ],
       [
        71.24806502518258,
        61.01077617616984
       ]
      ]
     ]
    ]
   },
   "properties": {
    "event_id": "CH4-WSP-090",
    "datetime_utc": "2024-07-06T06:32:04Z",
    "date_utc": "2024-07-06",
    "year": 2024,
    "month": 7,
    "centroid_lon": 71.2715680861402,
    "centroid_lat": 61.03541084014732,
    "area_km2": 243.56186934036074,
    "n_pixels": 5,
    "max_z": 5.209449952218673,
    "mean_z": 4.296043102520449,
    "max_delta": 46.37897081071446,
    "mean_delta": 17.97723473427044,
    "artifact_likely": 0,
    "corr_albedo": -0.469006527400616,
    "nearest_source_type": "viirs_flare_high",
    "nearest_source_distance_km": 23.43600106836084,
    "matched_schuit_150km": 0,
    "matched_mars_150km": 1,
    "algorithm_version": "3.1.4",
    "config_id": "default_combine",
    "params_hash": "19aa2a9b479246bdd0330cb38d725e695b098160d736290942f9a5f12569a2c8",
    "run_id": "default_combine_2024_combined_19aa2a9b",
    "aoi_boundary": "zapsib",
    "artifact_likely_albedo_positive": 0,
    "build_date": "2026-05-13",
    "cluster_id": 1851130904721,
    "cluster_overlap_snow_fraction": 0,
    "count": 5,
    "enrichment_method": "numpy_eigh_with_cos_lat",
    "enrichment_stage": "axis_v1",
    "event_class": "wind_ambiguous",
    "inside_reference_clean_zone": 0,
    "intermediate_asset": "projects/nodal-thunder-481307-u1/assets/RuPlumeScan/catalog/CH4/events_2024_intermediate",
    "nearest_source_id": "viirs_0278",
    "orbit_date_millis": 1720247524000,
    "plume_axis_deg": 14.118599993372294,
    "qa_flags": "",
    "rna_version": "1.2",
    "stage_2_run_date": "2026-05-14T03:57:50.383568+00:00",
    "stage_3_match_radius_km": 150,
    "stage_3_run_date": "2026-05-23",
    "stage_3b_rescope_date": "2026-06-20",
    "surface_confounded_dark": 0,
    "td0044_reclassified": 1,
    "wind_alignment_score": 0.5897601485837829,
    "wind_consistency_diff_deg": 12.528064284067,
    "wind_consistent": 0,
    "wind_dir_deg": 51.04018662083183,
    "wind_level": "10m",
    "wind_levels_inconsistent_qa": 0,
    "wind_source": "ERA5_HOURLY_10m",
    "wind_speed": 5.4339747034835355,
    "wind_state": "misaligned",
    "wind_u": -3.416748285293579,
    "wind_u_850hPa": -1.5427474975585938,
    "wind_v": -4.225389003753662,
    "wind_v_850hPa": -3.103525400161743,
    "zone_boundary_step_ppb": null
   }
  },
  {
   "type": "Feature",
   "geometry": {
    "type": "Polygon",
    "coordinates": [
     [
      [
       72.55622713966656,
       61.02731053835854
      ],
      [
       72.57493967600955,
       60.99635102593556
      ],
      [
       72.59365227631928,
       60.965391444839774
      ],
      [
       72.61236499819121,
       60.93443191439203
      ],
      [
       72.63107757393102,
       60.90347232724355
      ],
      [
       72.69069582767555,
       60.913126292812166
      ],
      [
       72.75031397693046,
       60.9227802854655
      ],
      [
       72.76868379802471,
       60.891768944029366
      ],
      [
       72.78705355194307,
       60.86075750536285
      ],
      [
       72.80542338543208,
       60.82974619238498
      ],
      [
       72.82379330193353,
       60.79873475126187
      ],
      [
       72.8421630896649,
       60.767723449183585
      ],
      [
       72.86053290075037,
       60.73671205207431
      ],
      [
       72.87890264483494,
       60.70570066007402
      ],
      [
       72.89727250050034,
       60.67468922572867
      ],
      [
       72.95651838166548,
       60.684207258363145
      ],
      [
       73.01576416885804,
       60.6937251758368
      ],
      [
       72.9928940069159,
       60.732505450514424
      ],
      [
       72.97002386918908,
       60.77128564634864
      ],
      [
       72.94715369407457,
       60.81006589797189
      ],
      [
       72.92428353979746,
       60.8488461728725
      ],
      [
       72.90141331564755,
       60.887626419096314
      ],
      [
       72.8785432289174,
       60.92640662366313
      ],
      [
       72.85567306720442,
       60.965186901976246
      ],
      [
       72.83280279918269,
       61.003967118394975
      ],
      [
       72.77299509270499,
       60.994357798853024
      ],
      [
       72.7131874918663,
       60.984748439294684
      ],
      [
       72.69454845100982,
       61.01572133773913
      ],
      [
       72.6759094798381,
       61.04669422477827
      ],
      [
       72.61606821405458,
       61.03700233828395
      ],
      [
       72.55622713966656,
       61.02731053835854
      ]
     ]
    ]
   },
   "properties": {
    "event_id": "CH4-WSP-091",
    "datetime_utc": "2024-07-06T06:32:04Z",
    "date_utc": "2024-07-06",
    "year": 2024,
    "month": 7,
    "centroid_lon": 72.8046635367837,
    "centroid_lat": 60.8781438391819,
    "area_km2": 340.7565203595919,
    "n_pixels": 7,
    "max_z": 5.662297559205773,
    "mean_z": 3.8322446771566976,
    "max_delta": 36.288809905650396,
    "mean_delta": 23.449825514646705,
    "artifact_likely": 0,
    "corr_albedo": -0.6803063724019482,
    "nearest_source_type": "viirs_flare_high",
    "nearest_source_distance_km": 1.6177808373728064,
    "matched_schuit_150km": 0,
    "matched_mars_150km": 1,
    "algorithm_version": "3.1.4",
    "config_id": "default_combine",
    "params_hash": "19aa2a9b479246bdd0330cb38d725e695b098160d736290942f9a5f12569a2c8",
    "run_id": "default_combine_2024_combined_19aa2a9b",
    "aoi_boundary": "zapsib",
    "artifact_likely_albedo_positive": 0,
    "build_date": "2026-05-13",
    "cluster_id": 1876900708487,
    "cluster_overlap_snow_fraction": 0,
    "count": 7,
    "enrichment_method": "numpy_eigh_with_cos_lat",
    "enrichment_stage": "axis_v1",
    "event_class": "wind_ambiguous",
    "inside_reference_clean_zone": 0,
    "intermediate_asset": "projects/nodal-thunder-481307-u1/assets/RuPlumeScan/catalog/CH4/events_2024_intermediate",
    "nearest_source_id": "viirs_0332",
    "orbit_date_millis": 1720247524000,
    "plume_axis_deg": 153.42834218078713,
    "qa_flags": "",
    "rna_version": "1.2",
    "stage_2_run_date": "2026-05-14T03:57:50.383568+00:00",
    "stage_3_match_radius_km": 150,
    "stage_3_run_date": "2026-05-23",
    "stage_3b_rescope_date": "2026-06-20",
    "surface_confounded_dark": 1,
    "td0044_reclassified": 1,
    "wind_alignment_score": 0.05976031886324529,
    "wind_consistency_diff_deg": 16.821164181426298,
    "wind_consistent": 0,
    "wind_dir_deg": 58.049913483095054,
    "wind_level": "10m",
    "wind_levels_inconsistent_qa": 0,
    "wind_source": "ERA5_HOURLY_10m",
    "wind_speed": 5.719905920284484,
    "wind_state": "misaligned",
    "wind_u": -3.0268614292144775,
    "wind_u_850hPa": -0.9364833831787109,
    "wind_v": -4.853394031524658,
    "wind_v_850hPa": -3.46380877494812,
    "zone_boundary_step_ppb": null
   }
  },
  {
   "type": "Feature",
   "geometry": {
    "type": "Polygon",
    "coordinates": [
     [
      [
       77.43976321504461,
       65.0028310210782
      ],
      [
       77.46304869371808,
       64.95571894259726
      ],
      [
       77.48633411811193,
       64.90860686471179
      ],
      [
       77.50961944670787,
       64.86149476524432
      ],
      [
       77.53290497525907,
       64.81438265082535
      ],
      [
       77.55619039105738,
       64.76727066031003
      ],
      [
       77.5794758020951,
       64.7201585084845
      ],
      [
       77.60276118273615,
       64.67304645076074
      ],
      [
       77.62604670659604,
       64.62593439162168
      ],
      [
       77.69580930541957,
       64.63279245149629
      ],
      [
       77.7655718819795,
       64.63965059591254
      ],
      [
       77.74253235847029,
       64.68678662980858
      ],
      [
       77.71949262667317,
       64.73392265416445
      ],
      [
       77.6964530659372,
       64.78105871857504
      ],
      [
       77.67341343319958,
       64.82819472846141
      ],
      [
       77.6503738902875,
       64.87533080727121
      ],
      [
       77.62733419174927,
       64.92246686031696
      ],
      [
       77.60429454871847,
       64.96960292337522
      ],
      [
       77.58125505395623,
       65.01673893031013
      ],
      [
       77.54588207526119,
       65.01326195681357
      ],
      [
       77.51050905681902,
       65.00978497812594
      ],
      [
       77.47513616225322,
       65.00630800543662
      ],
      [
       77.43976321504461,
       65.0028310210782
      ]
     ]
    ]
   },
   "properties": {
    "event_id": "CH4-WSP-092",
    "datetime_utc": "2024-07-06T06:32:04Z",
    "date_utc": "2024-07-06",
    "year": 2024,
    "month": 7,
    "centroid_lon": 77.60336824617231,
    "centroid_lat": 64.82130452176816,
    "area_km2": 292.09825286696116,
    "n_pixels": 6,
    "max_z": 3.9968303529479017,
    "mean_z": 3.639756526067503,
    "max_delta": 38.00278017398864,
    "mean_delta": 22.175633108235754,
    "artifact_likely": 0,
    "corr_albedo": 0.4298086889539448,
    "nearest_source_type": "viirs_flare_high",
    "nearest_source_distance_km": 12.989366812086384,
    "matched_schuit_150km": 0,
    "matched_mars_150km": 1,
    "algorithm_version": "3.1.4",
    "config_id": "default_combine",
    "params_hash": "19aa2a9b479246bdd0330cb38d725e695b098160d736290942f9a5f12569a2c8",
    "run_id": "default_combine_2024_combined_19aa2a9b",
    "aoi_boundary": "zapsib",
    "artifact_likely_albedo_positive": 0,
    "build_date": "2026-05-13",
    "cluster_id": 1657857376341,
    "cluster_overlap_snow_fraction": 0,
    "count": 6,
    "enrichment_method": "numpy_eigh_with_cos_lat",
    "enrichment_stage": "axis_v1",
    "event_class": "wind_ambiguous",
    "inside_reference_clean_zone": 0,
    "intermediate_asset": "projects/nodal-thunder-481307-u1/assets/RuPlumeScan/catalog/CH4/events_2024_intermediate",
    "nearest_source_id": "viirs_0215",
    "orbit_date_millis": 1720247524000,
    "plume_axis_deg": 168.7976830526866,
    "qa_flags": "",
    "rna_version": "1.2",
    "stage_2_run_date": "2026-05-14T03:57:50.383568+00:00",
    "stage_3_match_radius_km": 150,
    "stage_3_run_date": "2026-05-23",
    "stage_3b_rescope_date": "2026-06-20",
    "surface_confounded_dark": 0,
    "td0044_reclassified": 1,
    "wind_alignment_score": 0.2663035364366152,
    "wind_consistency_diff_deg": 2.1944251827065955,
    "wind_consistent": 0,
    "wind_dir_deg": 102.76500133198198,
    "wind_level": "10m",
    "wind_levels_inconsistent_qa": 0,
    "wind_source": "ERA5_HOURLY_10m",
    "wind_speed": 4.991678448048386,
    "wind_state": "misaligned",
    "wind_u": 1.1029253005981445,
    "wind_u_850hPa": 3.286714553833008,
    "wind_v": -4.868306636810303,
    "wind_v_850hPa": -12.30102252960205,
    "zone_boundary_step_ppb": null
   }
  },
  {
   "type": "Feature",
   "geometry": {
    "type": "MultiPolygon",
    "coordinates": [
     [
      [
       [
        77.01622444945698,
        64.96017971046814
       ],
       [
        76.99993528107977,
        64.99150936131738
       ],
       [
        76.9836461831014,
        65.0228389867447
       ],
       [
        76.94834912272555,
        65.01919925264852
       ],
       [
        76.91305193928505,
        65.01555948565532
       ],
       [
        76.87775491412776,
        65.011919800195
       ],
       [
        76.84245780570832,
        65.00827998748298
       ],
       [
        76.85890950721029,
        64.9769660045771
       ],
       [
        76.87536136238671,
        64.94565194582927
       ],
       [
        76.91057713848821,
        64.94928388478289
       ],
       [
        76.94579290725086,
        64.95291582294583
       ],
       [
        76.98100867534434,
        64.95654776371168
       ],
       [
        77.01622444945698,
        64.96017971046814
       ]
      ]
     ],
     [
      [
       [
        77.01622444945698,
        64.96017971046814
       ],
       [
        77.02832149570264,
        64.93666960824584
       ],
       [
        77.04041836351715,
        64.91315958029234
       ],
       [
        77.05251543331524,
        64.88964957696184
       ],
       [
        77.06461240585624,
        64.86613948858638
       ],
       [
        77.07670938652731,
        64.84262942555988
       ],
       [
        77.08880636336673,
        64.81911939574488
       ],
       [
        77.10090337646342,
        64.79560931948656
       ],
       [
        77.11300036172301,
        64.77209929218051
       ],
       [
        77.1480109025856,
        64.77566656026539
       ],
       [
        77.18302160229777,
        64.77923383131255
       ],
       [
        77.21803229831642,
        64.78280109370274
       ],
       [
        77.25304277673177,
        64.78636842357398
       ],
       [
        77.23715503562626,
        64.81774042518742
       ],
       [
        77.2212673412072,
        64.84911241831222
       ],
       [
        77.25639837279127,
        64.85265072016657
       ],
       [
        77.29152934421931,
        64.85618897624416
       ],
       [
        77.32666037967786,
        64.85972729212449
       ],
       [
        77.36179136766451,
        64.86326556877452
       ],
       [
        77.34598833888313,
        64.89464423518955
       ],
       [
        77.33018524547002,
        64.926022985937
       ],
       [
        77.29497295737507,
        64.92247689810993
       ],
       [
        77.25976049317971,
        64.91893073267165
       ],
       [
        77.22454808256481,
        64.91538469096899
       ],
       [
        77.18933565261295,
        64.91183857973058
       ],
       [
        77.17329186955102,
        64.94319501565352
       ],
       [
        77.15724799987008,
        64.97455133518535
       ],
       [
        77.12199208447059,
        64.97095842407568
       ],
       [
        77.08673624874011,
        64.96736552346555
       ],
       [
        77.05148031588509,
        64.96377261505874
       ],
       [
        77.01622444945698,
        64.96017971046814
       ]
      ]
     ]
    ]
   },
   "properties": {
    "event_id": "CH4-WSP-093",
    "datetime_utc": "2024-07-21T06:50:29Z",
    "date_utc": "2024-07-21",
    "year": 2024,
    "month": 7,
    "centroid_lon": 77.12214807442366,
    "centroid_lat": 64.89838035162198,
    "area_km2": 243.50952722831266,
    "n_pixels": 5,
    "max_z": 3.7925345094183305,
    "mean_z": 3.4519897047543404,
    "max_delta": 27.38724217825802,
    "mean_delta": 15.420479165503915,
    "artifact_likely": 0,
    "corr_albedo": 0.03808689642967458,
    "nearest_source_type": "viirs_flare_high",
    "nearest_source_distance_km": 8.344022752631172,
    "matched_schuit_150km": 0,
    "matched_mars_150km": 1,
    "algorithm_version": "3.1.4",
    "config_id": "default_combine",
    "params_hash": "19aa2a9b479246bdd0330cb38d725e695b098160d736290942f9a5f12569a2c8",
    "run_id": "default_combine_2024_combined_19aa2a9b",
    "aoi_boundary": "zapsib",
    "artifact_likely_albedo_positive": 0,
    "build_date": "2026-05-13",
    "cluster_id": 1662152343639,
    "cluster_overlap_snow_fraction": 0,
    "count": 5,
    "enrichment_method": "numpy_eigh_with_cos_lat",
    "enrichment_stage": "axis_v1",
    "event_class": "wind_ambiguous",
    "inside_reference_clean_zone": 0,
    "intermediate_asset": "projects/nodal-thunder-481307-u1/assets/RuPlumeScan/catalog/CH4/events_2024_intermediate",
    "nearest_source_id": "viirs_0206",
    "orbit_date_millis": 1721544629000,
    "plume_axis_deg": 143.5194826287353,
    "qa_flags": "",
    "rna_version": "1.2",
    "stage_2_run_date": "2026-05-14T03:57:50.383568+00:00",
    "stage_3_match_radius_km": 150,
    "stage_3_run_date": "2026-05-23",
    "stage_3b_rescope_date": "2026-06-20",
    "surface_confounded_dark": 0,
    "td0044_reclassified": 1,
    "wind_alignment_score": 0.23401347951323426,
    "wind_consistency_diff_deg": 28.921648140699176,
    "wind_consistent": 0,
    "wind_dir_deg": 74.58069578492638,
    "wind_level": "10m",
    "wind_levels_inconsistent_qa": 0,
    "wind_source": "ERA5_HOURLY_10m",
    "wind_speed": 5.860155432120022,
    "wind_state": "misaligned",
    "wind_u": -1.5581035614013672,
    "wind_u_850hPa": -6.703876495361328,
    "wind_v": -5.649224281311035,
    "wind_v_850hPa": -6.859901428222656,
    "zone_boundary_step_ppb": null
   }
  },
  {
   "type": "Feature",
   "geometry": {
    "type": "Polygon",
    "coordinates": [
     [
      [
       71.48730929599353,
       60.4362923670603
      ],
      [
       71.50674416927136,
       60.40547440728274
      ],
      [
       71.52617923308728,
       60.37465638678467
      ],
      [
       71.5456141810633,
       60.34383846441008
      ],
      [
       71.56504925806033,
       60.313020511289544
      ],
      [
       71.6231603069961,
       60.32326528354374
      ],
      [
       71.68127122048804,
       60.33351006353552
      ],
      [
       71.70048330164548,
       60.30265529774091
      ],
      [
       71.71969533991853,
       60.271800594614135
      ],
      [
       71.7778163694149,
       60.2819327421708
      ],
      [
       71.83593738735,
       60.29206495319451
      ],
      [
       71.89405834030495,
       60.30219715006048
      ],
      [
       71.95217940520105,
       60.31232937910352
      ],
      [
       71.93306049491945,
       60.34320471324942
      ],
      [
       71.91394149408976,
       60.37408011916526
      ],
      [
       71.89482255882587,
       60.404955415784116
      ],
      [
       71.87570367804952,
       60.435830856528725
      ],
      [
       71.85658471346686,
       60.466706218992975
      ],
      [
       71.83746577964097,
       60.497581591126156
      ],
      [
       71.8183467590546,
       60.528456936665634
      ],
      [
       71.79922776615288,
       60.55933234370915
      ],
      [
       71.74068319935655,
       60.54912433154398
      ],
      [
       71.68213856287757,
       60.538916375466734
      ],
      [
       71.6235938888883,
       60.52870836626653
      ],
      [
       71.56504922990732,
       60.518500381219795
      ],
      [
       71.584499763337,
       60.48768127663699
      ],
      [
       71.6039504393712,
       60.45686220163249
      ],
      [
       71.5456298672242,
       60.446577258277664
      ],
      [
       71.48730929599353,
       60.4362923670603
      ]
     ]
    ]
   },
   "properties": {
    "event_id": "CH4-WSP-094",
    "datetime_utc": "2024-07-23T06:12:20Z",
    "date_utc": "2024-07-23",
    "year": 2024,
    "month": 7,
    "centroid_lon": 71.72417899465441,
    "centroid_lat": 60.409418330339584,
    "area_km2": 486.94139804545193,
    "n_pixels": 10,
    "max_z": 5.708056888961493,
    "mean_z": 4.525793183655109,
    "max_delta": 26.378904113639692,
    "mean_delta": 13.3977757673498,
    "artifact_likely": 0,
    "corr_albedo": 0.1306505340996954,
    "nearest_source_type": "viirs_flare_high",
    "nearest_source_distance_km": 17.938819847390235,
    "matched_schuit_150km": 0,
    "matched_mars_150km": 1,
    "algorithm_version": "3.1.4",
    "config_id": "default_combine",
    "params_hash": "19aa2a9b479246bdd0330cb38d725e695b098160d736290942f9a5f12569a2c8",
    "run_id": "default_combine_2024_combined_19aa2a9b",
    "aoi_boundary": "zapsib",
    "artifact_likely_albedo_positive": 0,
    "build_date": "2026-05-13",
    "cluster_id": 1894080577681,
    "cluster_overlap_snow_fraction": 0,
    "count": 10,
    "enrichment_method": "numpy_eigh_with_cos_lat",
    "enrichment_stage": "axis_v1",
    "event_class": "wind_ambiguous",
    "inside_reference_clean_zone": 0,
    "intermediate_asset": "projects/nodal-thunder-481307-u1/assets/RuPlumeScan/catalog/CH4/events_2024_intermediate",
    "nearest_source_id": "viirs_0346",
    "orbit_date_millis": 1721715140000,
    "plume_axis_deg": 176.0034885959343,
    "qa_flags": "",
    "rna_version": "1.2",
    "stage_2_run_date": "2026-05-14T03:57:50.383568+00:00",
    "stage_3_match_radius_km": 150,
    "stage_3_run_date": "2026-05-23",
    "stage_3b_rescope_date": "2026-06-20",
    "surface_confounded_dark": 0,
    "td0044_reclassified": 1,
    "wind_alignment_score": 0.4600795742524345,
    "wind_consistency_diff_deg": 13.628702160983607,
    "wind_consistent": 0,
    "wind_dir_deg": 44.596326913215194,
    "wind_level": "10m",
    "wind_levels_inconsistent_qa": 0,
    "wind_source": "ERA5_HOURLY_10m",
    "wind_speed": 2.963538167609018,
    "wind_state": "misaligned",
    "wind_u": -2.1102497577667236,
    "wind_u_850hPa": -4.361148834228516,
    "wind_v": -2.0807220935821533,
    "wind_v_850hPa": -2.6170897483825684,
    "zone_boundary_step_ppb": null
   }
  },
  {
   "type": "Feature",
   "geometry": {
    "type": "Polygon",
    "coordinates": [
     [
      [
       78.94653813029514,
       62.25112863062199
      ],
      [
       78.9590459053942,
       62.21937758885184
      ],
      [
       78.97155365307401,
       62.18762660167217
      ],
      [
       79.03564540186909,
       62.19374445969617
      ],
      [
       79.09973712027865,
       62.1998623776559
      ],
      [
       79.16382886981482,
       62.20598028538318
      ],
      [
       79.22792071120418,
       62.21209811256315
      ],
      [
       79.24009627794251,
       62.180313695269895
      ],
      [
       79.25227186290864,
       62.14852916456071
      ],
      [
       79.30033875286254,
       62.15297435712414
      ],
      [
       79.34840566391365,
       62.15741949786866
      ],
      [
       79.39647256395124,
       62.161864681157326
      ],
      [
       79.44453935006179,
       62.16630981491594
      ],
      [
       79.49260629151054,
       62.170755016737246
      ],
      [
       79.54067313467323,
       62.17520018296619
      ],
      [
       79.58874003769323,
       62.17964533205527
      ],
      [
       79.63680696949032,
       62.184090558414404
      ],
      [
       79.62504612323977,
       62.215910655332564
      ],
      [
       79.61328513885584,
       62.247730829447185
      ],
      [
       79.54900492079838,
       62.24186265425537
      ],
      [
       79.48472486332064,
       62.2359944611961
      ],
      [
       79.47277004468484,
       62.26779677707455
      ],
      [
       79.46081509176533,
       62.2995990465177
      ],
      [
       79.39647582076698,
       62.29361165481623
      ],
      [
       79.33213662190379,
       62.28762417530738
      ],
      [
       79.26779743576243,
       62.28163667870572
      ],
      [
       79.20345805078247,
       62.275649223696476
      ],
      [
       79.19117107275235,
       62.30741813009677
      ],
      [
       79.17888399423678,
       62.339186982104565
      ],
      [
       79.11448786056242,
       62.33308019091583
      ],
      [
       79.05009184740959,
       62.32697349417732
      ],
      [
       79.0625170356236,
       62.295215758291846
      ],
      [
       79.07494229835626,
       62.26345809669984
      ],
      [
       79.01074017273486,
       62.257293317425024
      ],
      [
       78.94653813029514,
       62.25112863062199
      ]
     ]
    ]
   },
   "properties": {
    "event_id": "CH4-WSP-095",
    "datetime_utc": "2024-07-27T06:37:27Z",
    "date_utc": "2024-07-27",
    "year": 2024,
    "month": 7,
    "centroid_lon": 79.28606075952459,
    "centroid_lat": 62.233931529048625,
    "area_km2": 389.87138303133946,
    "n_pixels": 8,
    "max_z": 3.5136420732652556,
    "mean_z": 3.328151933460111,
    "max_delta": 70.4718813945151,
    "mean_delta": 34.06343199349122,
    "artifact_likely": 0,
    "corr_albedo": 0.23136718711715312,
    "nearest_source_type": "viirs_flare_high",
    "nearest_source_distance_km": 13.668324080404894,
    "matched_schuit_150km": 0,
    "matched_mars_150km": 0,
    "algorithm_version": "3.1.4",
    "config_id": "default_combine",
    "params_hash": "19aa2a9b479246bdd0330cb38d725e695b098160d736290942f9a5f12569a2c8",
    "run_id": "default_combine_2024_combined_19aa2a9b",
    "aoi_boundary": "zapsib",
    "artifact_likely_albedo_positive": 0,
    "build_date": "2026-05-13",
    "cluster_id": 1851130904655,
    "cluster_overlap_snow_fraction": 0,
    "count": 8,
    "enrichment_method": "numpy_eigh_with_cos_lat",
    "enrichment_stage": "axis_v1",
    "event_class": "wind_ambiguous",
    "inside_reference_clean_zone": 0,
    "intermediate_asset": "projects/nodal-thunder-481307-u1/assets/RuPlumeScan/catalog/CH4/events_2024_intermediate",
    "nearest_source_id": "viirs_0412",
    "orbit_date_millis": 1722062247000,
    "plume_axis_deg": 91.88906449011775,
    "qa_flags": "zone_boundary_adjustment_applied",
    "rna_version": "1.2",
    "stage_2_run_date": "2026-05-14T03:57:50.383568+00:00",
    "stage_3_match_radius_km": 150,
    "stage_3_run_date": "2026-05-23",
    "stage_3b_rescope_date": "2026-06-20",
    "surface_confounded_dark": 0,
    "td0044_reclassified": 1,
    "wind_alignment_score": 0.17183199815132244,
    "wind_consistency_diff_deg": 88.23516328976518,
    "wind_consistent": 0,
    "wind_dir_deg": 346.4241846564987,
    "wind_level": "10m",
    "wind_levels_inconsistent_qa": 1,
    "wind_source": "ERA5_HOURLY_10m",
    "wind_speed": 3.2833148457718915,
    "wind_state": "misaligned",
    "wind_u": -3.191579580307007,
    "wind_u_850hPa": 1.053152084350586,
    "wind_v": 0.7706984877586365,
    "wind_v_850hPa": 5.0363335609436035,
    "zone_boundary_step_ppb": 16
   }
  },
  {
   "type": "Feature",
   "geometry": {
    "type": "Polygon",
    "coordinates": [
     [
      [
       71.18811249003505,
       71.84339968463235
      ],
      [
       71.21993367104831,
       71.81331855041118
      ],
      [
       71.25175500336371,
       71.783237526648
      ],
      [
       71.28357616757079,
       71.75315639048493
      ],
      [
       71.3153974935455,
       71.72307526743772
      ],
      [
       71.36219031820852,
       71.72813973279037
      ],
      [
       71.40898282707292,
       71.73320415017233
      ],
      [
       71.4557755159363,
       71.73826857628625
      ],
      [
       71.50256817779476,
       71.74333299729776
      ],
      [
       71.53370850378114,
       71.71319172918795
      ],
      [
       71.5648485623971,
       71.68305037566272
      ],
      [
       71.59598858995426,
       71.65290914788847
      ],
      [
       71.62712882686498,
       71.62276778646577
      ],
      [
       71.67375212554346,
       71.6277508700563
      ],
      [
       71.72037528659357,
       71.63273393916018
      ],
      [
       71.7669986634385,
       71.63771694134452
      ],
      [
       71.81362186254862,
       71.64270003279309
      ],
      [
       71.78255016465192,
       71.67285966523879
      ],
      [
       71.7514786552056,
       71.70301934622661
      ],
      [
       71.72040714416633,
       71.73317905761083
      ],
      [
       71.68933544000964,
       71.7633387810904
      ],
      [
       71.65826391455022,
       71.79349845965938
      ],
      [
       71.62719228132887,
       71.82365815983609
      ],
      [
       71.59612067764171,
       71.85381780159051
      ],
      [
       71.56504928692381,
       71.8839774977431
      ],
      [
       71.51793204376357,
       71.87890529751388
      ],
      [
       71.47081502768692,
       71.87383301117686
      ],
      [
       71.42369801885026,
       71.86876079838581
      ],
      [
       71.37658075272412,
       71.86368862579322
      ],
      [
       71.32946386595843,
       71.8586163613425
      ],
      [
       71.28234666600088,
       71.85354411734008
      ],
      [
       71.23522959628976,
       71.84847193111003
      ],
      [
       71.18811249003505,
       71.84339968463235
      ]
     ]
    ]
   },
   "properties": {
    "event_id": "CH4-WSP-096",
    "datetime_utc": "2024-08-01T05:01:58Z",
    "date_utc": "2024-08-01",
    "year": 2024,
    "month": 8,
    "centroid_lon": 71.51259772263562,
    "centroid_lat": 71.76671384934058,
    "area_km2": 291.2704115004339,
    "n_pixels": 6,
    "max_z": 3.798658045815137,
    "mean_z": 3.5351556827049273,
    "max_delta": 28.364248269868767,
    "mean_delta": 20.199809734535407,
    "artifact_likely": 0,
    "corr_albedo": -0.6579275607189076,
    "nearest_source_type": "gas_field",
    "nearest_source_distance_km": 24.3755479932407,
    "matched_schuit_150km": 0,
    "matched_mars_150km": 0,
    "algorithm_version": "3.1.4",
    "config_id": "default_combine",
    "params_hash": "19aa2a9b479246bdd0330cb38d725e695b098160d736290942f9a5f12569a2c8",
    "run_id": "default_combine_2024_combined_19aa2a9b",
    "aoi_boundary": "zapsib",
    "artifact_likely_albedo_positive": 0,
    "build_date": "2026-05-13",
    "cluster_id": 1172526071899,
    "cluster_overlap_snow_fraction": 0,
    "count": 6,
    "enrichment_method": "numpy_eigh_with_cos_lat",
    "enrichment_stage": "axis_v1",
    "event_class": "wind_ambiguous",
    "inside_reference_clean_zone": 0,
    "intermediate_asset": "projects/nodal-thunder-481307-u1/assets/RuPlumeScan/catalog/CH4/events_2024_intermediate",
    "nearest_source_id": "manual_p_01_0d_tambeyskoye",
    "orbit_date_millis": 1722488518000,
    "plume_axis_deg": 145.0825298386497,
    "qa_flags": "",
    "rna_version": "1.2",
    "stage_2_run_date": "2026-05-14T03:57:50.383568+00:00",
    "stage_3_match_radius_km": 150,
    "stage_3_run_date": "2026-05-23",
    "stage_3b_rescope_date": "2026-06-20",
    "surface_confounded_dark": 1,
    "td0044_reclassified": 1,
    "wind_alignment_score": 0.2918204191364907,
    "wind_consistency_diff_deg": 16.721713813094368,
    "wind_consistent": 0,
    "wind_dir_deg": 28.818692116365526,
    "wind_level": "10m",
    "wind_levels_inconsistent_qa": 0,
    "wind_source": "ERA5_HOURLY_10m",
    "wind_speed": 7.005080364857716,
    "wind_state": "misaligned",
    "wind_u": -6.137497425079346,
    "wind_u_850hPa": -8.737503051757812,
    "wind_v": -3.376725673675537,
    "wind_v_850hPa": -1.8726763725280762,
    "zone_boundary_step_ppb": null
   }
  },
  {
   "type": "Feature",
   "geometry": {
    "type": "Polygon",
    "coordinates": [
     [
      [
       71.50454807477169,
       71.14028415910165
      ],
      [
       71.53470382438186,
       71.11011387346372
      ],
      [
       71.56485974686882,
       71.07994364040732
      ],
      [
       71.5950154392816,
       71.04977332531921
      ],
      [
       71.62517122088883,
       71.01960305611088
      ],
      [
       71.67037201003777,
       71.02456827479794
      ],
      [
       71.71557286567086,
       71.02953343535341
      ],
      [
       71.76077362895997,
       71.0344987165168
      ],
      [
       71.80597459754901,
       71.03946387197176
      ],
      [
       71.85117529597669,
       71.04442914273342
      ],
      [
       71.896376020769,
       71.04939428246412
      ],
      [
       71.94157684062556,
       71.05435949279268
      ],
      [
       71.98677755370068,
       71.05932475978194
      ],
      [
       72.01614303798053,
       71.02907414533269
      ],
      [
       72.045508427998,
       70.99882361793195
      ],
      [
       72.09072047720603,
       71.00370187081924
      ],
      [
       72.13593225113,
       71.00858018384906
      ],
      [
       72.18114417801578,
       71.01345841759507
      ],
      [
       72.2263561922365,
       71.01833666580508
      ],
      [
       72.19724945136312,
       71.04861847617713
      ],
      [
       72.1681426587032,
       71.0789002079401
      ],
      [
       72.2135763164515,
       71.08374500009812
      ],
      [
       72.2590101367187,
       71.0885898363717
      ],
      [
       72.30444400605388,
       71.09343461771817
      ],
      [
       72.3498778596302,
       71.09827943805534
      ],
      [
       72.32084229398723,
       71.12857679914308
      ],
      [
       72.29180685588712,
       71.15887419140238
      ],
      [
       72.24624373249416,
       71.15401373762809
      ],
      [
       72.20068071112463,
       71.14915328054207
      ],
      [
       72.15511767767627,
       71.14429289676765
      ],
      [
       72.10955446992463,
       71.13943246992787
      ],
      [
       72.08007534686487,
       71.16968752015616
      ],
      [
       72.050596300273,
       71.19994246682766
      ],
      [
       71.98234010034462,
       71.1924852229595
      ],
      [
       71.91408431714748,
       71.18502792185986
      ],
      [
       71.8458282300106,
       71.17757065849635
      ],
      [
       71.77757207486457,
       71.17011334033332
      ],
      [
       71.70931613279548,
       71.16265606817554
      ],
      [
       71.6410601854161,
       71.15519870418679
      ],
      [
       71.57280410123866,
       71.14774149610841
      ],
      [
       71.50454807477169,
       71.14028415910165
      ]
     ]
    ]
   },
   "properties": {
    "event_id": "CH4-WSP-097",
    "datetime_utc": "2024-08-17T06:42:02Z",
    "date_utc": "2024-08-17",
    "year": 2024,
    "month": 8,
    "centroid_lon": 71.9198421004187,
    "centroid_lat": 71.10211226398563,
    "area_km2": 388.8520555832629,
    "n_pixels": 8,
    "max_z": 4.393437975075463,
    "mean_z": 3.5677041117347574,
    "max_delta": 41.670717424835175,
    "mean_delta": 30.735827354592526,
    "artifact_likely": 0,
    "corr_albedo": -0.786294613370249,
    "nearest_source_type": "gas_field",
    "nearest_source_distance_km": 1.1158209580132963,
    "matched_schuit_150km": 0,
    "matched_mars_150km": 0,
    "algorithm_version": "3.1.4",
    "config_id": "default_combine",
    "params_hash": "19aa2a9b479246bdd0330cb38d725e695b098160d736290942f9a5f12569a2c8",
    "run_id": "default_combine_2024_combined_19aa2a9b",
    "aoi_boundary": "zapsib",
    "artifact_likely_albedo_positive": 0,
    "build_date": "2026-05-13",
    "cluster_id": 1224065679451,
    "cluster_overlap_snow_fraction": 0,
    "count": 8,
    "enrichment_method": "numpy_eigh_with_cos_lat",
    "enrichment_stage": "axis_v1",
    "event_class": "wind_ambiguous",
    "inside_reference_clean_zone": 0,
    "intermediate_asset": "projects/nodal-thunder-481307-u1/assets/RuPlumeScan/catalog/CH4/events_2024_intermediate",
    "nearest_source_id": "manual_p_01_0d_kruzenshternskoye",
    "orbit_date_millis": 1723876922000,
    "plume_axis_deg": 91.15693431486874,
    "qa_flags": "",
    "rna_version": "1.2",
    "stage_2_run_date": "2026-05-14T03:57:50.383568+00:00",
    "stage_3_match_radius_km": 150,
    "stage_3_run_date": "2026-05-23",
    "stage_3b_rescope_date": "2026-06-20",
    "surface_confounded_dark": 1,
    "td0044_reclassified": 1,
    "wind_alignment_score": 0.5354015017315596,
    "wind_consistency_diff_deg": 37.26020208338173,
    "wind_consistent": 0,
    "wind_dir_deg": 49.34306947070911,
    "wind_level": "10m",
    "wind_levels_inconsistent_qa": 0,
    "wind_source": "ERA5_HOURLY_10m",
    "wind_speed": 7.62347422650202,
    "wind_state": "misaligned",
    "wind_u": -4.966909408569336,
    "wind_u_850hPa": -9.920708656311035,
    "wind_v": -5.783352851867676,
    "wind_v_850hPa": -2.1237130165100098,
    "zone_boundary_step_ppb": null
   }
  },
  {
   "type": "Feature",
   "geometry": {
    "type": "Polygon",
    "coordinates": [
     [
      [
       64.37233183971396,
       60.527445309884904
      ],
      [
       64.39894394761373,
       60.49815121436219
      ],
      [
       64.42555573190184,
       60.46885716531301
      ],
      [
       64.48115735454493,
       60.48282309361573
      ],
      [
       64.5367591302143,
       60.496788961859835
      ],
      [
       64.59236062078887,
       60.51075489835362
      ],
      [
       64.64796241560366,
       60.52472076597347
      ],
      [
       64.67425208602208,
       60.495350881973195
      ],
      [
       64.70054190789892,
       60.46598103104129
      ],
      [
       64.72683155073369,
       60.43661115530808
      ],
      [
       64.75312128073865,
       60.407241317911165
      ],
      [
       64.8087084592647,
       60.42107117908267
      ],
      [
       64.86429565940985,
       60.43490111058689
      ],
      [
       64.83814082324642,
       60.46430222219044
      ],
      [
       64.811985955835,
       60.49370332458702
      ],
      [
       64.8677581736598,
       60.50749975849017
      ],
      [
       64.92353034696963,
       60.52129623391296
      ],
      [
       64.89730641212577,
       60.55069841219107
      ],
      [
       64.87108235691011,
       60.58010057688943
      ],
      [
       64.84485851300599,
       60.60950278534143
      ],
      [
       64.8186343776164,
       60.63890502233005
      ],
      [
       64.7628465837912,
       60.62497255735887
      ],
      [
       64.70705871173534,
       60.611040079581436
      ],
      [
       64.65127102774208,
       60.59710761501356
      ],
      [
       64.59548311287975,
       60.58317514602936
      ],
      [
       64.53969538308972,
       60.56924272916612
      ],
      [
       64.48390759218682,
       60.5553101915138
      ],
      [
       64.42811974763454,
       60.54137779179044
      ],
      [
       64.37233183971396,
       60.527445309884904
      ]
     ]
    ]
   },
   "properties": {
    "event_id": "CH4-WSP-098",
    "datetime_utc": "2024-09-01T06:59:17Z",
    "date_utc": "2024-09-01",
    "year": 2024,
    "month": 9,
    "centroid_lon": 64.69163725713446,
    "centroid_lat": 60.53031310604396,
    "area_km2": 340.5410413671771,
    "n_pixels": 7,
    "max_z": 5.799055424163976,
    "mean_z": 4.828844991857641,
    "max_delta": 32.051957117657594,
    "mean_delta": 22.397026613205725,
    "artifact_likely": 0,
    "corr_albedo": 0.17354956250182854,
    "nearest_source_type": "viirs_flare_high",
    "nearest_source_distance_km": 22.38648407111667,
    "matched_schuit_150km": 0,
    "matched_mars_150km": 1,
    "algorithm_version": "3.1.4",
    "config_id": "default_combine",
    "params_hash": "19aa2a9b479246bdd0330cb38d725e695b098160d736290942f9a5f12569a2c8",
    "run_id": "default_combine_2024_combined_19aa2a9b",
    "aoi_boundary": "zapsib",
    "artifact_likely_albedo_positive": 0,
    "build_date": "2026-05-13",
    "cluster_id": 1799591297221,
    "cluster_overlap_snow_fraction": 0,
    "count": 7,
    "enrichment_method": "numpy_eigh_with_cos_lat",
    "enrichment_stage": "axis_v1",
    "event_class": "wind_ambiguous",
    "inside_reference_clean_zone": 0,
    "intermediate_asset": "projects/nodal-thunder-481307-u1/assets/RuPlumeScan/catalog/CH4/events_2024_intermediate",
    "nearest_source_id": "viirs_0169",
    "orbit_date_millis": 1725173957000,
    "plume_axis_deg": 86.19081301303277,
    "qa_flags": "",
    "rna_version": "1.2",
    "stage_2_run_date": "2026-05-14T03:57:50.383568+00:00",
    "stage_3_match_radius_km": 150,
    "stage_3_run_date": "2026-05-23",
    "stage_3b_rescope_date": "2026-06-20",
    "surface_confounded_dark": 0,
    "td0044_reclassified": 1,
    "wind_alignment_score": 0.008881560696588409,
    "wind_consistency_diff_deg": 61.215781978187465,
    "wind_consistent": 0,
    "wind_dir_deg": 176.99015347572572,
    "wind_level": "10m",
    "wind_levels_inconsistent_qa": 1,
    "wind_source": "ERA5_HOURLY_10m",
    "wind_speed": 2.690161012152064,
    "wind_state": "misaligned",
    "wind_u": 2.6864500045776367,
    "wind_u_850hPa": 3.0828657150268555,
    "wind_v": -0.14125382900238037,
    "wind_v_850hPa": -6.384500503540039,
    "zone_boundary_step_ppb": null
   }
  },
  {
   "type": "Feature",
   "geometry": {
    "type": "Polygon",
    "coordinates": [
     [
      [
       61.79576970291823,
       54.10042701668457
      ],
      [
       61.81975072269575,
       54.071281191755006
      ],
      [
       61.84373180572637,
       54.04213544451688
      ],
      [
       61.86771283348604,
       54.01298958218302
      ],
      [
       61.89169386365485,
       53.98384381814368
      ],
      [
       61.93648786250841,
       53.99939715925776
      ],
      [
       61.98128170182855,
       54.01495049359402
      ],
      [
       62.00510215734763,
       53.985756777707074
      ],
      [
       62.02892266115701,
       53.95656303821558
      ],
      [
       62.073741168431425,
       53.972047286285736
      ],
      [
       62.118559564988026,
       53.9875314756222
      ],
      [
       62.10067686973313,
       54.009430142155246
      ],
      [
       62.08279428242885,
       54.03132877394379
      ],
      [
       62.06491161452993,
       54.05322740591232
      ],
      [
       62.04702887878012,
       54.07512603353246
      ],
      [
       62.02914621125351,
       54.097024683396185
      ],
      [
       62.0112636249317,
       54.11892335110166
      ],
      [
       61.99338088588017,
       54.140821969908984
      ],
      [
       61.97549817474718,
       54.16272066810028
      ],
      [
       61.93056604968506,
       54.147147244611446
      ],
      [
       61.88563393555003,
       54.13157384303969
      ],
      [
       61.840701823016126,
       54.11600044114454
      ],
      [
       61.79576970291823,
       54.10042701668457
      ]
     ]
    ]
   },
   "properties": {
    "event_id": "CH4-WSP-099",
    "datetime_utc": "2024-09-02T08:21:37Z",
    "date_utc": "2024-09-02",
    "year": 2024,
    "month": 9,
    "centroid_lon": 61.95675590415663,
    "centroid_lat": 54.05886162852584,
    "area_km2": 243.78196456339845,
    "n_pixels": 5,
    "max_z": 5.119650449479567,
    "mean_z": 3.955326759847486,
    "max_delta": 24.093708127052196,
    "mean_delta": 14.27363037578772,
    "artifact_likely": 0,
    "corr_albedo": -0.057112304905771606,
    "nearest_source_type": "tpp_gres",
    "nearest_source_distance_km": 20.500288326830084,
    "matched_schuit_150km": 0,
    "matched_mars_150km": 1,
    "algorithm_version": "3.1.4",
    "config_id": "default_combine",
    "params_hash": "19aa2a9b479246bdd0330cb38d725e695b098160d736290942f9a5f12569a2c8",
    "run_id": "default_combine_2024_combined_19aa2a9b",
    "aoi_boundary": "zapsib",
    "artifact_likely_albedo_positive": 0,
    "build_date": "2026-05-13",
    "cluster_id": 2130303779080,
    "cluster_overlap_snow_fraction": 0,
    "count": 5,
    "enrichment_method": "numpy_eigh_with_cos_lat",
    "enrichment_stage": "axis_v1",
    "event_class": "wind_ambiguous",
    "inside_reference_clean_zone": 0,
    "intermediate_asset": "projects/nodal-thunder-481307-u1/assets/RuPlumeScan/catalog/CH4/events_2024_intermediate",
    "nearest_source_id": "gppd_WRI1003839",
    "orbit_date_millis": 1725265297000,
    "plume_axis_deg": 133.01213003912218,
    "qa_flags": "",
    "rna_version": "1.2",
    "stage_2_run_date": "2026-05-14T03:57:50.383568+00:00",
    "stage_3_match_radius_km": 150,
    "stage_3_run_date": "2026-05-23",
    "stage_3b_rescope_date": "2026-06-20",
    "surface_confounded_dark": 0,
    "td0044_reclassified": 1,
    "wind_alignment_score": 0.6461744137492509,
    "wind_consistency_diff_deg": 14.012935115493633,
    "wind_consistent": 0,
    "wind_dir_deg": 164.8564328016896,
    "wind_level": "10m",
    "wind_levels_inconsistent_qa": 0,
    "wind_source": "ERA5_HOURLY_10m",
    "wind_speed": 4.523100092026232,
    "wind_state": "misaligned",
    "wind_u": 4.366032123565674,
    "wind_u_850hPa": 6.921426773071289,
    "wind_v": -1.1816082000732422,
    "wind_v_850hPa": -3.8613617420196533,
    "zone_boundary_step_ppb": null
   }
  },
  {
   "type": "Feature",
   "geometry": {
    "type": "MultiPolygon",
    "coordinates": [
     [
      [
       [
        70.20574580828337,
        60.407241277449785
       ],
       [
        70.14801375152348,
        60.39620723861474
       ],
       [
        70.0902818913874,
        60.385173208101286
       ],
       [
        70.11109247323171,
        60.35461166987171
       ],
       [
        70.13190309088988,
        60.324050053163376
       ],
       [
        70.15271372358119,
        60.29348855680989
       ],
       [
        70.17352432938789,
        60.262927007498604
       ],
       [
        70.23105346042549,
        60.27391861968724
       ],
       [
        70.28858251855966,
        60.28491036030386
       ],
       [
        70.26787326603481,
        60.31549307595262
       ],
       [
        70.24716419022133,
        60.34607583209519
       ],
       [
        70.22645502729446,
        60.37665857025429
       ],
       [
        70.20574580828337,
        60.407241277449785
       ]
      ]
     ],
     [
      [
       [
        70.20574580828337,
        60.407241277449785
       ],
       [
        70.26360261989623,
        60.41818173424277
       ],
       [
        70.32145945933064,
        60.42912212695448
       ],
       [
        70.37931629069965,
        60.44006256532503
       ],
       [
        70.43717313425725,
        60.45100289109179
       ],
       [
        70.4165007567266,
        60.48160130044089
       ],
       [
        70.39582835984179,
        60.5121996540656
       ],
       [
        70.37515590685148,
        60.54279802084894
       ],
       [
        70.35448349715482,
        60.57339630598818
       ],
       [
        70.29637927264224,
        60.56244703325871
       ],
       [
        70.23827484326762,
        60.55149769748231
       ],
       [
        70.25909218790854,
        60.52092610851488
       ],
       [
        70.27990950523767,
        60.49035445189541
       ],
       [
        70.22199243204052,
        60.479362822250394
       ],
       [
        70.1640754979933,
        60.46837109572873
       ],
       [
        70.18491063745937,
        60.43780622219908
       ],
       [
        70.20574580828337,
        60.407241277449785
       ]
      ]
     ]
    ]
   },
   "properties": {
    "event_id": "CH4-WSP-100",
    "datetime_utc": "2024-10-01T05:52:56Z",
    "date_utc": "2024-10-01",
    "year": 2024,
    "month": 10,
    "centroid_lon": 70.25937347672942,
    "centroid_lat": 60.4243046106282,
    "area_km2": 243.63511964292587,
    "n_pixels": 5,
    "max_z": 8.514798774450949,
    "mean_z": 5.60824658734275,
    "max_delta": 14.035473985560202,
    "mean_delta": 4.819214254133747,
    "artifact_likely": 0,
    "corr_albedo": 0.15957117523045872,
    "nearest_source_type": "viirs_flare_high",
    "nearest_source_distance_km": 37.886865511396,
    "matched_schuit_150km": 0,
    "matched_mars_150km": 1,
    "algorithm_version": "3.1.4",
    "config_id": "default_combine",
    "params_hash": "19aa2a9b479246bdd0330cb38d725e695b098160d736290942f9a5f12569a2c8",
    "run_id": "default_combine_2024_combined_19aa2a9b",
    "aoi_boundary": "zapsib",
    "artifact_likely_albedo_positive": 0,
    "build_date": "2026-05-13",
    "cluster_id": 1876900708508,
    "cluster_overlap_snow_fraction": 0,
    "count": 5,
    "enrichment_method": "numpy_eigh_with_cos_lat",
    "enrichment_stage": "axis_v1",
    "event_class": "wind_ambiguous",
    "inside_reference_clean_zone": 0,
    "intermediate_asset": "projects/nodal-thunder-481307-u1/assets/RuPlumeScan/catalog/CH4/events_2024_intermediate",
    "nearest_source_id": "viirs_0316",
    "orbit_date_millis": 1727761976000,
    "plume_axis_deg": 18.23682350240438,
    "qa_flags": "",
    "rna_version": "1.2",
    "stage_2_run_date": "2026-05-14T03:57:50.383568+00:00",
    "stage_3_match_radius_km": 150,
    "stage_3_run_date": "2026-05-23",
    "stage_3b_rescope_date": "2026-06-20",
    "surface_confounded_dark": 0,
    "td0044_reclassified": 1,
    "wind_alignment_score": 0.5660214613550756,
    "wind_consistency_diff_deg": 4.728781892598363,
    "wind_consistent": 0,
    "wind_dir_deg": 159.17875502436118,
    "wind_level": "10m",
    "wind_levels_inconsistent_qa": 0,
    "wind_source": "ERA5_HOURLY_10m",
    "wind_speed": 5.437360340050519,
    "wind_state": "misaligned",
    "wind_u": 5.082267761230469,
    "wind_u_850hPa": 13.252105712890625,
    "wind_v": -1.9327291250228882,
    "wind_v_850hPa": -3.8231353759765625,
    "zone_boundary_step_ppb": null
   }
  },
  {
   "type": "Feature",
   "geometry": {
    "type": "Polygon",
    "coordinates": [
     [
      [
       70.64100749145034,
       60.144582459178196
      ],
      [
       70.66114475436038,
       60.11390383708174
      ],
      [
       70.68128209185998,
       60.083225196911776
      ],
      [
       70.73877394528523,
       60.09385793726746
      ],
      [
       70.7962657040495,
       60.1044906144798
      ],
      [
       70.85375733214015,
       60.115123337195655
      ],
      [
       70.91124907213778,
       60.12575607214107
      ],
      [
       70.96874080802901,
       60.136388823928506
      ],
      [
       71.02623263568717,
       60.14702153709219
      ],
      [
       71.08372437377052,
       60.15765429846985
      ],
      [
       71.1412161832328,
       60.168286970490286
      ],
      [
       71.1214845528855,
       60.19904590059963
      ],
      [
       71.1017529946881,
       60.229804784566106
      ],
      [
       71.15958651647564,
       60.24026915608902
      ],
      [
       71.21741984655023,
       60.250733555778396
      ],
      [
       71.27525337425452,
       60.26119797097227
      ],
      [
       71.3330866897233,
       60.271662363692116
      ],
      [
       71.31348230932342,
       60.30244793971371
      ],
      [
       71.29387795808562,
       60.333233628281945
      ],
      [
       71.35197322647107,
       60.343592098453925
      ],
      [
       71.41006870023988,
       60.35395063932592
      ],
      [
       71.46816409753295,
       60.36430904841431
      ],
      [
       71.52625946766655,
       60.37466753832171
      ],
      [
       71.54561649696751,
       60.34383842996384
      ],
      [
       71.56497346815418,
       60.313009366612526
      ],
      [
       71.5843304149304,
       60.28218028095744
      ],
      [
       71.60368737059896,
       60.25135110574019
      ],
      [
       71.66173038709859,
       60.261545785558845
      ],
      [
       71.7197732837983,
       60.2717403445057
      ],
      [
       71.77781625728372,
       60.28193501531845
      ],
      [
       71.83585931770048,
       60.292129637678784
      ],
      [
       71.85489076160286,
       60.26124360987086
      ],
      [
       71.87392225634616,
       60.23035767946805
      ],
      [
       71.93197524048253,
       60.24043751830374
      ],
      [
       71.9900283398073,
       60.250517258918144
      ],
      [
       71.97106489198504,
       60.28141659074734
      ],
      [
       71.95210140344392,
       60.31231597240596
      ],
      [
       71.93313796701655,
       60.343215305342234
      ],
      [
       71.91417455029446,
       60.374114656498755
      ],
      [
       71.8559096707084,
       60.36399475806984
      ],
      [
       71.79764489773207,
       60.353874784383486
      ],
      [
       71.77845960579282,
       60.3847362607623
      ],
      [
       71.75927436005807,
       60.41559764005139
      ],
      [
       71.81764386821655,
       60.42573539687029
      ],
      [
       71.87601348098592,
       60.43587318368581
      ],
      [
       71.85685724838662,
       60.4667435125736
      ],
      [
       71.83770090024124,
       60.497613917203175
      ],
      [
       71.77922426738606,
       60.48745826986864
      ],
      [
       71.72074758875522,
       60.47730273462781
      ],
      [
       71.70140397810191,
       60.50814187637646
      ],
      [
       71.68206050204628,
       60.53898101685524
      ],
      [
       71.6235548954168,
       60.528740632281824
      ],
      [
       71.56504922990732,
       60.518500381219795
      ],
      [
       71.584499763337,
       60.48768127663699
      ],
      [
       71.6039504393712,
       60.45686220163249
      ],
      [
       71.54566991847335,
       60.44654601489021
      ],
      [
       71.48738953147719,
       60.43622992887472
      ],
      [
       71.4291090159456,
       60.42591379222694
      ],
      [
       71.37082857135925,
       60.41559770342314
      ],
      [
       71.35116840925588,
       60.446378837087515
      ],
      [
       71.33150826626905,
       60.47716004371817
      ],
      [
       71.27324337297763,
       60.46673238199807
      ],
      [
       71.21497850042778,
       60.4563048179227
      ],
      [
       71.1951333662739,
       60.48705254398167
      ],
      [
       71.17528815236662,
       60.51780030833089
      ],
      [
       71.13163242292147,
       60.50986918066503
      ],
      [
       71.08797663428486,
       60.50193816024943
      ],
      [
       71.04432090422064,
       60.49400707095683
      ],
      [
       71.00066530151928,
       60.48607600548084
      ],
      [
       70.95700951644103,
       60.47814490863915
      ],
      [
       70.9133538316696,
       60.47021381266969
      ],
      [
       70.86969816732712,
       60.46228278832498
      ],
      [
       70.8260424282097,
       60.45435171991786
      ],
      [
       70.84619969537346,
       60.42366195848886
      ],
      [
       70.86635720667137,
       60.392972191814934
      ],
      [
       70.92437890138022,
       60.40358932435484
      ],
      [
       70.98240076153259,
       60.41420643672227
      ],
      [
       71.00237310599891,
       60.383485452830165
      ],
      [
       71.0223454980029,
       60.35276445257965
      ],
      [
       70.96442609428826,
       60.34216517969243
      ],
      [
       70.90650694597636,
       60.33156588642838
      ],
      [
       70.92650153412914,
       60.30085159963179
      ],
      [
       70.94649600485381,
       60.270137352263376
      ],
      [
       70.88880094768591,
       60.25946559997587
      ],
      [
       70.83110574719099,
       60.24879389289124
      ],
      [
       70.77341043838598,
       60.23812212186173
      ],
      [
       70.71571521810368,
       60.227450385980475
      ],
      [
       70.73583261678516,
       60.1967628112983
      ],
      [
       70.75594982191718,
       60.16607528291363
      ],
      [
       70.69847866777373,
       60.15532889129111
      ],
      [
       70.64100749145034,
       60.144582459178196
      ]
     ]
    ]
   },
   "properties": {
    "event_id": "CH4-WSP-101",
    "datetime_utc": "2024-10-01T05:52:56Z",
    "date_utc": "2024-10-01",
    "year": 2024,
    "month": 10,
    "centroid_lon": 71.28478200260027,
    "centroid_lat": 60.33365633172219,
    "area_km2": 1462.0886694136077,
    "n_pixels": 30,
    "max_z": 9.974694378126525,
    "mean_z": 5.947484250569777,
    "max_delta": 38.68470289965035,
    "mean_delta": 12.73099541351578,
    "artifact_likely": 0,
    "corr_albedo": -0.2436291213475681,
    "nearest_source_type": "viirs_flare_high",
    "nearest_source_distance_km": 21.58579726757953,
    "matched_schuit_150km": 0,
    "matched_mars_150km": 1,
    "algorithm_version": "3.1.4",
    "config_id": "default_combine",
    "params_hash": "19aa2a9b479246bdd0330cb38d725e695b098160d736290942f9a5f12569a2c8",
    "run_id": "default_combine_2024_combined_19aa2a9b",
    "aoi_boundary": "zapsib",
    "artifact_likely_albedo_positive": 0,
    "build_date": "2026-05-13",
    "cluster_id": 1898375544977,
    "cluster_overlap_snow_fraction": 0,
    "count": 30,
    "enrichment_method": "numpy_eigh_with_cos_lat",
    "enrichment_stage": "axis_v1",
    "event_class": "wind_ambiguous",
    "inside_reference_clean_zone": 0,
    "intermediate_asset": "projects/nodal-thunder-481307-u1/assets/RuPlumeScan/catalog/CH4/events_2024_intermediate",
    "nearest_source_id": "viirs_0316",
    "orbit_date_millis": 1727761976000,
    "plume_axis_deg": 72.41330771900508,
    "qa_flags": "",
    "rna_version": "1.2",
    "stage_2_run_date": "2026-05-14T03:57:50.383568+00:00",
    "stage_3_match_radius_km": 150,
    "stage_3_run_date": "2026-05-23",
    "stage_3b_rescope_date": "2026-06-20",
    "surface_confounded_dark": 0,
    "td0044_reclassified": 1,
    "wind_alignment_score": 0.04607248337574077,
    "wind_consistency_diff_deg": 4.854411126731293,
    "wind_consistent": 0,
    "wind_dir_deg": 158.2667842151884,
    "wind_level": "10m",
    "wind_levels_inconsistent_qa": 0,
    "wind_source": "ERA5_HOURLY_10m",
    "wind_speed": 5.1668205229800055,
    "wind_state": "misaligned",
    "wind_u": 4.799552917480469,
    "wind_u_850hPa": 13.836090087890625,
    "wind_v": -1.9131978750228882,
    "wind_v_850hPa": -4.1981353759765625,
    "zone_boundary_step_ppb": null
   }
  },
  {
   "type": "Feature",
   "geometry": {
    "type": "Polygon",
    "coordinates": [
     [
      [
       76.79355038541763,
       65.66329523555338
      ],
      [
       76.80619806301127,
       65.63983978935119
      ],
      [
       76.81884566499689,
       65.61638430139492
      ],
      [
       76.8314932994868,
       65.59292888214652
      ],
      [
       76.84414100847148,
       65.5694734514167
      ],
      [
       76.85678877931582,
       65.54601801662578
      ],
      [
       76.86943637100909,
       65.52256265748112
      ],
      [
       76.88208405402752,
       65.49910722156295
      ],
      [
       76.89473176154488,
       65.47565180391223
      ],
      [
       76.93979321024227,
       65.4800807276983
      ],
      [
       76.98485463446596,
       65.4845097363786
      ],
      [
       77.02991610237625,
       65.48893874912967
      ],
      [
       77.07497762817351,
       65.4933677727196
      ],
      [
       77.12003905228016,
       65.4977967989004
      ],
      [
       77.16510044199127,
       65.50222574684226
      ],
      [
       77.2101618793625,
       65.50665481377324
      ],
      [
       77.25522331076395,
       65.51108381607354
      ],
      [
       77.30028475014392,
       65.51551276053753
      ],
      [
       77.34534633300252,
       65.5199417564803
      ],
      [
       77.39040772631768,
       65.52437078123903
      ],
      [
       77.4354691704387,
       65.52879976853234
      ],
      [
       77.48053062774144,
       65.53322881297376
      ],
      [
       77.52559199077336,
       65.53765781894646
      ],
      [
       77.57065344754692,
       65.5420868077501
      ],
      [
       77.6157150123497,
       65.54651578606612
      ],
      [
       77.63155135843802,
       65.51513934434112
      ],
      [
       77.64738781483373,
       65.48376289688291
      ],
      [
       77.68347200715368,
       65.48717963874262
      ],
      [
       77.71955616574539,
       65.49059644225305
      ],
      [
       77.75564034855053,
       65.49401322279016
      ],
      [
       77.79172456251607,
       65.4974299836681
      ],
      [
       77.76811136041815,
       65.54450471333094
      ],
      [
       77.74449824444147,
       65.59157948815826
      ],
      [
       77.72088496176363,
       65.63865421525102
      ],
      [
       77.69727190470023,
       65.68572894665883
      ],
      [
       77.66094692605047,
       65.68226809635865
      ],
      [
       77.62462190059779,
       65.67880732332719
      ],
      [
       77.58829709838166,
       65.67534646257633
      ],
      [
       77.55197205966338,
       65.67188565778497
      ],
      [
       77.51564717792155,
       65.66842484642312
      ],
      [
       77.47932209644,
       65.66496399603092
      ],
      [
       77.44299727990845,
       65.66150323473684
      ],
      [
       77.40667230105582,
       65.65804233955363
      ],
      [
       77.42284318670372,
       65.6266993795036
      ],
      [
       77.43901403499925,
       65.59535634052462
      ],
      [
       77.40283626343808,
       65.59184482083492
      ],
      [
       77.3666584664353,
       65.58833322174496
      ],
      [
       77.33048070630358,
       65.58482173016921
      ],
      [
       77.29430290613296,
       65.58131015223253
      ],
      [
       77.27795802433238,
       65.61263531132
      ],
      [
       77.26161323007108,
       65.6439605289705
      ],
      [
       77.22539091369457,
       65.64040106467164
      ],
      [
       77.1891684915312,
       65.63684157927082
      ],
      [
       77.1529461308492,
       65.63328208411959
      ],
      [
       77.11672359602328,
       65.62972264844002
      ],
      [
       77.10012016495402,
       65.66102107904321
      ],
      [
       77.08351670676285,
       65.69231945415501
      ],
      [
       77.04727095139881,
       65.68869147325397
      ],
      [
       77.01102512924366,
       65.68506345371752
      ],
      [
       76.97477940795731,
       65.6814354070788
      ],
      [
       76.93853360470486,
       65.67780731452613
      ],
      [
       76.90228783286274,
       65.67417927532756
      ],
      [
       76.86604190921355,
       65.67055127051353
      ],
      [
       76.8297960557156,
       65.66692322409864
      ],
      [
       76.79355038541763,
       65.66329523555338
      ]
     ]
    ]
   },
   "properties": {
    "event_id": "CH4-WSP-102",
    "datetime_utc": "2024-10-01T05:52:56Z",
    "date_utc": "2024-10-01",
    "year": 2024,
    "month": 10,
    "centroid_lon": 77.27113782122501,
    "centroid_lat": 65.583550625787,
    "area_km2": 682.6210034030944,
    "n_pixels": 14,
    "max_z": 4.695293856131943,
    "mean_z": 4.560616548618644,
    "max_delta": 23.99025980707779,
    "mean_delta": 22.64635734940841,
    "artifact_likely": 0,
    "corr_albedo": 0.15535811612149356,
    "nearest_source_type": "gas_field",
    "nearest_source_distance_km": 40.881995068270115,
    "matched_schuit_150km": 0,
    "matched_mars_150km": 1,
    "algorithm_version": "3.1.4",
    "config_id": "default_combine",
    "params_hash": "19aa2a9b479246bdd0330cb38d725e695b098160d736290942f9a5f12569a2c8",
    "run_id": "default_combine_2024_combined_19aa2a9b",
    "aoi_boundary": "zapsib",
    "artifact_likely_albedo_positive": 0,
    "build_date": "2026-05-13",
    "cluster_id": 1614907703378,
    "cluster_overlap_snow_fraction": 0.00573329929922319,
    "count": 14,
    "enrichment_method": "numpy_eigh_with_cos_lat",
    "enrichment_stage": "axis_v1",
    "event_class": "wind_ambiguous",
    "inside_reference_clean_zone": 0,
    "intermediate_asset": "projects/nodal-thunder-481307-u1/assets/RuPlumeScan/catalog/CH4/events_2024_intermediate",
    "nearest_source_id": "manual_p_01_0d_yuzhno_russkoye",
    "orbit_date_millis": 1727761976000,
    "plume_axis_deg": 90.42891419380227,
    "qa_flags": "",
    "rna_version": "1.2",
    "stage_2_run_date": "2026-05-14T03:57:50.383568+00:00",
    "stage_3_match_radius_km": 150,
    "stage_3_run_date": "2026-05-23",
    "stage_3b_rescope_date": "2026-06-20",
    "surface_confounded_dark": 0,
    "td0044_reclassified": 1,
    "wind_alignment_score": 0.050735106425988885,
    "wind_consistency_diff_deg": 22.375423578572054,
    "wind_consistent": 0,
    "wind_dir_deg": 184.99507377214127,
    "wind_level": "10m",
    "wind_levels_inconsistent_qa": 0,
    "wind_source": "ERA5_HOURLY_10m",
    "wind_speed": 10.384564777136314,
    "wind_state": "misaligned",
    "wind_u": 10.345126152038574,
    "wind_u_850hPa": 15.908355712890625,
    "wind_v": 0.9041849970817566,
    "wind_v_850hPa": -4.9793853759765625,
    "zone_boundary_step_ppb": null
   }
  },
  {
   "type": "Feature",
   "geometry": {
    "type": "Polygon",
    "coordinates": [
     [
      [
       71.13834891083245,
       60.37383376150539
      ],
      [
       71.15813621590995,
       60.34308152019231
      ],
      [
       71.17792345596885,
       60.31232935676436
      ],
      [
       71.23590073314665,
       60.3227814546068
      ],
      [
       71.29387795808562,
       60.333233628281945
      ],
      [
       71.31348230932342,
       60.30244793971371
      ],
      [
       71.3330866897233,
       60.271662363692116
      ],
      [
       71.27521437812149,
       60.26123025514931
      ],
      [
       71.21734194872414,
       60.25079820153517
      ],
      [
       71.2369307361019,
       60.220014796922186
      ],
      [
       71.25651960164217,
       60.18923141404347
      ],
      [
       71.27610843282721,
       60.158447964062496
      ],
      [
       71.29569728086413,
       60.12766456550519
      ],
      [
       71.35336453395978,
       60.13805872733846
      ],
      [
       71.41103183956187,
       60.14845294087703
      ],
      [
       71.39158351997246,
       60.179260894632954
      ],
      [
       71.37213520125056,
       60.21006878133418
      ],
      [
       71.42998304027435,
       60.22042054551734
      ],
      [
       71.4878309438242,
       60.2307723630869
      ],
      [
       71.46837040922722,
       60.26158252709548
      ],
      [
       71.44890968716332,
       60.29239269475373
      ],
      [
       71.42944910175443,
       60.32320289343995
      ],
      [
       71.40998845398855,
       60.3540129832454
      ],
      [
       71.46812397603875,
       60.36434032714465
      ],
      [
       71.52625946766655,
       60.37466753832171
      ],
      [
       71.50678440441827,
       60.405480002737974
      ],
      [
       71.48730929599353,
       60.4362923670603
      ],
      [
       71.42906897950635,
       60.42594500827131
      ],
      [
       71.37082857135925,
       60.41559770342314
      ],
      [
       71.35116840925588,
       60.446378837087515
      ],
      [
       71.33150826626905,
       60.47716004371817
      ],
      [
       71.27324337297763,
       60.46673238199807
      ],
      [
       71.21497850042778,
       60.4563048179227
      ],
      [
       71.23474354395034,
       60.42554143849037
      ],
      [
       71.25450846960389,
       60.394778143376996
      ],
      [
       71.19642865039691,
       60.384305943991095
      ],
      [
       71.13834891083245,
       60.37383376150539
      ]
     ]
    ]
   },
   "properties": {
    "event_id": "CH4-WSP-103",
    "datetime_utc": "2024-10-01T07:34:25Z",
    "date_utc": "2024-10-01",
    "year": 2024,
    "month": 10,
    "centroid_lon": 71.33757121867808,
    "centroid_lat": 60.315315271005254,
    "area_km2": 389.79135269024795,
    "n_pixels": 8,
    "max_z": 4.437599746339903,
    "mean_z": 3.9075904728291597,
    "max_delta": 12.459013462077337,
    "mean_delta": 7.574149365949974,
    "artifact_likely": 0,
    "corr_albedo": -0.35496919951640815,
    "nearest_source_type": "viirs_flare_high",
    "nearest_source_distance_km": 24.259890493104812,
    "matched_schuit_150km": 0,
    "matched_mars_150km": 1,
    "algorithm_version": "3.1.4",
    "config_id": "default_combine",
    "params_hash": "19aa2a9b479246bdd0330cb38d725e695b098160d736290942f9a5f12569a2c8",
    "run_id": "default_combine_2024_combined_19aa2a9b",
    "aoi_boundary": "zapsib",
    "artifact_likely_albedo_positive": 0,
    "build_date": "2026-05-13",
    "cluster_id": 1898375544980,
    "cluster_overlap_snow_fraction": 0,
    "count": 8,
    "enrichment_method": "numpy_eigh_with_cos_lat",
    "enrichment_stage": "axis_v1",
    "event_class": "CH4_only",
    "inside_reference_clean_zone": 0,
    "intermediate_asset": "projects/nodal-thunder-481307-u1/assets/RuPlumeScan/catalog/CH4/events_2024_intermediate",
    "nearest_source_id": "viirs_0316",
    "orbit_date_millis": 1727768065000,
    "plume_axis_deg": 0.970129666797511,
    "qa_flags": "",
    "rna_version": "1.2",
    "stage_2_run_date": "2026-05-14T03:57:50.383568+00:00",
    "stage_3_match_radius_km": 150,
    "stage_3_run_date": "2026-05-23",
    "stage_3b_rescope_date": "2026-06-20",
    "surface_confounded_dark": 0,
    "td0044_reclassified": 1,
    "wind_alignment_score": 0.762137478080651,
    "wind_consistency_diff_deg": 3.5586926478636087,
    "wind_consistent": 1,
    "wind_dir_deg": 159.5625026940561,
    "wind_level": "10m",
    "wind_levels_inconsistent_qa": 0,
    "wind_source": "ERA5_HOURLY_10m",
    "wind_speed": 5.860510571120433,
    "wind_state": "aligned",
    "wind_u": 5.491612911224365,
    "wind_u_850hPa": 13.836090087890625,
    "wind_v": -2.0464046001434326,
    "wind_v_850hPa": -4.1981353759765625,
    "zone_boundary_step_ppb": null
   }
  },
  {
   "type": "Feature",
   "geometry": {
    "type": "Polygon",
    "coordinates": [
     [
      [
       71.6426865803994,
       60.3951973087263
      ],
      [
       71.66193878043353,
       60.364348098918754
      ],
      [
       71.6811909098055,
       60.33349890304255
      ],
      [
       71.70044308533525,
       60.302649757365174
      ],
      [
       71.71969533991853,
       60.271800594614135
      ],
      [
       71.77777730773656,
       60.28196511223087
      ],
      [
       71.83585931770048,
       60.292129637678784
      ],
      [
       71.85489076160286,
       60.26124360987086
      ],
      [
       71.87392225634616,
       60.23035767946805
      ],
      [
       71.93197524048253,
       60.24043751830374
      ],
      [
       71.9900283398073,
       60.250517258918144
      ],
      [
       71.97577651812335,
       60.27368678637672
      ],
      [
       71.9615245924525,
       60.29685623841401
      ],
      [
       71.94727280634764,
       60.320025732199056
      ],
      [
       71.93302087907287,
       60.343195219948484
      ],
      [
       71.91876911713784,
       60.366364736224824
      ],
      [
       71.90451723936546,
       60.38953423316211
      ],
      [
       71.89026540550496,
       60.41270372475406
      ],
      [
       71.87601348098592,
       60.43587318368581
      ],
      [
       71.81768179829584,
       60.4257041786591
      ],
      [
       71.75935005884682,
       60.41553520826983
      ],
      [
       71.70101837894993,
       60.40536626728782
      ],
      [
       71.6426865803994,
       60.3951973087263
      ]
     ]
    ]
   },
   "properties": {
    "event_id": "CH4-WSP-104",
    "datetime_utc": "2024-10-01T07:34:25Z",
    "date_utc": "2024-10-01",
    "year": 2024,
    "month": 10,
    "centroid_lon": 71.82069347163774,
    "centroid_lat": 60.33734087642542,
    "area_km2": 243.46681795370677,
    "n_pixels": 5,
    "max_z": 5.662813903915203,
    "mean_z": 4.938370090057358,
    "max_delta": 14.334046656370674,
    "mean_delta": 11.794862161718816,
    "artifact_likely": 1,
    "corr_albedo": 0.9329777471679459,
    "nearest_source_type": "viirs_flare_high",
    "nearest_source_distance_km": 16.281307270082635,
    "matched_schuit_150km": 0,
    "matched_mars_150km": 1,
    "algorithm_version": "3.1.4",
    "config_id": "default_combine",
    "params_hash": "19aa2a9b479246bdd0330cb38d725e695b098160d736290942f9a5f12569a2c8",
    "run_id": "default_combine_2024_combined_19aa2a9b",
    "aoi_boundary": "zapsib",
    "artifact_likely_albedo_positive": 1,
    "build_date": "2026-05-13",
    "cluster_id": 1902670512273,
    "cluster_overlap_snow_fraction": 0,
    "count": 5,
    "enrichment_method": "numpy_eigh_with_cos_lat",
    "enrichment_stage": "axis_v1",
    "event_class": "CH4_only",
    "inside_reference_clean_zone": 0,
    "intermediate_asset": "projects/nodal-thunder-481307-u1/assets/RuPlumeScan/catalog/CH4/events_2024_intermediate",
    "nearest_source_id": "viirs_0346",
    "orbit_date_millis": 1727768065000,
    "plume_axis_deg": 140.34905858629008,
    "qa_flags": "",
    "rna_version": "1.2",
    "stage_2_run_date": "2026-05-14T03:57:50.383568+00:00",
    "stage_3_match_radius_km": 150,
    "stage_3_run_date": "2026-05-23",
    "stage_3b_rescope_date": "2026-06-20",
    "surface_confounded_dark": 0,
    "td0044_reclassified": 1,
    "wind_alignment_score": 0.7917332963164275,
    "wind_consistency_diff_deg": 3.2610703874865976,
    "wind_consistent": 1,
    "wind_dir_deg": 159.0930619178116,
    "wind_level": "10m",
    "wind_levels_inconsistent_qa": 0,
    "wind_source": "ERA5_HOURLY_10m",
    "wind_speed": 5.839976756137864,
    "wind_state": "aligned",
    "wind_u": 5.455480098724365,
    "wind_u_850hPa": 13.836090087890625,
    "wind_v": -2.0840022563934326,
    "wind_v_850hPa": -4.4012603759765625,
    "zone_boundary_step_ppb": null
   }
  },
  {
   "type": "Feature",
   "geometry": {
    "type": "Polygon",
    "coordinates": [
     [
      [
       73.60359860991926,
       60.10861089513143
      ],
      [
       73.62072600096185,
       60.07741497055582
      ],
      [
       73.63785339876749,
       60.04621913271679
      ],
      [
       73.68159777692384,
       60.05301753416439
      ],
      [
       73.72534214836767,
       60.059816058035445
      ],
      [
       73.76908634812251,
       60.06661451016495
      ],
      [
       73.81283082017204,
       60.07341295459448
      ],
      [
       73.85657508570712,
       60.08021142994077
      ],
      [
       73.90031950068361,
       60.087009898221154
      ],
      [
       73.94406378690523,
       60.0938083327738
      ],
      [
       73.98780809966027,
       60.10060676110603
      ],
      [
       73.97515487402623,
       60.12403545371485
      ],
      [
       73.96250165448166,
       60.14746414780182
      ],
      [
       73.94984830822992,
       60.170892817330206
      ],
      [
       73.93719513693958,
       60.19432149019632
      ],
      [
       73.92454186288468,
       60.217750122371804
      ],
      [
       73.91188858693717,
       60.24117880764238
      ],
      [
       73.89923537721243,
       60.26460745415721
      ],
      [
       73.8865820441443,
       60.288036119655494
      ],
      [
       73.827857968272,
       60.278984194578236
      ],
      [
       73.76913388830067,
       60.26993219043196
      ],
      [
       73.78614978130358,
       60.23871626596836
      ],
      [
       73.80316564943146,
       60.20750035740918
      ],
      [
       73.8201816656246,
       60.17628441799351
      ],
      [
       73.83719751119389,
       60.145068430282485
      ],
      [
       73.7787978407677,
       60.13595406552668
      ],
      [
       73.72039812586334,
       60.12683962438097
      ],
      [
       73.66199837212348,
       60.117725269703165
      ],
      [
       73.60359860991926,
       60.10861089513143
      ]
     ]
    ]
   },
   "properties": {
    "event_id": "CH4-WSP-105",
    "datetime_utc": "2024-10-01T07:34:25Z",
    "date_utc": "2024-10-01",
    "year": 2024,
    "month": 10,
    "centroid_lon": 73.82207126802889,
    "centroid_lat": 60.14940288726373,
    "area_km2": 243.70964593662805,
    "n_pixels": 5,
    "max_z": 4.193714639780152,
    "mean_z": 3.9448088663425764,
    "max_delta": 22.980600511676585,
    "mean_delta": 17.77873958397973,
    "artifact_likely": 0,
    "corr_albedo": -0.08695065781690425,
    "nearest_source_type": "viirs_flare_high",
    "nearest_source_distance_km": 11.730529383798775,
    "matched_schuit_150km": 0,
    "matched_mars_150km": 1,
    "algorithm_version": "3.1.4",
    "config_id": "default_combine",
    "params_hash": "19aa2a9b479246bdd0330cb38d725e695b098160d736290942f9a5f12569a2c8",
    "run_id": "default_combine_2024_combined_19aa2a9b",
    "aoi_boundary": "zapsib",
    "artifact_likely_albedo_positive": 0,
    "build_date": "2026-05-13",
    "cluster_id": 1932735283330,
    "cluster_overlap_snow_fraction": 0,
    "count": 5,
    "enrichment_method": "numpy_eigh_with_cos_lat",
    "enrichment_stage": "axis_v1",
    "event_class": "wind_ambiguous",
    "inside_reference_clean_zone": 0,
    "intermediate_asset": "projects/nodal-thunder-481307-u1/assets/RuPlumeScan/catalog/CH4/events_2024_intermediate",
    "nearest_source_id": "viirs_0399",
    "orbit_date_millis": 1727768065000,
    "plume_axis_deg": 15.40848285908315,
    "qa_flags": "",
    "rna_version": "1.2",
    "stage_2_run_date": "2026-05-14T03:57:50.383568+00:00",
    "stage_3_match_radius_km": 150,
    "stage_3_run_date": "2026-05-23",
    "stage_3b_rescope_date": "2026-06-20",
    "surface_confounded_dark": 0,
    "td0044_reclassified": 1,
    "wind_alignment_score": 0.5805203234083149,
    "wind_consistency_diff_deg": 4.265975671587853,
    "wind_consistent": 0,
    "wind_dir_deg": 157.65531196583152,
    "wind_level": "10m",
    "wind_levels_inconsistent_qa": 0,
    "wind_source": "ERA5_HOURLY_10m",
    "wind_speed": 5.086073415231191,
    "wind_state": "misaligned",
    "wind_u": 4.7041778564453125,
    "wind_u_850hPa": 14.140777587890625,
    "wind_v": -1.933611512184143,
    "wind_v_850hPa": -4.6161041259765625,
    "zone_boundary_step_ppb": null
   }
  },
  {
   "type": "Feature",
   "geometry": {
    "type": "Polygon",
    "coordinates": [
     [
      [
       71.07535515676972,
       59.46831957060395
      ],
      [
       71.08975750691718,
       59.44520199080848
      ],
      [
       71.10415984419005,
       59.42208427744181
      ],
      [
       71.11856217117673,
       59.398966621928
      ],
      [
       71.13296447527789,
       59.3758490309263
      ],
      [
       71.14736687100857,
       59.35273134787026
      ],
      [
       71.16176921837827,
       59.329613742694306
      ],
      [
       71.17617163160475,
       59.306496058873684
      ],
      [
       71.19057389213053,
       59.283378363460734
      ],
      [
       71.2466961897484,
       59.293822717911
      ],
      [
       71.30281834568011,
       59.304267039897965
      ],
      [
       71.35894067040608,
       59.31471139621558
      ],
      [
       71.41506296813425,
       59.32515568730086
      ],
      [
       71.39609275654635,
       59.356022714557746
      ],
      [
       71.3771226497042,
       59.38688978213563
      ],
      [
       71.35815245547164,
       59.41775674988254
      ],
      [
       71.33918236342551,
       59.4486238073055
      ],
      [
       71.28282817591429,
       59.43817166681984
      ],
      [
       71.22647409544638,
       59.4277194893451
      ],
      [
       71.20729332328031,
       59.45854969562538
      ],
      [
       71.18811249702122,
       59.48937993843413
      ],
      [
       71.13173383675147,
       59.47884981296626
      ],
      [
       71.07535515676972,
       59.46831957060395
      ]
     ]
    ]
   },
   "properties": {
    "event_id": "CH4-WSP-106",
    "datetime_utc": "2024-10-02T05:33:47Z",
    "date_utc": "2024-10-02",
    "year": 2024,
    "month": 10,
    "centroid_lon": 71.2419166518102,
    "centroid_lat": 59.38240876555397,
    "area_km2": 243.8171584933749,
    "n_pixels": 5,
    "max_z": 5.894451220370301,
    "mean_z": 4.602627666145917,
    "max_delta": 42.080325150229555,
    "mean_delta": 23.06085693209716,
    "artifact_likely": 0,
    "corr_albedo": 0.2482947666438927,
    "nearest_source_type": "viirs_flare_high",
    "nearest_source_distance_km": 21.510559359078364,
    "matched_schuit_150km": 0,
    "matched_mars_150km": 1,
    "algorithm_version": "3.1.4",
    "config_id": "default_combine",
    "params_hash": "19aa2a9b479246bdd0330cb38d725e695b098160d736290942f9a5f12569a2c8",
    "run_id": "default_combine_2024_combined_19aa2a9b",
    "aoi_boundary": "zapsib",
    "artifact_likely_albedo_positive": 0,
    "build_date": "2026-05-13",
    "cluster_id": 1958505087130,
    "cluster_overlap_snow_fraction": 0,
    "count": 5,
    "enrichment_method": "numpy_eigh_with_cos_lat",
    "enrichment_stage": "axis_v1",
    "event_class": "CH4_only",
    "inside_reference_clean_zone": 0,
    "intermediate_asset": "projects/nodal-thunder-481307-u1/assets/RuPlumeScan/catalog/CH4/events_2024_intermediate",
    "nearest_source_id": "viirs_0397",
    "orbit_date_millis": 1727847227000,
    "plume_axis_deg": 134.16601599330545,
    "qa_flags": "",
    "rna_version": "1.2",
    "stage_2_run_date": "2026-05-14T03:57:50.383568+00:00",
    "stage_3_match_radius_km": 150,
    "stage_3_run_date": "2026-05-23",
    "stage_3b_rescope_date": "2026-06-20",
    "surface_confounded_dark": 0,
    "td0044_reclassified": 1,
    "wind_alignment_score": 0.7393346283689589,
    "wind_consistency_diff_deg": 23.645979516823047,
    "wind_consistent": 1,
    "wind_dir_deg": 157.62589944009915,
    "wind_level": "10m",
    "wind_levels_inconsistent_qa": 0,
    "wind_source": "ERA5_HOURLY_10m",
    "wind_speed": 5.051282548323001,
    "wind_state": "aligned",
    "wind_u": 4.671012878417969,
    "wind_u_850hPa": 9.371124267578125,
    "wind_v": -1.9227828979492188,
    "wind_v_850hPa": -9.710891723632812,
    "zone_boundary_step_ppb": null
   }
  },
  {
   "type": "Feature",
   "geometry": {
    "type": "Polygon",
    "coordinates": [
     [
      [
       74.11889239029591,
       58.90187111066324
      ],
      [
       74.13483814009581,
       58.87049238562588
      ],
      [
       74.15078386405703,
       58.83911366603435
      ],
      [
       74.16672953496415,
       58.807734973076876
      ],
      [
       74.18267526378341,
       58.77635634530438
      ],
      [
       74.23877299042051,
       58.78521652670685
      ],
      [
       74.29487071907361,
       58.794076790983965
      ],
      [
       74.31062259004536,
       58.762669112352434
      ],
      [
       74.32637429979451,
       58.73126141884685
      ],
      [
       74.2703768960379,
       58.722414583007314
      ],
      [
       74.21437950417814,
       58.71356771863179
      ],
      [
       74.23017144286241,
       58.682164497410504
      ],
      [
       74.24596336061778,
       58.65076127357421
      ],
      [
       74.28793076948257,
       58.657337346289296
      ],
      [
       74.32989809857376,
       58.663913431592334
      ],
      [
       74.37186554537655,
       58.67048947176647
      ],
      [
       74.41383292759822,
       58.677065540835436
      ],
      [
       74.45580030507556,
       58.68364156392733
      ],
      [
       74.49776763334359,
       58.69021763228415
      ],
      [
       74.53973510955944,
       58.69679368784111
      ],
      [
       74.58170241463168,
       58.70336978806454
      ],
      [
       74.55837913254467,
       58.75053140603168
      ],
      [
       74.53505572757136,
       58.79769313175323
      ],
      [
       74.51173248061481,
       58.8448548253996
      ],
      [
       74.48840915476708,
       58.89201646284402
      ],
      [
       74.43208629895744,
       58.88326323212586
      ],
      [
       74.37576333418572,
       58.87451007153481
      ],
      [
       74.35999148046123,
       58.9059132240953
      ],
      [
       74.34421955473009,
       58.9373164999207
      ],
      [
       74.40064507822716,
       58.946085348655686
      ],
      [
       74.45707051124825,
       58.95485411136018
      ],
      [
       74.44133656182484,
       58.98626624764785
      ],
      [
       74.42560272076079,
       59.01767844809216
      ],
      [
       74.36907468198929,
       59.00889395760699
      ],
      [
       74.31254663884422,
       59.000109592276374
      ],
      [
       74.29664775233381,
       59.03149493537787
      ],
      [
       74.28074875816517,
       59.06288028231048
      ],
      [
       74.22418066904629,
       59.054017843774815
      ],
      [
       74.16761254103298,
       59.04515537738488
      ],
      [
       74.1835827418999,
       59.013780064089
      ],
      [
       74.19955296338516,
       58.982404711013
      ],
      [
       74.21552331690182,
       58.9510293565787
      ],
      [
       74.23149349714913,
       58.91965398715779
      ],
      [
       74.17519300354671,
       58.91076253840965
      ],
      [
       74.11889239029591,
       58.90187111066324
      ]
     ]
    ]
   },
   "properties": {
    "event_id": "CH4-WSP-107",
    "datetime_utc": "2024-10-02T05:33:47Z",
    "date_utc": "2024-10-02",
    "year": 2024,
    "month": 10,
    "centroid_lon": 74.34145679335928,
    "centroid_lat": 58.84041323529509,
    "area_km2": 633.7617215256217,
    "n_pixels": 13,
    "max_z": 4.29323998924794,
    "mean_z": 3.0573243433718122,
    "max_delta": 31.453168340349066,
    "mean_delta": 21.988105581019017,
    "artifact_likely": 0,
    "corr_albedo": -0.2763774383061326,
    "nearest_source_type": "viirs_flare_high",
    "nearest_source_distance_km": 25.125036475547855,
    "matched_schuit_150km": 0,
    "matched_mars_150km": 0,
    "algorithm_version": "3.1.4",
    "config_id": "default_combine",
    "params_hash": "19aa2a9b479246bdd0330cb38d725e695b098160d736290942f9a5f12569a2c8",
    "run_id": "default_combine_2024_combined_19aa2a9b",
    "aoi_boundary": "zapsib",
    "artifact_likely_albedo_positive": 0,
    "build_date": "2026-05-13",
    "cluster_id": 2018634629251,
    "cluster_overlap_snow_fraction": 0,
    "count": 13,
    "enrichment_method": "numpy_eigh_with_cos_lat",
    "enrichment_stage": "axis_v1",
    "event_class": "CH4_only",
    "inside_reference_clean_zone": 0,
    "intermediate_asset": "projects/nodal-thunder-481307-u1/assets/RuPlumeScan/catalog/CH4/events_2024_intermediate",
    "nearest_source_id": "viirs_0440",
    "orbit_date_millis": 1727847227000,
    "plume_axis_deg": 166.68965088191123,
    "qa_flags": "",
    "rna_version": "1.2",
    "stage_2_run_date": "2026-05-14T03:57:50.383568+00:00",
    "stage_3_match_radius_km": 150,
    "stage_3_run_date": "2026-05-23",
    "stage_3b_rescope_date": "2026-06-20",
    "surface_confounded_dark": 0,
    "td0044_reclassified": 1,
    "wind_alignment_score": 0.9047731716608294,
    "wind_consistency_diff_deg": 21.273512511361503,
    "wind_consistent": 1,
    "wind_dir_deg": 158.11923633138588,
    "wind_level": "10m",
    "wind_levels_inconsistent_qa": 0,
    "wind_source": "ERA5_HOURLY_10m",
    "wind_speed": 5.095192153939091,
    "wind_state": "aligned",
    "wind_u": 4.728141784667969,
    "wind_u_850hPa": 10.636749267578125,
    "wind_v": -1.8988571166992188,
    "wind_v_850hPa": -9.972610473632812,
    "zone_boundary_step_ppb": null
   }
  },
  {
   "type": "Feature",
   "geometry": {
    "type": "Polygon",
    "coordinates": [
     [
      [
       64.11297277581276,
       61.255059139593286
      ],
      [
       64.14049883615712,
       61.22588095386979
      ],
      [
       64.16802480370508,
       61.19670283019176
      ],
      [
       64.22487833525226,
       61.210773569547065
      ],
      [
       64.28173187659793,
       61.22484421605969
      ],
      [
       64.33858552807989,
       61.23891491498779
      ],
      [
       64.39543902058075,
       61.25298564098401
      ],
      [
       64.42268184662574,
       61.22373613567037
      ],
      [
       64.44992473878223,
       61.194486693988864
      ],
      [
       64.50685404201244,
       61.20844366521287
      ],
      [
       64.56378351661265,
       61.22240065260458
      ],
      [
       64.59083227911094,
       61.19311107381455
      ],
      [
       64.6178812742969,
       61.16382149651832
      ],
      [
       64.67482840298985,
       61.17769147268451
      ],
      [
       64.73177557054565,
       61.19156150386964
      ],
      [
       64.70481587364176,
       61.2208800620305
      ],
      [
       64.67785616592215,
       61.25019873216416
      ],
      [
       64.73500179864394,
       61.264035334837125
      ],
      [
       64.79214734740103,
       61.27787184706442
      ],
      [
       64.76516754126015,
       61.30719712832991
      ],
      [
       64.73818782050054,
       61.33652246871691
      ],
      [
       64.68095525053721,
       61.32265908221858
      ],
      [
       64.62372273348022,
       61.308795733845955
      ],
      [
       64.59654667743666,
       61.33807869613922
      ],
      [
       64.56937071379893,
       61.367361622201884
      ],
      [
       64.51232097494315,
       61.35332378476048
      ],
      [
       64.45527118631821,
       61.3392859356785
      ],
      [
       64.39822152904998,
       61.32524817768145
      ],
      [
       64.34117174762405,
       61.31121033432798
      ],
      [
       64.28412202332908,
       61.29717250841896
      ],
      [
       64.22707223039559,
       61.28313474075181
      ],
      [
       64.17002257405892,
       61.26909694797733
      ],
      [
       64.11297277581276,
       61.255059139593286
      ]
     ]
    ]
   },
   "properties": {
    "event_id": "CH4-WSP-108",
    "datetime_utc": "2024-10-02T07:15:16Z",
    "date_utc": "2024-10-02",
    "year": 2024,
    "month": 10,
    "centroid_lon": 64.48793510349441,
    "centroid_lat": 61.26654493291388,
    "area_km2": 389.1926651138945,
    "n_pixels": 8,
    "max_z": 6.280662279328279,
    "mean_z": 4.8354050963999065,
    "max_delta": 36.22398855356437,
    "mean_delta": 14.163861831808513,
    "artifact_likely": 0,
    "corr_albedo": -0.010723343440711052,
    "nearest_source_type": "viirs_flare_high",
    "nearest_source_distance_km": 10.819208719039219,
    "matched_schuit_150km": 0,
    "matched_mars_150km": 1,
    "algorithm_version": "3.1.4",
    "config_id": "default_combine",
    "params_hash": "19aa2a9b479246bdd0330cb38d725e695b098160d736290942f9a5f12569a2c8",
    "run_id": "default_combine_2024_combined_19aa2a9b",
    "aoi_boundary": "zapsib",
    "artifact_likely_albedo_positive": 0,
    "build_date": "2026-05-13",
    "cluster_id": 1756641624257,
    "cluster_overlap_snow_fraction": 0,
    "count": 8,
    "enrichment_method": "numpy_eigh_with_cos_lat",
    "enrichment_stage": "axis_v1",
    "event_class": "wind_ambiguous",
    "inside_reference_clean_zone": 0,
    "intermediate_asset": "projects/nodal-thunder-481307-u1/assets/RuPlumeScan/catalog/CH4/events_2024_intermediate",
    "nearest_source_id": "viirs_0094",
    "orbit_date_millis": 1727853316000,
    "plume_axis_deg": 83.98168308141051,
    "qa_flags": "zone_boundary_adjustment_applied",
    "rna_version": "1.2",
    "stage_2_run_date": "2026-05-14T03:57:50.383568+00:00",
    "stage_3_match_radius_km": 150,
    "stage_3_run_date": "2026-05-23",
    "stage_3b_rescope_date": "2026-06-20",
    "surface_confounded_dark": 0,
    "td0044_reclassified": 1,
    "wind_alignment_score": 0.0379996624767972,
    "wind_consistency_diff_deg": 59.56194129559003,
    "wind_consistent": 0,
    "wind_dir_deg": 177.40165270432226,
    "wind_level": "10m",
    "wind_levels_inconsistent_qa": 1,
    "wind_source": "ERA5_HOURLY_10m",
    "wind_speed": 3.9604801194833232,
    "wind_state": "misaligned",
    "wind_u": 3.9564082622528076,
    "wind_u_850hPa": 7.482452392578125,
    "wind_v": -0.1795450896024704,
    "wind_v_850hPa": -14.167922973632812,
    "zone_boundary_step_ppb": 16
   }
  },
  {
   "type": "Feature",
   "geometry": {
    "type": "Polygon",
    "coordinates": [
     [
      [
       75.65637699188763,
       61.34670252039396
      ],
      [
       75.67977498746748,
       61.29957434023367
      ],
      [
       75.70317307767634,
       61.252446056056115
      ],
      [
       75.72657111902805,
       61.2053178218313
      ],
      [
       75.7499690716383,
       61.158189620877636
      ],
      [
       75.81102529191061,
       61.16613793204829
      ],
      [
       75.87208158484009,
       61.174086278029584
      ],
      [
       75.85663964211545,
       61.20552628613217
      ],
      [
       75.84119774224823,
       61.23696631688282
      ],
      [
       75.82575591246147,
       61.26840634975486
      ],
      [
       75.81031403085092,
       61.299846348345916
      ],
      [
       75.8716824665039,
       61.30775898700283
      ],
      [
       75.93305084434884,
       61.31567165536493
      ],
      [
       75.91759899455445,
       61.34710944925562
      ],
      [
       75.90214711650329,
       61.37854721435383
      ],
      [
       75.88669518605708,
       61.409985015689095
      ],
      [
       75.87124328133449,
       61.441422747238406
      ],
      [
       75.80962734675988,
       61.433476678407786
      ],
      [
       75.74801156281228,
       61.42553058667097
      ],
      [
       75.76362059358858,
       61.39411397746495
      ],
      [
       75.77922968083251,
       61.36269732500838
      ],
      [
       75.71780335904445,
       61.35469999032693
      ],
      [
       75.65637699188763,
       61.34670252039396
      ]
     ]
    ]
   },
   "properties": {
    "event_id": "CH4-WSP-109",
    "datetime_utc": "2025-06-28T06:41:11Z",
    "date_utc": "2025-06-28",
    "year": 2025,
    "month": 6,
    "centroid_lon": 75.79488496624988,
    "centroid_lat": 61.304497811337384,
    "area_km2": 243.62122128087498,
    "n_pixels": 5,
    "max_z": 5.061211696138181,
    "mean_z": 4.35932018894611,
    "max_delta": 35.80848164232225,
    "mean_delta": 18.57360286052902,
    "artifact_likely": 0,
    "corr_albedo": -0.13886372951077916,
    "nearest_source_type": "viirs_flare_high",
    "nearest_source_distance_km": 26.934096231163767,
    "matched_schuit_150km": 0,
    "matched_mars_150km": 1,
    "algorithm_version": "2.3.2",
    "config_id": "default_combine",
    "params_hash": "5848063735cfe708308a6d70be6c07a758abc5a37d945b71e43ac68520b85b19",
    "run_id": "default_combine_2025_combined_58480637",
    "aoi_boundary": "zapsib",
    "artifact_likely_albedo_positive": 0,
    "build_date": "2026-05-23",
    "cluster_id": 1876900708462,
    "cluster_overlap_snow_fraction": 0,
    "count": 5,
    "enrichment_method": "numpy_eigh_with_cos_lat",
    "enrichment_stage": "axis_v1",
    "event_class": "wind_ambiguous",
    "inside_reference_clean_zone": 0,
    "intermediate_asset": "projects/nodal-thunder-481307-u1/assets/RuPlumeScan/catalog/CH4/events_2025_intermediate",
    "nearest_source_id": "viirs_0370",
    "orbit_date_millis": 1751092871000,
    "plume_axis_deg": 8.741160205165656,
    "qa_flags": "zone_boundary_adjustment_applied",
    "rna_version": "1.2",
    "stage_2_run_date": "2026-05-23T03:00:25.260694+00:00",
    "stage_3_match_radius_km": 150,
    "stage_3_run_date": "2026-05-23",
    "stage_3b_rescope_date": "2026-06-20",
    "surface_confounded_dark": 0,
    "td0044_reclassified": null,
    "wind_alignment_score": 0.04529079654961121,
    "wind_consistency_diff_deg": 38.059576426769866,
    "wind_consistent": 0,
    "wind_dir_deg": 274.66498851570066,
    "wind_level": "10m",
    "wind_levels_inconsistent_qa": 0,
    "wind_source": "ERA5_HOURLY_10m",
    "wind_speed": 2.2551870128582423,
    "wind_state": "misaligned",
    "wind_u": -0.18341319262981415,
    "wind_u_850hPa": 1.95574951171875,
    "wind_v": 2.247716188430786,
    "wind_v_850hPa": 2.9666595458984375,
    "zone_boundary_step_ppb": 16
   }
  },
  {
   "type": "Feature",
   "geometry": {
    "type": "MultiPolygon",
    "coordinates": [
     [
      [
       [
        76.45059196265092,
        61.04719361817402
       ],
       [
        76.46525570553466,
        61.015652211080216
       ],
       [
        76.47991947833232,
        60.984110761651756
       ],
       [
        76.54081074343037,
        60.991662275665284
       ],
       [
        76.60170202182148,
        60.999213731483025
       ],
       [
        76.58715851592684,
        61.030768593888595
       ],
       [
        76.57261522301759,
        61.06232340610126
       ],
       [
        76.51160357769878,
        61.05475848851613
       ],
       [
        76.45059196265092,
        61.04719361817402
       ]
      ]
     ],
     [
      [
       [
        76.45059196265092,
        61.04719361817402
       ],
       [
        76.43586349791765,
        61.07872399652886
       ],
       [
        76.42113511061874,
        61.11025428080718
       ],
       [
        76.48227164352451,
        61.117836971296406
       ],
       [
        76.54340814139178,
        61.12541971016396
       ],
       [
        76.5287398945585,
        61.1569567030913
       ],
       [
        76.51407176753979,
        61.18849361601751
       ],
       [
        76.5753932239514,
        61.196022828071065
       ],
       [
        76.63671477214326,
        61.20355201418469
       ],
       [
        76.62210902085177,
        61.23509792097347
       ],
       [
        76.60750323895421,
        61.266643834342915
       ],
       [
        76.5460590812906,
        61.25909903477595
       ],
       [
        76.48461489464096,
        61.25155429866634
       ],
       [
        76.46978954202343,
        61.28307121259639
       ],
       [
        76.45496408767391,
        61.31458809301886
       ],
       [
        76.44013865738597,
        61.346105019428805
       ],
       [
        76.42531327752774,
        61.37762197055128
       ],
       [
        76.37913921342935,
        61.3718396566892
       ],
       [
        76.33296531441627,
        61.366057325804285
       ],
       [
        76.28679127127728,
        61.36027493868045
       ],
       [
        76.24061732147588,
        61.35449260277931
       ],
       [
        76.19444330456388,
        61.34871029397544
       ],
       [
        76.14826940860652,
        61.34292793322335
       ],
       [
        76.10209542337371,
        61.33714558194063
       ],
       [
        76.05592133770311,
        61.331363231209494
       ],
       [
        76.07115137856768,
        61.29989762798148
       ],
       [
        76.08638151388439,
        61.26843194809865
       ],
       [
        76.14778999043827,
        61.27615955689901
       ],
       [
        76.2091984982796,
        61.283887156609104
       ],
       [
        76.27060701369744,
        61.29161485361238
       ],
       [
        76.33201551361562,
        61.29934248204494
       ],
       [
        76.34690113974199,
        61.26783217754162
       ],
       [
        76.36178672450441,
        61.23632196911161
       ],
       [
        76.37667234027175,
        61.20481170664816
       ],
       [
        76.39155791145728,
        61.1733014971151
       ],
       [
        76.33036341259783,
        61.1656385197319
       ],
       [
        76.26916897888326,
        61.15797553096458
       ],
       [
        76.28405001690705,
        61.12646312983612
       ],
       [
        76.29893122076551,
        61.09495061887966
       ],
       [
        76.31381231749603,
        61.06343817533736
       ],
       [
        76.32869352686625,
        61.0319256646648
       ],
       [
        76.3896427565059,
        61.03955970743033
       ],
       [
        76.45059196265092,
        61.04719361817402
       ]
      ]
     ]
    ]
   },
   "properties": {
    "event_id": "CH4-WSP-110",
    "datetime_utc": "2025-06-28T06:41:11Z",
    "date_utc": "2025-06-28",
    "year": 2025,
    "month": 6,
    "centroid_lon": 76.38899968740468,
    "centroid_lat": 61.20623862551482,
    "area_km2": 487.0084654334018,
    "n_pixels": 10,
    "max_z": 7.464267825460037,
    "mean_z": 5.139239248706415,
    "max_delta": 35.67518756607092,
    "mean_delta": 20.136708398865068,
    "artifact_likely": 0,
    "corr_albedo": -0.22195995635648877,
    "nearest_source_type": "viirs_flare_high",
    "nearest_source_distance_km": 10.401943913269374,
    "matched_schuit_150km": 0,
    "matched_mars_150km": 1,
    "algorithm_version": "2.3.2",
    "config_id": "default_combine",
    "params_hash": "5848063735cfe708308a6d70be6c07a758abc5a37d945b71e43ac68520b85b19",
    "run_id": "default_combine_2025_combined_58480637",
    "aoi_boundary": "zapsib",
    "artifact_likely_albedo_positive": 0,
    "build_date": "2026-05-23",
    "cluster_id": 1894080577641,
    "cluster_overlap_snow_fraction": 0,
    "count": 10,
    "enrichment_method": "numpy_eigh_with_cos_lat",
    "enrichment_stage": "axis_v1",
    "event_class": "wind_ambiguous",
    "inside_reference_clean_zone": 0,
    "intermediate_asset": "projects/nodal-thunder-481307-u1/assets/RuPlumeScan/catalog/CH4/events_2025_intermediate",
    "nearest_source_id": "viirs_0406",
    "orbit_date_millis": 1751092871000,
    "plume_axis_deg": 161.2633884414009,
    "qa_flags": "zone_boundary_adjustment_applied",
    "rna_version": "1.2",
    "stage_2_run_date": "2026-05-23T03:00:25.260694+00:00",
    "stage_3_match_radius_km": 150,
    "stage_3_run_date": "2026-05-23",
    "stage_3b_rescope_date": "2026-06-20",
    "surface_confounded_dark": 0,
    "td0044_reclassified": null,
    "wind_alignment_score": 0.4265507067509712,
    "wind_consistency_diff_deg": 51.46003788981693,
    "wind_consistent": 0,
    "wind_dir_deg": 289.6529520489883,
    "wind_level": "10m",
    "wind_levels_inconsistent_qa": 1,
    "wind_source": "ERA5_HOURLY_10m",
    "wind_speed": 2.4278847433794724,
    "wind_state": "misaligned",
    "wind_u": -0.8165512084960938,
    "wind_u_850hPa": 1.76239013671875,
    "wind_v": 2.2864532470703125,
    "wind_v_850hPa": 2.8416595458984375,
    "zone_boundary_step_ppb": 16
   }
  },
  {
   "type": "Feature",
   "geometry": {
    "type": "Polygon",
    "coordinates": [
     [
      [
       78.42909509095641,
       59.94835072225316
      ],
      [
       78.44117695063933,
       59.916477091344895
      ],
      [
       78.45325903343301,
       59.88460341823589
      ],
      [
       78.46534085747594,
       59.85272977696912
      ],
      [
       78.47742285902753,
       59.82085614427158
      ],
      [
       78.53654432454098,
       59.827223699511066
      ],
      [
       78.59566594880322,
       59.83359130189575
      ],
      [
       78.65478746290212,
       59.83995894149139
      ],
      [
       78.71390905496625,
       59.84632655920554
      ],
      [
       78.77303059493607,
       59.852694157458444
      ],
      [
       78.83215209198195,
       59.859061750848
      ],
      [
       78.8912736943445,
       59.86542936580427
      ],
      [
       78.95039517201572,
       59.87179690715259
      ],
      [
       78.93880602470468,
       59.90372186725517
      ],
      [
       78.92721680121596,
       59.9356468227927
      ],
      [
       78.86792962647625,
       59.92933383262144
      ],
      [
       78.80864258810563,
       59.92302086604613
      ],
      [
       78.74935553764956,
       59.916707896761814
      ],
      [
       78.69006846602811,
       59.91039491026583
      ],
      [
       78.67819614772316,
       59.94228859068348
      ],
      [
       78.66632370682319,
       59.97418233220401
      ],
      [
       78.60701653003771,
       59.967724446102174
      ],
      [
       78.54770934881843,
       59.961266511990736
      ],
      [
       78.48840225258692,
       59.954808613122346
      ],
      [
       78.42909509095641,
       59.94835072225316
      ]
     ]
    ]
   },
   "properties": {
    "event_id": "CH4-WSP-111",
    "datetime_utc": "2025-06-28T06:41:11Z",
    "date_utc": "2025-06-28",
    "year": 2025,
    "month": 6,
    "centroid_lon": 78.65462110992725,
    "centroid_lat": 59.89536861441278,
    "area_km2": 292.807735145585,
    "n_pixels": 6,
    "max_z": 5.198673928657561,
    "mean_z": 4.40504206710612,
    "max_delta": 25.868332963335206,
    "mean_delta": 9.070807532856499,
    "artifact_likely": 0,
    "corr_albedo": 0.2666777197565881,
    "nearest_source_type": "viirs_flare_high",
    "nearest_source_distance_km": 25.571833371385583,
    "matched_schuit_150km": 0,
    "matched_mars_150km": 0,
    "algorithm_version": "2.3.2",
    "config_id": "default_combine",
    "params_hash": "5848063735cfe708308a6d70be6c07a758abc5a37d945b71e43ac68520b85b19",
    "run_id": "default_combine_2025_combined_58480637",
    "aoi_boundary": "zapsib",
    "artifact_likely_albedo_positive": 0,
    "build_date": "2026-05-23",
    "cluster_id": 1997159792731,
    "cluster_overlap_snow_fraction": 0,
    "count": 6,
    "enrichment_method": "numpy_eigh_with_cos_lat",
    "enrichment_stage": "axis_v1",
    "event_class": "wind_ambiguous",
    "inside_reference_clean_zone": 0,
    "intermediate_asset": "projects/nodal-thunder-481307-u1/assets/RuPlumeScan/catalog/CH4/events_2025_intermediate",
    "nearest_source_id": "viirs_0455",
    "orbit_date_millis": 1751092871000,
    "plume_axis_deg": 80.90958436896577,
    "qa_flags": "",
    "rna_version": "1.2",
    "stage_2_run_date": "2026-05-23T03:00:25.260694+00:00",
    "stage_3_match_radius_km": 150,
    "stage_3_run_date": "2026-05-23",
    "stage_3b_rescope_date": "2026-06-20",
    "surface_confounded_dark": 0,
    "td0044_reclassified": null,
    "wind_alignment_score": 0.24419140749937496,
    "wind_consistency_diff_deg": 54.18091953048844,
    "wind_consistent": 0,
    "wind_dir_deg": 328.932357694022,
    "wind_level": "10m",
    "wind_levels_inconsistent_qa": 1,
    "wind_source": "ERA5_HOURLY_10m",
    "wind_speed": 2.4812168730944997,
    "wind_state": "misaligned",
    "wind_u": -2.12530779838562,
    "wind_u_850hPa": -0.19268798828125,
    "wind_v": 1.2804311513900757,
    "wind_v_850hPa": 2.3182220458984375,
    "zone_boundary_step_ppb": null
   }
  },
  {
   "type": "Feature",
   "geometry": {
    "type": "Polygon",
    "coordinates": [
     [
      [
       73.37733935321972,
       62.778671537819314
      ],
      [
       73.39153939145436,
       62.75544125965504
      ],
      [
       73.40573943127383,
       62.73221101784844
      ],
      [
       73.4199393011547,
       62.708980799473096
      ],
      [
       73.43413936773291,
       62.68575056452334
      ],
      [
       73.44833945911203,
       62.662520300069566
      ],
      [
       73.46253934225707,
       62.639290078145606
      ],
      [
       73.47673944438557,
       62.616059773772164
      ],
      [
       73.4909394707319,
       62.59282954383326
      ],
      [
       73.55443703750069,
       62.60197965333492
      ],
      [
       73.61793459865235,
       62.61112973789586
      ],
      [
       73.64102720485647,
       62.57233660312731
      ],
      [
       73.66411969227538,
       62.53354357668749
      ],
      [
       73.68721228180493,
       62.49475053839534
      ],
      [
       73.7103049747898,
       62.4559574341049
      ],
      [
       73.73339749458816,
       62.41716436078973
      ],
      [
       73.75648999993521,
       62.3783712832763
      ],
      [
       73.77958258815188,
       62.339578251214036
      ],
      [
       73.80267510347564,
       62.3007851919213
      ],
      [
       73.86565769994833,
       62.30973795378391
      ],
      [
       73.92864028297336,
       62.318690742031045
      ],
      [
       73.99162295088915,
       62.32764349842211
      ],
      [
       74.05460543002752,
       62.336596212852186
      ],
      [
       74.03650816874337,
       62.36768400856913
      ],
      [
       74.01841091693784,
       62.39877173809663
      ],
      [
       74.00031364528905,
       62.42985947008215
      ],
      [
       73.98221638365452,
       62.460947188138306
      ],
      [
       74.04557352747292,
       62.469834198541434
      ],
      [
       74.10893068778994,
       62.47872115424011
      ],
      [
       74.09080226091343,
       62.509805528966
      ],
      [
       74.07267376206906,
       62.54088997506328
      ],
      [
       74.05454528043732,
       62.57197439106433
      ],
      [
       74.03641684612423,
       62.6030587606739
      ],
      [
       73.97284120018338,
       62.594100378649564
      ],
      [
       73.90926555198197,
       62.585142058163605
      ],
      [
       73.84568986032542,
       62.57618377176074
      ],
      [
       73.78211430241646,
       62.56722542565508
      ],
      [
       73.76356436098936,
       62.59825294717287
      ],
      [
       73.74501452108144,
       62.62928043714564
      ],
      [
       73.72646469189966,
       62.66030805000369
      ],
      [
       73.70791486717714,
       62.69133558125464
      ],
      [
       73.77170674368517,
       62.7003675155017
      ],
      [
       73.83549864829396,
       62.70939940443896
      ],
      [
       73.81695549011802,
       62.74043026366336
      ],
      [
       73.79841234241783,
       62.77146114219023
      ],
      [
       73.73453001041776,
       62.76237683669386
      ],
      [
       73.67064781306888,
       62.753292523890835
      ],
      [
       73.60676564654973,
       62.74420826072967
      ],
      [
       73.54288352973239,
       62.735123934024024
      ],
      [
       73.52399703583531,
       62.76610575902688
      ],
      [
       73.50511048285159,
       62.79708761365342
      ],
      [
       73.44122493908964,
       62.787879593817955
      ],
      [
       73.37733935321972,
       62.778671537819314
      ]
     ]
    ]
   },
   "properties": {
    "event_id": "CH4-WSP-112",
    "datetime_utc": "2025-07-30T06:40:19Z",
    "date_utc": "2025-07-30",
    "year": 2025,
    "month": 7,
    "centroid_lon": 73.77090898832945,
    "centroid_lat": 62.55165476481067,
    "area_km2": 828.5368268437088,
    "n_pixels": 17,
    "max_z": 5.6475072586371455,
    "mean_z": 4.461131782196845,
    "max_delta": 60.555917122019764,
    "mean_delta": 23.043811410377693,
    "artifact_likely": 0,
    "corr_albedo": -0.42415839821777274,
    "nearest_source_type": "viirs_flare_high",
    "nearest_source_distance_km": 32.94297327437793,
    "matched_schuit_150km": 0,
    "matched_mars_150km": 1,
    "algorithm_version": "2.3.2",
    "config_id": "default_combine",
    "params_hash": "5848063735cfe708308a6d70be6c07a758abc5a37d945b71e43ac68520b85b19",
    "run_id": "default_combine_2025_combined_58480637",
    "aoi_boundary": "zapsib",
    "artifact_likely_albedo_positive": 0,
    "build_date": "2026-05-23",
    "cluster_id": 1786706395255,
    "cluster_overlap_snow_fraction": 0,
    "count": 17,
    "enrichment_method": "numpy_eigh_with_cos_lat",
    "enrichment_stage": "axis_v1",
    "event_class": "wind_ambiguous",
    "inside_reference_clean_zone": 0,
    "intermediate_asset": "projects/nodal-thunder-481307-u1/assets/RuPlumeScan/catalog/CH4/events_2025_intermediate",
    "nearest_source_id": "viirs_0279",
    "orbit_date_millis": 1753857619000,
    "plume_axis_deg": 152.21623881302443,
    "qa_flags": "zone_boundary_adjustment_applied",
    "rna_version": "1.2",
    "stage_2_run_date": "2026-05-23T03:00:25.260694+00:00",
    "stage_3_match_radius_km": 150,
    "stage_3_run_date": "2026-05-23",
    "stage_3b_rescope_date": "2026-06-20",
    "surface_confounded_dark": 0,
    "td0044_reclassified": null,
    "wind_alignment_score": 0.19507362032285902,
    "wind_consistency_diff_deg": 43.08713311364619,
    "wind_consistent": 0,
    "wind_dir_deg": 44.65961298396712,
    "wind_level": "10m",
    "wind_levels_inconsistent_qa": 0,
    "wind_source": "ERA5_HOURLY_10m",
    "wind_speed": 6.825746598871941,
    "wind_state": "misaligned",
    "wind_u": -4.8551201820373535,
    "wind_u_850hPa": -9.562088012695312,
    "wind_v": -4.7977728843688965,
    "wind_v_850hPa": -0.2624969482421875,
    "zone_boundary_step_ppb": 16
   }
  },
  {
   "type": "Feature",
   "geometry": {
    "type": "MultiPolygon",
    "coordinates": [
     [
      [
       [
        77.50246719166194,
        64.87726271336706
       ],
       [
        77.48682910048316,
        64.90865927177981
       ],
       [
        77.47119097278805,
        64.94005579274206
       ],
       [
        77.43593959330494,
        64.93654757970278
       ],
       [
        77.40068806162311,
        64.93303938132568
       ],
       [
        77.36543676171598,
        64.92953113574703
       ],
       [
        77.33018524547002,
        64.926022985937
       ],
       [
        77.34598833888313,
        64.89464423518955
       ],
       [
        77.36179136766451,
        64.86326556877452
       ],
       [
        77.39696043521914,
        64.86676483261058
       ],
       [
        77.4321292943766,
        64.87026412869169
       ],
       [
        77.46729817160453,
        64.87376338716251
       ],
       [
        77.50246719166194,
        64.87726271336706
       ]
      ]
     ],
     [
      [
       [
        77.50246719166194,
        64.87726271336706
       ],
       [
        77.5217293708847,
        64.83798746435038
       ],
       [
        77.54099155058255,
        64.79871225120797
       ],
       [
        77.56025367757181,
        64.7594371121461
       ],
       [
        77.5795159670091,
        64.72016192426946
       ],
       [
        77.59877819673024,
        64.68088671151014
       ],
       [
        77.61804031342228,
        64.64161151218437
       ],
       [
        77.63730248083223,
        64.60233629113773
       ],
       [
        77.65656464486341,
        64.5630610866668
       ],
       [
        77.72616687554027,
        64.5699035713618
       ],
       [
        77.79576902318529,
        64.57674605781153
       ],
       [
        77.8107938272464,
        64.54528707006766
       ],
       [
        77.82581886525689,
        64.51382814727842
       ],
       [
        77.89533171509528,
        64.52057693701099
       ],
       [
        77.96484459967196,
        64.5273258399458
       ],
       [
        77.94987159551515,
        64.55878869617611
       ],
       [
        77.93489850866891,
        64.5902515524861
       ],
       [
        77.9199253658932,
        64.62171438868732
       ],
       [
        77.90495231269965,
        64.65317728630552
       ],
       [
        77.88997925761706,
        64.68464012352803
       ],
       [
        77.87500601107516,
        64.71610295412168
       ],
       [
        77.86003288620627,
        64.74756587360807
       ],
       [
        77.84505984023453,
        64.77902867229497
       ],
       [
        77.77489584333397,
        64.77221744589498
       ],
       [
        77.70473186826541,
        64.76540617537647
       ],
       [
        77.68937372697124,
        64.79683054560579
       ],
       [
        77.67401538779168,
        64.82825492795524
       ],
       [
        77.65865721527426,
        64.85967933113456
       ],
       [
        77.64329889927845,
        64.89110370710708
       ],
       [
        77.60809103048753,
        64.8876434780845
       ],
       [
        77.57288308749135,
        64.8841832042398
       ],
       [
        77.53767501372963,
        64.88072297006595
       ],
       [
        77.50246719166194,
        64.87726271336706
       ]
      ]
     ]
    ]
   },
   "properties": {
    "event_id": "CH4-WSP-113",
    "datetime_utc": "2025-07-30T06:40:19Z",
    "date_utc": "2025-07-30",
    "year": 2025,
    "month": 7,
    "centroid_lon": 77.70088353976197,
    "centroid_lat": 64.71236931343675,
    "area_km2": 487.068112424785,
    "n_pixels": 10,
    "max_z": 3.798688854434936,
    "mean_z": 3.362873932733323,
    "max_delta": 36.88112272554372,
    "mean_delta": 25.81402398971758,
    "artifact_likely": 0,
    "corr_albedo": -0.5369096097368853,
    "nearest_source_type": "viirs_flare_high",
    "nearest_source_distance_km": 22.607850423368397,
    "matched_schuit_150km": 0,
    "matched_mars_150km": 1,
    "algorithm_version": "2.3.2",
    "config_id": "default_combine",
    "params_hash": "5848063735cfe708308a6d70be6c07a758abc5a37d945b71e43ac68520b85b19",
    "run_id": "default_combine_2025_combined_58480637",
    "aoi_boundary": "zapsib",
    "artifact_likely_albedo_positive": 0,
    "build_date": "2026-05-23",
    "cluster_id": 1675037245524,
    "cluster_overlap_snow_fraction": 0,
    "count": 10,
    "enrichment_method": "numpy_eigh_with_cos_lat",
    "enrichment_stage": "axis_v1",
    "event_class": "wind_ambiguous",
    "inside_reference_clean_zone": 0,
    "intermediate_asset": "projects/nodal-thunder-481307-u1/assets/RuPlumeScan/catalog/CH4/events_2025_intermediate",
    "nearest_source_id": "viirs_0215",
    "orbit_date_millis": 1753857619000,
    "plume_axis_deg": 153.88853152637168,
    "qa_flags": "",
    "rna_version": "1.2",
    "stage_2_run_date": "2026-05-23T03:00:25.260694+00:00",
    "stage_3_match_radius_km": 150,
    "stage_3_run_date": "2026-05-23",
    "stage_3b_rescope_date": "2026-06-20",
    "surface_confounded_dark": 1,
    "td0044_reclassified": null,
    "wind_alignment_score": 0.02551434415552789,
    "wind_consistency_diff_deg": 29.586431903035646,
    "wind_consistent": 0,
    "wind_dir_deg": 61.592240552374165,
    "wind_level": "10m",
    "wind_levels_inconsistent_qa": 0,
    "wind_source": "ERA5_HOURLY_10m",
    "wind_speed": 5.693481870845217,
    "wind_state": "misaligned",
    "wind_u": -2.7086360454559326,
    "wind_u_850hPa": -5.7261505126953125,
    "wind_v": -5.007896423339844,
    "wind_v_850hPa": -3.5789031982421875,
    "zone_boundary_step_ppb": null
   }
  },
  {
   "type": "Feature",
   "geometry": {
    "type": "Polygon",
    "coordinates": [
     [
      [
       69.71012115851083,
       59.617868994544985
      ],
      [
       69.72559418764496,
       59.59495422339938
      ],
      [
       69.74106730518575,
       59.572039418570824
      ],
      [
       69.75654042961493,
       59.54912466650731
      ],
      [
       69.77201347209889,
       59.52620986881361
      ],
      [
       69.7874864955384,
       59.50329513518987
      ],
      [
       69.80295955493047,
       59.48038039045632
      ],
      [
       69.81843263706365,
       59.457465640270264
      ],
      [
       69.83390579652173,
       59.4345508094931
      ],
      [
       69.88979389741806,
       59.445749860346254
      ],
      [
       69.94568204224005,
       59.45694891635658
      ],
      [
       69.96605789832242,
       59.42634836331451
      ],
      [
       69.98643388142074,
       59.395747737212844
      ],
      [
       70.04230631430498,
       59.406866494433466
      ],
      [
       70.09817884788305,
       59.41798523339511
      ],
      [
       70.07777788173775,
       59.4485847684299
      ],
      [
       70.05737704740383,
       59.47918418067242
      ],
      [
       70.03697603102516,
       59.50978367641123
      ],
      [
       70.0165750742915,
       59.540383183649794
      ],
      [
       69.99617413184129,
       59.57098258472001
      ],
      [
       69.97577324381174,
       59.60158205073699
      ],
      [
       69.95537229677939,
       59.6321815450419
      ],
      [
       69.93497132133021,
       59.6627810538776
      ],
      [
       69.87875880899536,
       59.65155301899551
      ],
      [
       69.822546222093,
       59.64032494222
      ],
      [
       69.76633368423242,
       59.629097004715426
      ],
      [
       69.71012115851083,
       59.617868994544985
      ]
     ]
    ]
   },
   "properties": {
    "event_id": "CH4-WSP-114",
    "datetime_utc": "2025-09-06T06:24:37Z",
    "date_utc": "2025-09-06",
    "year": 2025,
    "month": 9,
    "centroid_lon": 69.90382475267045,
    "centroid_lat": 59.53277084944846,
    "area_km2": 340.8673427304032,
    "n_pixels": 7,
    "max_z": 8.815836725994306,
    "mean_z": 5.706988174527402,
    "max_delta": 13.089752252297558,
    "mean_delta": 5.545861239789144,
    "artifact_likely": 0,
    "corr_albedo": -0.06419228613681385,
    "nearest_source_type": "viirs_flare_low",
    "nearest_source_distance_km": 8.97182243172096,
    "matched_schuit_150km": 0,
    "matched_mars_150km": 1,
    "algorithm_version": "2.3.2",
    "config_id": "default_combine",
    "params_hash": "5848063735cfe708308a6d70be6c07a758abc5a37d945b71e43ac68520b85b19",
    "run_id": "default_combine_2025_combined_58480637",
    "aoi_boundary": "zapsib",
    "artifact_likely_albedo_positive": 0,
    "build_date": "2026-05-23",
    "cluster_id": 1928440316068,
    "cluster_overlap_snow_fraction": 0,
    "count": 7,
    "enrichment_method": "numpy_eigh_with_cos_lat",
    "enrichment_stage": "axis_v1",
    "event_class": "CH4_only",
    "inside_reference_clean_zone": 0,
    "intermediate_asset": "projects/nodal-thunder-481307-u1/assets/RuPlumeScan/catalog/CH4/events_2025_intermediate",
    "nearest_source_id": "viirs_0343",
    "orbit_date_millis": 1757139877000,
    "plume_axis_deg": 164.27256714735466,
    "qa_flags": "",
    "rna_version": "1.2",
    "stage_2_run_date": "2026-05-23T03:00:25.260694+00:00",
    "stage_3_match_radius_km": 150,
    "stage_3_run_date": "2026-05-23",
    "stage_3b_rescope_date": "2026-06-20",
    "surface_confounded_dark": 0,
    "td0044_reclassified": null,
    "wind_alignment_score": 0.6270236717612224,
    "wind_consistency_diff_deg": 15.174932531281115,
    "wind_consistent": null,
    "wind_dir_deg": 17.840436688844648,
    "wind_level": "10m",
    "wind_levels_inconsistent_qa": 0,
    "wind_source": "ERA5_HOURLY_10m",
    "wind_speed": 1.2776204296261544,
    "wind_state": "insufficient_wind",
    "wind_u": -1.2161840200424194,
    "wind_u_850hPa": -3.2366180419921875,
    "wind_v": -0.39142099022865295,
    "wind_v_850hPa": -2.103118896484375,
    "zone_boundary_step_ppb": null
   }
  },
  {
   "type": "Feature",
   "geometry": {
    "type": "Polygon",
    "coordinates": [
     [
      [
       70.64100749145034,
       60.144582459178196
      ],
      [
       70.66114475436038,
       60.11390383708174
      ],
      [
       70.68128209185998,
       60.083225196911776
      ],
      [
       70.73865523290405,
       60.093951573053005
      ],
      [
       70.79602822254915,
       60.104677964804914
      ],
      [
       70.81598491296558,
       60.073968108278045
      ],
      [
       70.8359416202011,
       60.04325824416064
      ],
      [
       70.89329226890952,
       60.053902128168936
      ],
      [
       70.95064309422621,
       60.06454604984911
      ],
      [
       70.93078674837605,
       60.095275900168225
      ],
      [
       70.9109303308011,
       60.12600579166898
      ],
      [
       70.96846161862854,
       60.13660729629333
      ],
      [
       71.02599295109775,
       60.14720881802012
      ],
      [
       71.04574900916786,
       60.11645888423345
      ],
      [
       71.06550503791969,
       60.08570887665135
      ],
      [
       71.1230531249291,
       60.09619787417852
      ],
      [
       71.1806010824971,
       60.10668671406745
      ],
      [
       71.2381492490069,
       60.117175651325844
      ],
      [
       71.29569728086413,
       60.12766456550519
      ],
      [
       71.27614847693748,
       60.15845244745423
      ],
      [
       71.25659984309424,
       60.18924031649764
      ],
      [
       71.31440756179299,
       60.19962336743132
      ],
      [
       71.37221533325312,
       60.210006364615005
      ],
      [
       71.43002318741235,
       60.220389334089376
      ],
      [
       71.4878309438242,
       60.2307723630869
      ],
      [
       71.46837040922722,
       60.26158252709548
      ],
      [
       71.44890968716332,
       60.29239269475373
      ],
      [
       71.42944910175443,
       60.32320289343995
      ],
      [
       71.40998845398855,
       60.3540129832454
      ],
      [
       71.35193312016823,
       60.343623349810294
      ],
      [
       71.29387795808562,
       60.333233628281945
      ],
      [
       71.31348230932342,
       60.30244793971371
      ],
      [
       71.3330866897233,
       60.271662363692116
      ],
      [
       71.2897414988499,
       60.26379035312344
      ],
      [
       71.24639629862295,
       60.25591835977498
      ],
      [
       71.2030510759886,
       60.24804637245397
      ],
      [
       71.15970581796755,
       60.24017437995206
      ],
      [
       71.11636051165547,
       60.2323023710453
      ],
      [
       71.07301522565537,
       60.22443043831466
      ],
      [
       71.0296700777006,
       60.21655840638029
      ],
      [
       70.98632471194905,
       60.20868648861739
      ],
      [
       70.96641040124712,
       60.23941191981513
      ],
      [
       70.94649600485381,
       60.270137352263376
      ],
      [
       70.88875959197698,
       60.25949571969652
      ],
      [
       70.83102327117999,
       60.2488540445611
      ],
      [
       70.85104020470594,
       60.21814865786206
      ],
      [
       70.87105707078067,
       60.18744330499311
      ],
      [
       70.81354463265562,
       60.17672807536025
      ],
      [
       70.75603225257119,
       60.16601283111815
      ],
      [
       70.69851998017486,
       60.15529764946885
      ],
      [
       70.64100749145034,
       60.144582459178196
      ]
     ]
    ]
   },
   "properties": {
    "event_id": "CH4-WSP-115",
    "datetime_utc": "2025-09-06T06:24:37Z",
    "date_utc": "2025-09-06",
    "year": 2025,
    "month": 9,
    "centroid_lon": 71.0767587203745,
    "centroid_lat": 60.185059465586505,
    "area_km2": 584.5028735900428,
    "n_pixels": 12,
    "max_z": 16.569762849846544,
    "mean_z": 10.977842910576024,
    "max_delta": 33.55913005538264,
    "mean_delta": 19.021688077003876,
    "artifact_likely": 0,
    "corr_albedo": -0.24168994359087814,
    "nearest_source_type": "viirs_flare_high",
    "nearest_source_distance_km": 16.270685279773534,
    "matched_schuit_150km": 0,
    "matched_mars_150km": 0,
    "algorithm_version": "2.3.2",
    "config_id": "default_combine",
    "params_hash": "5848063735cfe708308a6d70be6c07a758abc5a37d945b71e43ac68520b85b19",
    "run_id": "default_combine_2025_combined_58480637",
    "aoi_boundary": "zapsib",
    "artifact_likely_albedo_positive": 0,
    "build_date": "2026-05-23",
    "cluster_id": 1902670512277,
    "cluster_overlap_snow_fraction": 0,
    "count": 12,
    "enrichment_method": "numpy_eigh_with_cos_lat",
    "enrichment_stage": "axis_v1",
    "event_class": "CH4_only",
    "inside_reference_clean_zone": 0,
    "intermediate_asset": "projects/nodal-thunder-481307-u1/assets/RuPlumeScan/catalog/CH4/events_2025_intermediate",
    "nearest_source_id": "viirs_0316",
    "orbit_date_millis": 1757139877000,
    "plume_axis_deg": 62.37224558418227,
    "qa_flags": "",
    "rna_version": "1.2",
    "stage_2_run_date": "2026-05-23T03:00:25.260694+00:00",
    "stage_3_match_radius_km": 150,
    "stage_3_run_date": "2026-05-23",
    "stage_3b_rescope_date": "2026-06-20",
    "surface_confounded_dark": 0,
    "td0044_reclassified": null,
    "wind_alignment_score": 0.9229804772498709,
    "wind_consistency_diff_deg": 20.712360299102727,
    "wind_consistent": null,
    "wind_dir_deg": 69.30400263169389,
    "wind_level": "10m",
    "wind_levels_inconsistent_qa": 0,
    "wind_source": "ERA5_HOURLY_10m",
    "wind_speed": 0.8516526943228255,
    "wind_state": "insufficient_wind",
    "wind_u": -0.30098214745521545,
    "wind_u_850hPa": 0.0016632080078125,
    "wind_v": -0.7966944575309753,
    "wind_v_850hPa": -5.823822021484375,
    "zone_boundary_step_ppb": null
   }
  },
  {
   "type": "Feature",
   "geometry": {
    "type": "Polygon",
    "coordinates": [
     [
      [
       71.602670642425,
       59.428263497401154
      ],
      [
       71.61666780375407,
       59.40507170500311
      ],
      [
       71.63066491853372,
       59.3818799517489
      ],
      [
       71.64466203640835,
       59.358688162760316
      ],
      [
       71.65865914479855,
       59.33549634512215
      ],
      [
       71.67265616931792,
       59.31230458784823
      ],
      [
       71.68665330144627,
       59.28911283674347
      ],
      [
       71.70065044808553,
       59.2659209963212
      ],
      [
       71.71464761512584,
       59.24272925810932
      ],
      [
       71.75683957485138,
       59.25032811899687
      ],
      [
       71.79903155395036,
       59.25792698136959
      ],
      [
       71.84122356297856,
       59.26552585519255
      ],
      [
       71.88341567365349,
       59.27312466839319
      ],
      [
       71.92560763248026,
       59.28072357460009
      ],
      [
       71.96779971410727,
       59.28832244009362
      ],
      [
       72.0099917263586,
       59.295921336587035
      ],
      [
       72.05218374067951,
       59.30352019198893
      ],
      [
       72.03389019500783,
       59.33450868096214
      ],
      [
       72.01559677747463,
       59.36549718588766
      ],
      [
       71.95916907891267,
       59.35540846605392
      ],
      [
       71.90274135538651,
       59.345319749638584
      ],
      [
       71.88424064796828,
       59.3762726391962
      ],
      [
       71.8657397733149,
       59.40722547081471
      ],
      [
       71.84723898449376,
       59.438178350420486
      ],
      [
       71.8287382302926,
       59.46913115849404
      ],
      [
       71.77222122706289,
       59.45891426006708
      ],
      [
       71.71570440720173,
       59.448697380234464
      ],
      [
       71.65918745912225,
       59.43848045362234
      ],
      [
       71.602670642425,
       59.428263497401154
      ]
     ]
    ]
   },
   "properties": {
    "event_id": "CH4-WSP-116",
    "datetime_utc": "2025-09-06T06:24:37Z",
    "date_utc": "2025-09-06",
    "year": 2025,
    "month": 9,
    "centroid_lon": 71.80094403811539,
    "centroid_lat": 59.351386413961976,
    "area_km2": 341.39065223294784,
    "n_pixels": 7,
    "max_z": 9.039433759097278,
    "mean_z": 6.76156592747367,
    "max_delta": 15.072318321893135,
    "mean_delta": 10.369453637295631,
    "artifact_likely": 1,
    "corr_albedo": 0.5060255247966267,
    "nearest_source_type": "viirs_flare_high",
    "nearest_source_distance_km": 12.16445982015002,
    "matched_schuit_150km": 0,
    "matched_mars_150km": 1,
    "algorithm_version": "2.3.2",
    "config_id": "default_combine",
    "params_hash": "5848063735cfe708308a6d70be6c07a758abc5a37d945b71e43ac68520b85b19",
    "run_id": "default_combine_2025_combined_58480637",
    "aoi_boundary": "zapsib",
    "artifact_likely_albedo_positive": 1,
    "build_date": "2026-05-23",
    "cluster_id": 1971389989013,
    "cluster_overlap_snow_fraction": 0,
    "count": 7,
    "enrichment_method": "numpy_eigh_with_cos_lat",
    "enrichment_stage": "axis_v1",
    "event_class": "wind_ambiguous",
    "inside_reference_clean_zone": 0,
    "intermediate_asset": "projects/nodal-thunder-481307-u1/assets/RuPlumeScan/catalog/CH4/events_2025_intermediate",
    "nearest_source_id": "viirs_0387",
    "orbit_date_millis": 1757139877000,
    "plume_axis_deg": 143.7627478216615,
    "qa_flags": "",
    "rna_version": "1.2",
    "stage_2_run_date": "2026-05-23T03:00:25.260694+00:00",
    "stage_3_match_radius_km": 150,
    "stage_3_run_date": "2026-05-23",
    "stage_3b_rescope_date": "2026-06-20",
    "surface_confounded_dark": 0,
    "td0044_reclassified": null,
    "wind_alignment_score": 0.15790666398324016,
    "wind_consistency_diff_deg": 35.37642610603774,
    "wind_consistent": 0,
    "wind_dir_deg": 39.551148063169876,
    "wind_level": "10m",
    "wind_levels_inconsistent_qa": 0,
    "wind_source": "ERA5_HOURLY_10m",
    "wind_speed": 3.1904267087315663,
    "wind_state": "misaligned",
    "wind_u": -2.4599990844726562,
    "wind_u_850hPa": -1.4495086669921875,
    "wind_v": -2.03155779838562,
    "wind_v_850hPa": -5.382415771484375,
    "zone_boundary_step_ppb": null
   }
  },
  {
   "type": "Feature",
   "geometry": {
    "type": "MultiPolygon",
    "coordinates": [
     [
      [
       [
        72.61548854749722,
        61.58046197316289
       ],
       [
        72.63453343881639,
        61.54953818991501
       ],
       [
        72.65357826824363,
        61.518614290534366
       ],
       [
        72.7144627551739,
        61.52824146637764
       ],
       [
        72.77534732536738,
        61.53786863462828
       ],
       [
        72.75641847918791,
        61.56881040740979
       ],
       [
        72.73748952152258,
        61.59975211780932
       ],
       [
        72.67648903225023,
        61.59010705088281
       ],
       [
        72.61548854749722,
        61.58046197316289
       ]
      ]
     ],
     [
      [
       [
        72.61548854749722,
        61.58046197316289
       ],
       [
        72.59636350950728,
        61.61137475286
       ],
       [
        72.57723837718578,
        61.64228745588079
       ],
       [
        72.63839617189524,
        61.65192020719972
       ],
       [
        72.69955383966575,
        61.661552999217676
       ],
       [
        72.76071147997172,
        61.67118577546425
       ],
       [
        72.82186912958291,
        61.68081856326996
       ],
       [
        72.80289783273352,
        61.71175802478981
       ],
       [
        72.78392668185727,
        61.74269751353167
       ],
       [
        72.73800061748837,
        61.73543363759334
       ],
       [
        72.69207473445762,
        61.728169744245456
       ],
       [
        72.64614880064178,
        61.72090588597595
       ],
       [
        72.60022286314087,
        61.71364196715963
       ],
       [
        72.5542968433912,
        61.70637806004018
       ],
       [
        72.50837096953649,
        61.69911427712776
       ],
       [
        72.46244489153814,
        61.69185037847511
       ],
       [
        72.41651899140557,
        61.684586496963774
       ],
       [
        72.43584254166167,
        61.65370270876496
       ],
       [
        72.45516603707253,
        61.62281901763999
       ],
       [
        72.39425468628286,
        61.612987843538455
       ],
       [
        72.33334334836198,
        61.6031566289196
       ],
       [
        72.2724321398289,
        61.59332536652151
       ],
       [
        72.21152074292068,
        61.58349417542268
       ],
       [
        72.23099595938618,
        61.55263941639946
       ],
       [
        72.25047104299425,
        61.52178466997806
       ],
       [
        72.29609817660332,
        61.52911937020727
       ],
       [
        72.34172541433928,
        61.53645400640887
       ],
       [
        72.38735255492318,
        61.54378865342088
       ],
       [
        72.4329797666444,
        61.55112334322526
       ],
       [
        72.47860697535366,
        61.5584579833738
       ],
       [
        72.52423413323112,
        61.56579266923914
       ],
       [
        72.5698613188294,
        61.573127328654586
       ],
       [
        72.61548854749722,
        61.58046197316289
       ]
      ]
     ]
    ]
   },
   "properties": {
    "event_id": "CH4-WSP-117",
    "datetime_utc": "2025-09-11T06:30:27Z",
    "date_utc": "2025-09-11",
    "year": 2025,
    "month": 9,
    "centroid_lon": 72.54180379478571,
    "centroid_lat": 61.621972509663095,
    "area_km2": 340.9773804375569,
    "n_pixels": 7,
    "max_z": 6.1418905558033074,
    "mean_z": 4.532884621914718,
    "max_delta": 33.31640863297616,
    "mean_delta": 16.273683967568758,
    "artifact_likely": 0,
    "corr_albedo": 0.03744046658516238,
    "nearest_source_type": "gas_field",
    "nearest_source_distance_km": 27.889646917843976,
    "matched_schuit_150km": 0,
    "matched_mars_150km": 1,
    "algorithm_version": "2.3.2",
    "config_id": "default_combine",
    "params_hash": "5848063735cfe708308a6d70be6c07a758abc5a37d945b71e43ac68520b85b19",
    "run_id": "default_combine_2025_combined_58480637",
    "aoi_boundary": "zapsib",
    "artifact_likely_albedo_positive": 0,
    "build_date": "2026-05-23",
    "cluster_id": 1829656068228,
    "cluster_overlap_snow_fraction": 0,
    "count": 7,
    "enrichment_method": "numpy_eigh_with_cos_lat",
    "enrichment_stage": "axis_v1",
    "event_class": "CH4_only",
    "inside_reference_clean_zone": 0,
    "intermediate_asset": "projects/nodal-thunder-481307-u1/assets/RuPlumeScan/catalog/CH4/events_2025_intermediate",
    "nearest_source_id": "ru_khmao_priobskoye",
    "orbit_date_millis": 1757572227000,
    "plume_axis_deg": 56.85606434342941,
    "qa_flags": "zone_boundary_adjustment_applied",
    "rna_version": "1.2",
    "stage_2_run_date": "2026-05-23T03:00:25.260694+00:00",
    "stage_3_match_radius_km": 150,
    "stage_3_run_date": "2026-05-23",
    "stage_3b_rescope_date": "2026-06-20",
    "surface_confounded_dark": 0,
    "td0044_reclassified": null,
    "wind_alignment_score": 0.8093988714628009,
    "wind_consistency_diff_deg": 17.739130756769782,
    "wind_consistent": 1,
    "wind_dir_deg": 74.01016591177734,
    "wind_level": "10m",
    "wind_levels_inconsistent_qa": 0,
    "wind_source": "ERA5_HOURLY_10m",
    "wind_speed": 6.483948166509824,
    "wind_state": "aligned",
    "wind_u": -1.7861124277114868,
    "wind_u_850hPa": -6.798187255859375,
    "wind_v": -6.23308801651001,
    "wind_v_850hPa": -10.182296752929688,
    "zone_boundary_step_ppb": 16
   }
  },
  {
   "type": "Feature",
   "geometry": {
    "type": "Polygon",
    "coordinates": [
     [
      [
       74.8620505007734,
       62.8488666612559
      ],
      [
       74.8794544822519,
       62.81767753343998
      ],
      [
       74.8968583372825,
       62.786488293934646
      ],
      [
       74.96124332284121,
       62.794871429914544
      ],
      [
       75.02562832389694,
       62.80325451545381
      ],
      [
       75.04282036111363,
       62.77204081239071
      ],
      [
       75.06001240875071,
       62.740827121079164
      ],
      [
       75.1243371775673,
       62.74912102999797
      ],
      [
       75.18866183175162,
       62.75741496192339
      ],
      [
       75.17160574136953,
       62.788648757249724
      ],
      [
       75.15454972372822,
       62.819882541128344
      ],
      [
       75.2190863031532,
       62.82812293834892
      ],
      [
       75.28362287715719,
       62.83636335889143
      ],
      [
       75.30054522054782,
       62.80511400490963
      ],
      [
       75.31746753976299,
       62.77386459732494
      ],
      [
       75.3819482538595,
       62.78201808698568
      ],
      [
       75.44642910416574,
       62.7901715120157
      ],
      [
       75.43378140879658,
       62.81361466708857
      ],
      [
       75.4211338080368,
       62.83705785963539
      ],
      [
       75.4084861561141,
       62.860501065369476
      ],
      [
       75.39583836193827,
       62.883944173913385
      ],
      [
       75.38319064374687,
       62.907387383130306
      ],
      [
       75.3705431246352,
       62.93083051343982
      ],
      [
       75.35789538880964,
       62.95427369572884
      ],
      [
       75.3452476622464,
       62.977716853139576
      ],
      [
       75.280361047104,
       62.969512114470334
      ],
      [
       75.21547447261376,
       62.96130738848652
      ],
      [
       75.19832027430121,
       62.9925277771766
      ],
      [
       75.18116617996284,
       63.0237481618243
      ],
      [
       75.116259470455,
       63.01541853663406
      ],
      [
       75.05135275469249,
       63.00708895157812
      ],
      [
       74.98644615049582,
       62.998759397590916
      ],
      [
       74.92153951439859,
       62.99042974530842
      ],
      [
       74.93892657888554,
       62.95923835126213
      ],
      [
       74.95631376978136,
       62.92804693155252
      ],
      [
       74.9737008985672,
       62.896855486123
      ],
      [
       74.9910880380304,
       62.86566413535661
      ],
      [
       74.92656921999699,
       62.85726541934347
      ],
      [
       74.8620505007734,
       62.8488666612559
      ]
     ]
    ]
   },
   "properties": {
    "event_id": "CH4-WSP-118",
    "datetime_utc": "2025-09-11T06:30:27Z",
    "date_utc": "2025-09-11",
    "year": 2025,
    "month": 9,
    "centroid_lon": 75.15116185604862,
    "centroid_lat": 62.88321341213744,
    "area_km2": 535.54711601981,
    "n_pixels": 11,
    "max_z": 85.46876989389955,
    "mean_z": 38.07521307225173,
    "max_delta": 518.5396517173658,
    "mean_delta": 164.6345897918836,
    "artifact_likely": 0,
    "corr_albedo": 0.11493450743002587,
    "nearest_source_type": "viirs_flare_low",
    "nearest_source_distance_km": 3.171475497719956,
    "matched_schuit_150km": 0,
    "matched_mars_150km": 1,
    "algorithm_version": "2.3.2",
    "config_id": "default_combine",
    "params_hash": "5848063735cfe708308a6d70be6c07a758abc5a37d945b71e43ac68520b85b19",
    "run_id": "default_combine_2025_combined_58480637",
    "aoi_boundary": "zapsib",
    "artifact_likely_albedo_positive": 0,
    "build_date": "2026-05-23",
    "cluster_id": 1773821493356,
    "cluster_overlap_snow_fraction": 0,
    "count": 11,
    "enrichment_method": "numpy_eigh_with_cos_lat",
    "enrichment_stage": "axis_v1",
    "event_class": "wind_ambiguous",
    "inside_reference_clean_zone": 0,
    "intermediate_asset": "projects/nodal-thunder-481307-u1/assets/RuPlumeScan/catalog/CH4/events_2025_intermediate",
    "nearest_source_id": "viirs_0267",
    "orbit_date_millis": 1757572227000,
    "plume_axis_deg": 130.16498458996296,
    "qa_flags": "zone_boundary_adjustment_applied",
    "rna_version": "1.2",
    "stage_2_run_date": "2026-05-23T03:00:25.260694+00:00",
    "stage_3_match_radius_km": 150,
    "stage_3_run_date": "2026-05-23",
    "stage_3b_rescope_date": "2026-06-20",
    "surface_confounded_dark": 0,
    "td0044_reclassified": null,
    "wind_alignment_score": 0.41030468286423916,
    "wind_consistency_diff_deg": 21.487434515252914,
    "wind_consistent": 0,
    "wind_dir_deg": 77.09240604774448,
    "wind_level": "10m",
    "wind_levels_inconsistent_qa": 0,
    "wind_source": "ERA5_HOURLY_10m",
    "wind_speed": 7.099659886584315,
    "wind_state": "misaligned",
    "wind_u": -1.5859171152114868,
    "wind_u_850hPa": -8.489593505859375,
    "wind_v": -6.920262813568115,
    "wind_v_850hPa": -12.401046752929688,
    "zone_boundary_step_ppb": 16
   }
  },
  {
   "type": "Feature",
   "geometry": {
    "type": "MultiPolygon",
    "coordinates": [
     [
      [
       [
        75.79986633332267,
        63.16715284435161
       ],
       [
        75.73439569160278,
        63.159197819918205
       ],
       [
        75.66892485279709,
        63.15124273849633
       ],
       [
        75.68560414756375,
        63.11996222596716
       ],
       [
        75.70228347947798,
        63.088681619995036
       ],
       [
        75.7676137920843,
        63.09661878633592
       ],
       [
        75.83294407380208,
        63.104556009592265
       ],
       [
        75.81640528066788,
        63.13585440689109
       ],
       [
        75.79986633332267,
        63.16715284435161
       ]
      ]
     ],
     [
      [
       [
        75.6997239751812,
        63.35484086207022
       ],
       [
        75.68283957952482,
        63.38609914723889
       ],
       [
        75.66595508713395,
        63.4173574625161
       ],
       [
        75.64907068814803,
        63.448615806523634
       ],
       [
        75.63218630549301,
        63.479874058526704
       ],
       [
        75.56604896834435,
        63.47179638562604
       ],
       [
        75.49991158637093,
        63.46371876270446
       ],
       [
        75.43377417151267,
        63.45564107687528
       ],
       [
        75.36763678604692,
        63.44756340466822
       ],
       [
        75.38480441097464,
        63.41633972821204
       ],
       [
        75.40197194990519,
        63.38511592139986
       ],
       [
        75.41913942310359,
        63.353892191051315
       ],
       [
        75.4363070185502,
        63.322668485214486
       ],
       [
        75.50216115575444,
        63.33071155911429
       ],
       [
        75.5680154482279,
        63.3387546718357
       ],
       [
        75.6338696167901,
        63.34679781616188
       ],
       [
        75.6997239751812,
        63.35484086207022
       ]
      ]
     ],
     [
      [
       [
        75.79986633332267,
        63.16715284435161
       ],
       [
        75.86541297571614,
        63.17503657150769
       ],
       [
        75.93095958780503,
        63.18292024973894
       ],
       [
        75.91854755408806,
        63.206393536738666
       ],
       [
        75.90613568714214,
        63.22986673414112
       ],
       [
        75.89372389158515,
        63.253340007052664
       ],
       [
        75.88131185898605,
        63.276813315379314
       ],
       [
        75.86889997582449,
        63.30028659731479
       ],
       [
        75.85648809399726,
        63.323759828921524
       ],
       [
        75.84407617122528,
        63.347233088873416
       ],
       [
        75.83166421937659,
        63.37070636942961
       ],
       [
        75.76569405211704,
        63.36277364116926
       ],
       [
        75.6997239751812,
        63.35484086207022
       ],
       [
        75.71649015477736,
        63.32356697788133
       ],
       [
        75.7332563680518,
        63.29229309834412
       ],
       [
        75.66754365286587,
        63.284268871918925
       ],
       [
        75.60183107175405,
        63.2762447317448
       ],
       [
        75.53611842180614,
        63.26822063547468
       ],
       [
        75.47040571650358,
        63.26019647086739
       ],
       [
        75.48737707833776,
        63.228949287692686
       ],
       [
        75.50434834686784,
        63.19770211548314
       ],
       [
        75.56992057495306,
        63.2057096036075
       ],
       [
        75.63549281435321,
        63.21371703518327
       ],
       [
        75.7010649458001,
        63.2217244194125
       ],
       [
        75.7666371160831,
        63.22973188476539
       ],
       [
        75.78325184078378,
        63.1984424190766
       ],
       [
        75.79986633332267,
        63.16715284435161
       ]
      ]
     ]
    ]
   },
   "properties": {
    "event_id": "CH4-WSP-119",
    "datetime_utc": "2025-09-11T06:30:27Z",
    "date_utc": "2025-09-11",
    "year": 2025,
    "month": 9,
    "centroid_lon": 75.65732537371971,
    "centroid_lat": 63.30302940831393,
    "area_km2": 486.8407230184793,
    "n_pixels": 10,
    "max_z": 14.567473745884328,
    "mean_z": 6.492828725875152,
    "max_delta": 42.2299307523615,
    "mean_delta": 19.386179697303312,
    "artifact_likely": 0,
    "corr_albedo": 0.0786773526224602,
    "nearest_source_type": "viirs_flare_low",
    "nearest_source_distance_km": 5.336050309994959,
    "matched_schuit_150km": 0,
    "matched_mars_150km": 1,
    "algorithm_version": "2.3.2",
    "config_id": "default_combine",
    "params_hash": "5848063735cfe708308a6d70be6c07a758abc5a37d945b71e43ac68520b85b19",
    "run_id": "default_combine_2025_combined_58480637",
    "aoi_boundary": "zapsib",
    "artifact_likely_albedo_positive": 0,
    "build_date": "2026-05-23",
    "cluster_id": 1752346656871,
    "cluster_overlap_snow_fraction": 0,
    "count": 10,
    "enrichment_method": "numpy_eigh_with_cos_lat",
    "enrichment_stage": "axis_v1",
    "event_class": "wind_ambiguous",
    "inside_reference_clean_zone": 0,
    "intermediate_asset": "projects/nodal-thunder-481307-u1/assets/RuPlumeScan/catalog/CH4/events_2025_intermediate",
    "nearest_source_id": "viirs_0257",
    "orbit_date_millis": 1757572227000,
    "plume_axis_deg": 154.5415863361507,
    "qa_flags": "",
    "rna_version": "1.2",
    "stage_2_run_date": "2026-05-23T03:00:25.260694+00:00",
    "stage_3_match_radius_km": 150,
    "stage_3_run_date": "2026-05-23",
    "stage_3b_rescope_date": "2026-06-20",
    "surface_confounded_dark": 0,
    "td0044_reclassified": null,
    "wind_alignment_score": 0.1465284174080551,
    "wind_consistency_diff_deg": 21.567960410194473,
    "wind_consistent": 0,
    "wind_dir_deg": 77.72914390287565,
    "wind_level": "10m",
    "wind_levels_inconsistent_qa": 0,
    "wind_source": "ERA5_HOURLY_10m",
    "wind_speed": 6.686966674547826,
    "wind_state": "misaligned",
    "wind_u": -1.42120361328125,
    "wind_u_850hPa": -8.870452880859375,
    "wind_v": -6.5341949462890625,
    "wind_v_850hPa": -13.231124877929688,
    "zone_boundary_step_ppb": null
   }
  },
  {
   "type": "Feature",
   "geometry": {
    "type": "Polygon",
    "coordinates": [
     [
      [
       76.73755732545239,
       61.5488336013092
      ],
      [
       76.75213308474486,
       61.51728883897116
      ],
      [
       76.76670878603029,
       61.48574399358458
      ],
      [
       76.7812845045901,
       61.45419918747938
      ],
      [
       76.79586006542704,
       61.42265442750505
      ],
      [
       76.85774352520073,
       61.43002532772054
      ],
      [
       76.91962702078246,
       61.43739620152699
      ],
      [
       76.90520843482525,
       61.46895993088314
      ],
      [
       76.89078996446673,
       61.50052371047235
      ],
      [
       76.9528628890316,
       61.507838854519925
      ],
      [
       77.01493571872432,
       61.51515405136767
      ],
      [
       76.99331469814973,
       61.56249626568286
      ],
      [
       76.97169370122111,
       61.60983859679745
      ],
      [
       76.95007256290168,
       61.65718085626682
      ],
      [
       76.92845142435735,
       61.704523157676824
      ],
      [
       76.86599518112753,
       61.69716337142077
      ],
      [
       76.80353877020747,
       61.68980365421051
      ],
      [
       76.81811208606362,
       61.65826106303845
      ],
      [
       76.8326857008399,
       61.626718470291976
      ],
      [
       76.84725908968916,
       61.59517593946306
      ],
      [
       76.86183262298525,
       61.563633349207855
      ],
      [
       76.79969493374848,
       61.55623352353059
      ],
      [
       76.73755732545239,
       61.5488336013092
      ]
     ]
    ]
   },
   "properties": {
    "event_id": "CH4-WSP-120",
    "datetime_utc": "2025-09-11T06:30:27Z",
    "date_utc": "2025-09-11",
    "year": 2025,
    "month": 9,
    "centroid_lon": 76.87711217659526,
    "centroid_lat": 61.55875408831372,
    "area_km2": 243.51374020909788,
    "n_pixels": 5,
    "max_z": 28.30466531287613,
    "mean_z": 21.45934182452617,
    "max_delta": 85.44326954036887,
    "mean_delta": 64.17125901569722,
    "artifact_likely": 0,
    "corr_albedo": -0.009771116813652211,
    "nearest_source_type": "viirs_flare_high",
    "nearest_source_distance_km": 20.128373508743497,
    "matched_schuit_150km": 0,
    "matched_mars_150km": 0,
    "algorithm_version": "2.3.2",
    "config_id": "default_combine",
    "params_hash": "5848063735cfe708308a6d70be6c07a758abc5a37d945b71e43ac68520b85b19",
    "run_id": "default_combine_2025_combined_58480637",
    "aoi_boundary": "zapsib",
    "artifact_likely_albedo_positive": 0,
    "build_date": "2026-05-23",
    "cluster_id": 1868310773861,
    "cluster_overlap_snow_fraction": 0,
    "count": 5,
    "enrichment_method": "numpy_eigh_with_cos_lat",
    "enrichment_stage": "axis_v1",
    "event_class": "wind_ambiguous",
    "inside_reference_clean_zone": 0,
    "intermediate_asset": "projects/nodal-thunder-481307-u1/assets/RuPlumeScan/catalog/CH4/events_2025_intermediate",
    "nearest_source_id": "viirs_0393",
    "orbit_date_millis": 1757572227000,
    "plume_axis_deg": 12.229383210638822,
    "qa_flags": "zone_boundary_adjustment_applied",
    "rna_version": "1.2",
    "stage_2_run_date": "2026-05-23T03:00:25.260694+00:00",
    "stage_3_match_radius_km": 150,
    "stage_3_run_date": "2026-05-23",
    "stage_3b_rescope_date": "2026-06-20",
    "surface_confounded_dark": 0,
    "td0044_reclassified": null,
    "wind_alignment_score": 0.22184288268968388,
    "wind_consistency_diff_deg": 23.31037830551594,
    "wind_consistent": 0,
    "wind_dir_deg": 82.26352376856727,
    "wind_level": "10m",
    "wind_levels_inconsistent_qa": 0,
    "wind_source": "ERA5_HOURLY_10m",
    "wind_speed": 4.948541283907046,
    "wind_state": "misaligned",
    "wind_u": -0.6661580204963684,
    "wind_u_850hPa": -6.116546630859375,
    "wind_v": -4.90349817276001,
    "wind_v_850hPa": -10.160812377929688,
    "zone_boundary_step_ppb": 16
   }
  },
  {
   "type": "Feature",
   "geometry": {
    "type": "MultiPolygon",
    "coordinates": [
     [
      [
       [
        77.40132134495593,
        61.825226525691086
       ],
       [
        77.46421924373368,
        61.832254093997236
       ],
       [
        77.52711706692396,
        61.83928162110371
       ],
       [
        77.5131666921701,
        61.87089220992874
       ],
       [
        77.49921639878336,
        61.90250278068756
       ],
       [
        77.43618477748957,
        61.89546178011838
       ],
       [
        77.37315321008148,
        61.88842093624537
       ],
       [
        77.38723729518968,
        61.85682368698901
       ],
       [
        77.40132134495593,
        61.825226525691086
       ]
      ]
     ],
     [
      [
       [
        77.40132134495593,
        61.825226525691086
       ],
       [
        77.33851481046787,
        61.81809422622561
       ],
       [
        77.27570844028983,
        61.81096184375884
       ],
       [
        77.21290196472572,
        61.80382951720968
       ],
       [
        77.15009555575963,
        61.7966971545121
       ],
       [
        77.13575066195729,
        61.828265381175605
       ],
       [
        77.12140565796635,
        61.8598336497321
       ],
       [
        77.05856366363085,
        61.85258088361794
       ],
       [
        76.9957215077583,
        61.84532818550217
       ],
       [
        77.01016335931007,
        61.81377220366678
       ],
       [
        77.02460527472583,
        61.78221630885857
       ],
       [
        77.03904717275579,
        61.750660335609844
       ],
       [
        77.0534891304193,
        61.71910440625898
       ],
       [
        77.11607268774478,
        61.72632592830044
       ],
       [
        77.17865611877073,
        61.733547416906966
       ],
       [
        77.1928762408796,
        61.7019658430953
       ],
       [
        77.20709625142455,
        61.670384237036075
       ],
       [
        77.26961070547723,
        61.67752101324674
       ],
       [
        77.3321250510126,
        61.68465783612347
       ],
       [
        77.34612207975722,
        61.65304839843716
       ],
       [
        77.36011927821691,
        61.62143889712572
       ],
       [
        77.37411637866089,
        61.589829513021925
       ],
       [
        77.38811349471693,
        61.55822000935214
       ],
       [
        77.45046169934582,
        61.56522529717525
       ],
       [
        77.51280995621526,
        61.572230512039
       ],
       [
        77.57515824254754,
        61.57923575926957
       ],
       [
        77.6375066271023,
        61.5862409713847
       ],
       [
        77.62379921118443,
        61.61788281483028
       ],
       [
        77.61009195808745,
        61.64952459565935
       ],
       [
        77.67265986884942,
        61.65644067674789
       ],
       [
        77.73522776370805,
        61.66335669269405
       ],
       [
        77.72155940945822,
        61.69500072089391
       ],
       [
        77.7078912103141,
        61.72664469308123
       ],
       [
        77.6942229512796,
        61.75828874619487
       ],
       [
        77.68055470232096,
        61.78993277113226
       ],
       [
        77.6177560694074,
        61.78295425604852
       ],
       [
        77.55495745156846,
        61.77597571381773
       ],
       [
        77.49215873264484,
        61.76899729812784
       ],
       [
        77.42936017641344,
        61.762018744111764
       ],
       [
        77.41534075263931,
        61.79362265223667
       ],
       [
        77.40132134495593,
        61.825226525691086
       ]
      ]
     ]
    ]
   },
   "properties": {
    "event_id": "CH4-WSP-121",
    "datetime_utc": "2025-09-11T06:30:27Z",
    "date_utc": "2025-09-11",
    "year": 2025,
    "month": 9,
    "centroid_lon": 77.39854346691375,
    "centroid_lat": 61.72530358391496,
    "area_km2": 681.9119104801925,
    "n_pixels": 14,
    "max_z": 28.550596313396692,
    "mean_z": 13.868171664930928,
    "max_delta": 86.75826819739927,
    "mean_delta": 49.15683046733948,
    "artifact_likely": 0,
    "corr_albedo": -0.09050145278958717,
    "nearest_source_type": "viirs_flare_low",
    "nearest_source_distance_km": 13.34906399434076,
    "matched_schuit_150km": 0,
    "matched_mars_150km": 0,
    "algorithm_version": "2.3.2",
    "config_id": "default_combine",
    "params_hash": "5848063735cfe708308a6d70be6c07a758abc5a37d945b71e43ac68520b85b19",
    "run_id": "default_combine_2025_combined_58480637",
    "aoi_boundary": "zapsib",
    "artifact_likely_albedo_positive": 0,
    "build_date": "2026-05-23",
    "cluster_id": 1868310773855,
    "cluster_overlap_snow_fraction": 0,
    "count": 14,
    "enrichment_method": "numpy_eigh_with_cos_lat",
    "enrichment_stage": "axis_v1",
    "event_class": "wind_ambiguous",
    "inside_reference_clean_zone": 0,
    "intermediate_asset": "projects/nodal-thunder-481307-u1/assets/RuPlumeScan/catalog/CH4/events_2025_intermediate",
    "nearest_source_id": "viirs_0389",
    "orbit_date_millis": 1757572227000,
    "plume_axis_deg": 129.8955727871824,
    "qa_flags": "zone_boundary_adjustment_applied",
    "rna_version": "1.2",
    "stage_2_run_date": "2026-05-23T03:00:25.260694+00:00",
    "stage_3_match_radius_km": 150,
    "stage_3_run_date": "2026-05-23",
    "stage_3b_rescope_date": "2026-06-20",
    "surface_confounded_dark": 0,
    "td0044_reclassified": null,
    "wind_alignment_score": 0.48962435605058274,
    "wind_consistency_diff_deg": 23.739129349713778,
    "wind_consistent": 0,
    "wind_dir_deg": 83.96176483173485,
    "wind_level": "10m",
    "wind_levels_inconsistent_qa": 0,
    "wind_source": "ERA5_HOURLY_10m",
    "wind_speed": 4.833472380095282,
    "wind_state": "misaligned",
    "wind_u": -0.5084431767463684,
    "wind_u_850hPa": -5.805999755859375,
    "wind_v": -4.8066558837890625,
    "wind_v_850hPa": -10.147140502929688,
    "zone_boundary_step_ppb": 16
   }
  },
  {
   "type": "Feature",
   "geometry": {
    "type": "MultiPolygon",
    "coordinates": [
     [
      [
       [
        77.51274983164429,
        61.57229743403963
       ],
       [
        77.52652843030174,
        61.540662345351826
       ],
       [
        77.5403071208771,
        61.50902717707052
       ],
       [
        77.60255603064918,
        61.51598341964227
       ],
       [
        77.66480523133245,
        61.522939616678634
       ],
       [
        77.65115587691498,
        61.55459030006537
       ],
       [
        77.6375066271023,
        61.5862409713847
       ],
       [
        77.57512811766172,
        61.57926922481061
       ],
       [
        77.51274983164429,
        61.57229743403963
       ]
      ]
     ],
     [
      [
       [
        77.40132134495593,
        61.825226525691086
       ],
       [
        77.46421924373368,
        61.832254093997236
       ],
       [
        77.52711706692396,
        61.83928162110371
       ],
       [
        77.5131666921701,
        61.87089220992874
       ],
       [
        77.49921639878336,
        61.90250278068756
       ],
       [
        77.43618477748957,
        61.89546178011838
       ],
       [
        77.37315321008148,
        61.88842093624537
       ],
       [
        77.38723729518968,
        61.85682368698901
       ],
       [
        77.40132134495593,
        61.825226525691086
       ]
      ]
     ],
     [
      [
       [
        77.51274983164429,
        61.57229743403963
       ],
       [
        77.49882123674088,
        61.60391351181914
       ],
       [
        77.4848927281222,
        61.635529717730016
       ],
       [
        77.47096412383269,
        61.66714582895186
       ],
       [
        77.45703555277039,
        61.69876192345099
       ],
       [
        77.44310699420531,
        61.73037806539547
       ],
       [
        77.42917847337067,
        61.761994232560895
       ],
       [
        77.41524986512447,
        61.79361038874436
       ],
       [
        77.40132134495593,
        61.825226525691086
       ],
       [
        77.35423994719645,
        61.819851599709516
       ],
       [
        77.30715856441732,
        61.814476730737475
       ],
       [
        77.2600770347417,
        61.80910189618514
       ],
       [
        77.21299574254587,
        61.80372694320439
       ],
       [
        77.16591423461131,
        61.7983520941195
       ],
       [
        77.11883289563214,
        61.79297719630647
       ],
       [
        77.07175136610117,
        61.78760229901647
       ],
       [
        77.02466993656212,
        61.782227422545496
       ],
       [
        77.03907961537627,
        61.75066590130521
       ],
       [
        77.0534891304193,
        61.71910440625898
       ],
       [
        77.11607268774478,
        61.72632592830044
       ],
       [
        77.17865611877073,
        61.733547416906966
       ],
       [
        77.1928762408796,
        61.7019658430953
       ],
       [
        77.20709625142455,
        61.670384237036075
       ],
       [
        77.26961070547723,
        61.67752101324674
       ],
       [
        77.3321250510126,
        61.68465783612347
       ],
       [
        77.34612207975722,
        61.65304839843716
       ],
       [
        77.36011927821691,
        61.62143889712572
       ],
       [
        77.37411637866089,
        61.589829513021925
       ],
       [
        77.38811349471693,
        61.55822000935214
       ],
       [
        77.45043155069571,
        61.56525873982501
       ],
       [
        77.51274983164429,
        61.57229743403963
       ]
      ]
     ]
    ]
   },
   "properties": {
    "event_id": "CH4-WSP-122",
    "datetime_utc": "2025-09-19T07:20:19Z",
    "date_utc": "2025-09-19",
    "year": 2025,
    "month": 9,
    "centroid_lon": 77.35596529054668,
    "centroid_lat": 61.713098418894816,
    "area_km2": 437.9509917335111,
    "n_pixels": 9,
    "max_z": 5.707863355722163,
    "mean_z": 4.927044200102838,
    "max_delta": 69.41625148159619,
    "mean_delta": 55.012166856174076,
    "artifact_likely": 0,
    "corr_albedo": 0.31207219519986257,
    "nearest_source_type": "viirs_flare_low",
    "nearest_source_distance_km": 13.144953955393646,
    "matched_schuit_150km": 0,
    "matched_mars_150km": 0,
    "algorithm_version": "2.3.2",
    "config_id": "default_combine",
    "params_hash": "5848063735cfe708308a6d70be6c07a758abc5a37d945b71e43ac68520b85b19",
    "run_id": "default_combine_2025_combined_58480637",
    "aoi_boundary": "zapsib",
    "artifact_likely_albedo_positive": 0,
    "build_date": "2026-05-23",
    "cluster_id": 1859720839264,
    "cluster_overlap_snow_fraction": 0,
    "count": 9,
    "enrichment_method": "numpy_eigh_with_cos_lat",
    "enrichment_stage": "axis_v1",
    "event_class": "wind_ambiguous",
    "inside_reference_clean_zone": 0,
    "intermediate_asset": "projects/nodal-thunder-481307-u1/assets/RuPlumeScan/catalog/CH4/events_2025_intermediate",
    "nearest_source_id": "viirs_0389",
    "orbit_date_millis": 1758266419000,
    "plume_axis_deg": 150.51766472073925,
    "qa_flags": "zone_boundary_adjustment_applied",
    "rna_version": "1.2",
    "stage_2_run_date": "2026-05-23T03:00:25.260694+00:00",
    "stage_3_match_radius_km": 150,
    "stage_3_run_date": "2026-05-23",
    "stage_3b_rescope_date": "2026-06-20",
    "surface_confounded_dark": 0,
    "td0044_reclassified": null,
    "wind_alignment_score": 0.5355138710613696,
    "wind_consistency_diff_deg": 26.025468112324006,
    "wind_consistent": 0,
    "wind_dir_deg": 192.32141632521598,
    "wind_level": "10m",
    "wind_levels_inconsistent_qa": 0,
    "wind_source": "ERA5_HOURLY_10m",
    "wind_speed": 4.236630390145993,
    "wind_state": "misaligned",
    "wind_u": 4.13904333114624,
    "wind_u_850hPa": 13.006179809570312,
    "wind_v": 0.9040781855583191,
    "wind_v_850hPa": -3.171539306640625,
    "zone_boundary_step_ppb": 16
   }
  }
 ]
}