event_id,datetime_utc,date_utc,year,month,centroid_lon,centroid_lat,area_km2,n_pixels,max_z,mean_z,max_delta,mean_delta,artifact_likely,corr_albedo,nearest_source_type,nearest_source_distance_km,matched_schuit_150km,matched_mars_150km,algorithm_version,config_id,params_hash,run_id,aoi_boundary,artifact_likely_albedo_positive,build_date,cluster_id,cluster_overlap_snow_fraction,count,enrichment_method,enrichment_stage,event_class,inside_reference_clean_zone,intermediate_asset,nearest_source_id,orbit_date_millis,plume_axis_deg,qa_flags,rna_version,stage_2_run_date,stage_3_match_radius_km,stage_3_run_date,stage_3b_rescope_date,surface_confounded_dark,td0044_reclassified,wind_alignment_score,wind_consistency_diff_deg,wind_consistent,wind_dir_deg,wind_level,wind_levels_inconsistent_qa,wind_source,wind_speed,wind_state,wind_u,wind_u_850hPa,wind_v,wind_v_850hPa,zone_boundary_step_ppb
CH4-WSP-001,2019-03-15T05:59:48Z,2019-03-15,2019,3,75.52736416311893,64.76449954687061,1508.9564075565036,31,10.788029382163845,5.170684411409307,38.5353446561212,18.581998206809107,1,0.2072757599262354,viirs_flare_high,12.467073245102341,0,0,2.3.2,default_combine,d98a789c5e179d12e49e7df613db1b9655a8203f84fa7900a8de69ead5947285,default_combine_2019_combined_d98a789c,zapsib,0,2026-05-23,1666447310942,0.9339646018073963,31,numpy_eigh_with_cos_lat,axis_v1,CH4_only,0,projects/nodal-thunder-481307-u1/assets/RuPlumeScan/catalog/CH4/events_2019_intermediate,viirs_0174,1552629588000,100.34856706027053,,1.2,2026-05-23T02:59:45.045830+00:00,150,2026-05-23,2026-06-20,0,,0.7381842244175935,2.252699649772012,1,123.91198686268712,10m,0,ERA5_HOURLY_10m,3.533204038598795,aligned,1.971240758895874,4.9337615966796875,-2.932190418243408,-8.001152038574219,
CH4-WSP-002,2019-05-09T07:15:09Z,2019-05-09,2019,5,75.88865160562551,60.640865802873876,389.66764107736606,8,4.635502577788072,3.736230134603238,27.067428263978854,18.030835627724645,0,0.059726989253271474,gas_field,44.840301950050936,0,0,2.3.2,default_combine,d98a789c5e179d12e49e7df613db1b9655a8203f84fa7900a8de69ead5947285,default_combine_2019_combined_d98a789c,zapsib,0,2026-05-23,1915555414128,0,8,numpy_eigh_with_cos_lat,axis_v1,CH4_only,0,projects/nodal-thunder-481307-u1/assets/RuPlumeScan/catalog/CH4/events_2019_intermediate,ru_khmao_samotlor,1557386109000,170.86415558383484,,1.2,2026-05-23T02:59:45.045830+00:00,150,2026-05-23,2026-06-20,0,,0.7138408192164398,68.8512352155982,1,16.618481854355252,10m,1,ERA5_HOURLY_10m,3.1581324366056807,aligned,-3.0262184143066406,-0.5619850158691406,-0.9032179117202759,-7.092766761779785,
CH4-WSP-003,2019-06-23T06:32:00Z,2019-06-23,2019,6,77.77212043310915,65.87009130300845,243.2223710234339,5,4.979679931289834,4.5650826292263735,20.97704994309379,13.394242030208655,0,-0.506854872164725,gas_field,23.2840937629866,0,0,2.3.2,default_combine,d98a789c5e179d12e49e7df613db1b9655a8203f84fa7900a8de69ead5947285,default_combine_2019_combined_d98a789c,zapsib,0,2026-05-23,1597727834192,0,5,numpy_eigh_with_cos_lat,axis_v1,wind_ambiguous,0,projects/nodal-thunder-481307-u1/assets/RuPlumeScan/catalog/CH4/events_2019_intermediate,manual_p_01_0d_yuzhno_russkoye,1561271520000,148.4297020180288,,1.2,2026-05-23T02:59:45.045830+00:00,150,2026-05-23,2026-06-20,1,,0.24240398931504348,108.9093056346938,0,260.2460610563827,10m,1,ERA5_HOURLY_10m,4.6895805656959215,misaligned,0.7944958806037903,4.010161399841309,4.621789932250977,-2.1921567916870117,
CH4-WSP-004,2019-06-30T06:00:06Z,2019-06-30,2019,6,72.46700411266715,67.94753884533726,243.27786138183149,5,4.488214381616956,3.773758559110212,30.9734608113547,13.385591834357271,1,0.5789715703074118,gas_field,13.320409736048411,0,0,2.3.2,default_combine,d98a789c5e179d12e49e7df613db1b9655a8203f84fa7900a8de69ead5947285,default_combine_2019_combined_d98a789c,zapsib,1,2026-05-23,1425929142376,0,5,numpy_eigh_with_cos_lat,axis_v1,wind_ambiguous,0,projects/nodal-thunder-481307-u1/assets/RuPlumeScan/catalog/CH4/events_2019_intermediate,manual_p_01_0d_novoportovskoye,1561874406000,27.156917125914976,,1.2,2026-05-23T02:59:45.045830+00:00,150,2026-05-23,2026-06-20,0,,0.15150001466696184,146.30248846110408,0,310.7919184459415,10m,1,ERA5_HOURLY_10m,5.958208950252547,misaligned,-3.892580270767212,2.443105697631836,4.510883808135986,-0.6780185699462891,
CH4-WSP-005,2019-07-02T07:03:29Z,2019-07-02,2019,7,70.58582886943233,61.46491125174024,292.36839193858714,6,8.96725019326112,6.659895183234617,24.36849187384587,15.577566189339194,0,0.014380557194983717,viirs_flare_high,22.7703603439725,0,0,2.3.2,default_combine,d98a789c5e179d12e49e7df613db1b9655a8203f84fa7900a8de69ead5947285,default_combine_2019_combined_d98a789c,zapsib,0,2026-05-23,1821066133652,0,6,numpy_eigh_with_cos_lat,axis_v1,wind_ambiguous,0,projects/nodal-thunder-481307-u1/assets/RuPlumeScan/catalog/CH4/events_2019_intermediate,viirs_0253,1562051009000,14.420379819062612,zone_boundary_adjustment_applied,1.2,2026-05-23T02:59:45.045830+00:00,150,2026-05-23,2026-06-20,0,,0.4553724972460278,37.64524771852666,0,325.4039045712051,10m,0,ERA5_HOURLY_10m,3.573208010888086,misaligned,-2.941375732421875,-1.9451141357421875,2.0288233757019043,6.073374271392822,16
CH4-WSP-006,2019-07-02T07:03:29Z,2019-07-02,2019,7,73.31115521655488,58.65261127154433,438.55673611447673,9,11.823028005480088,5.875366677201152,16.348834224299708,3.947299269357015,0,-0.02476363380879567,viirs_flare_high,22.538436437586846,0,0,2.3.2,default_combine,d98a789c5e179d12e49e7df613db1b9655a8203f84fa7900a8de69ead5947285,default_combine_2019_combined_d98a789c,zapsib,0,2026-05-23,2014339661965,0,9,numpy_eigh_with_cos_lat,axis_v1,CH4_only,0,projects/nodal-thunder-481307-u1/assets/RuPlumeScan/catalog/CH4/events_2019_intermediate,viirs_0438,1562051009000,161.64840107785562,,1.2,2026-05-23T02:59:45.045830+00:00,150,2026-05-23,2026-06-20,0,,0.9916269435152217,42.61020740471315,1,340.8948259942256,10m,0,ERA5_HOURLY_10m,3.0020459961116397,aligned,-2.836691379547119,-3.3012847900390625,0.9825793504714966,-1.4357843399047852,
CH4-WSP-007,2019-07-02T07:03:29Z,2019-07-02,2019,7,73.54936366835986,60.60815210136108,779.3035072468411,16,8.240182706831472,5.1868593259268385,12.693821511069018,5.8802323145452675,0,-0.44013675220745213,viirs_flare_high,29.083985908596055,0,0,2.3.2,default_combine,d98a789c5e179d12e49e7df613db1b9655a8203f84fa7900a8de69ead5947285,default_combine_2019_combined_d98a789c,zapsib,0,2026-05-23,1915555414143,0,16,numpy_eigh_with_cos_lat,axis_v1,CH4_only,0,projects/nodal-thunder-481307-u1/assets/RuPlumeScan/catalog/CH4/events_2019_intermediate,viirs_0386,1562051009000,135.02903209814784,,1.2,2026-05-23T02:59:45.045830+00:00,150,2026-05-23,2026-06-20,0,,0.6886718044531919,6.839311729210067,1,343.04856969736056,10m,0,ERA5_HOURLY_10m,2.86244987464928,aligned,-2.7380828857421875,-5.6804962158203125,0.8345785737037659,1.0130901336669922,
CH4-WSP-008,2019-07-02T07:03:29Z,2019-07-02,2019,7,73.67422342519049,61.4809924162727,389.70048530596034,8,7.786920926210443,5.091498989021413,14.527672362764633,6.685835938539884,0,0.1626949281981322,gas_field,35.97870290806176,0,0,2.3.2,default_combine,d98a789c5e179d12e49e7df613db1b9655a8203f84fa7900a8de69ead5947285,default_combine_2019_combined_d98a789c,zapsib,0,2026-05-23,1846835937404,0,8,numpy_eigh_with_cos_lat,axis_v1,wind_ambiguous,0,projects/nodal-thunder-481307-u1/assets/RuPlumeScan/catalog/CH4/events_2019_intermediate,ru_khmao_priobskoye,1562051009000,15.9662483609473,zone_boundary_adjustment_applied,1.2,2026-05-23T02:59:45.045830+00:00,150,2026-05-23,2026-06-20,0,,0.6433381365008504,4.287144087929846,0,343.86668064602384,10m,0,ERA5_HOURLY_10m,3.213247091409474,misaligned,-3.0867021083831787,-4.46832275390625,0.8928756713867188,0.9372401237487793,16
CH4-WSP-009,2019-07-02T07:03:29Z,2019-07-02,2019,7,74.10487996671385,60.197289474559994,292.56807174062743,6,7.831097886265265,6.1295658630911225,15.275453137136083,8.5624368666387,1,0.7184408236389367,viirs_flare_high,22.583717671912968,0,0,2.3.2,default_combine,d98a789c5e179d12e49e7df613db1b9655a8203f84fa7900a8de69ead5947285,default_combine_2019_combined_d98a789c,zapsib,1,2026-05-23,1941325217919,0,6,numpy_eigh_with_cos_lat,axis_v1,diffuse_CH4,1,projects/nodal-thunder-481307-u1/assets/RuPlumeScan/catalog/CH4/events_2019_intermediate,viirs_0399,1562051009000,130.0371451909219,,1.2,2026-05-23T02:59:45.045830+00:00,150,2026-05-23,2026-06-20,0,,0.636222486721735,6.3321583239372785,0,342.77712138596576,10m,0,ERA5_HOURLY_10m,2.7788578452989494,misaligned,-2.65425443649292,-4.8487396240234375,0.8227905631065369,0.9329056739807129,
CH4-WSP-010,2019-07-02T07:03:29Z,2019-07-02,2019,7,74.39595337244738,60.68511468190491,974.184483619793,20,11.383247270498472,6.079275936469861,19.699203340124768,9.364537914440627,0,-0.32679477117452826,viirs_flare_high,11.53348358234197,0,0,2.3.2,default_combine,d98a789c5e179d12e49e7df613db1b9655a8203f84fa7900a8de69ead5947285,default_combine_2019_combined_d98a789c,zapsib,0,2026-05-23,1906965479546,0,20,numpy_eigh_with_cos_lat,axis_v1,CH4_only,0,projects/nodal-thunder-481307-u1/assets/RuPlumeScan/catalog/CH4/events_2019_intermediate,viirs_0385,1562051009000,148.8190970318624,,1.2,2026-05-23T02:59:45.045830+00:00,150,2026-05-23,2026-06-20,0,,0.7920681903991588,1.3839675316413604,1,347.5329598959381,10m,0,ERA5_HOURLY_10m,2.7008418573114175,aligned,-2.6371569633483887,-6.200611114501953,0.5830522179603577,1.5288705825805664,
CH4-WSP-011,2019-07-02T07:03:29Z,2019-07-02,2019,7,74.98573410888432,60.71435302849509,341.15474416415725,7,6.876130927220563,4.88570968893245,8.578248069567508,4.65462531699683,1,0.5393591049462169,viirs_flare_high,23.65369696497716,0,0,2.3.2,default_combine,d98a789c5e179d12e49e7df613db1b9655a8203f84fa7900a8de69ead5947285,default_combine_2019_combined_d98a789c,zapsib,1,2026-05-23,1906965479541,0,7,numpy_eigh_with_cos_lat,axis_v1,CH4_only,0,projects/nodal-thunder-481307-u1/assets/RuPlumeScan/catalog/CH4/events_2019_intermediate,viirs_0385,1562051009000,18.428158060266213,,1.2,2026-05-23T02:59:45.045830+00:00,150,2026-05-23,2026-06-20,0,,0.6927093048080931,2.774051566482626,1,350.7719954929946,10m,0,ERA5_HOURLY_10m,2.6849883432396653,aligned,-2.6502392292022705,-6.16192626953125,0.43057453632354736,1.3099889755249023,
CH4-WSP-012,2019-07-02T07:03:29Z,2019-07-02,2019,7,78.1659419066768,66.44342014493618,243.07438672618025,5,3.7274656439506915,3.3634890532155857,28.169710590507293,14.497917645406506,0,-0.7727243798679576,viirs_flare_high,19.68950237969764,0,0,2.3.2,default_combine,d98a789c5e179d12e49e7df613db1b9655a8203f84fa7900a8de69ead5947285,default_combine_2019_combined_d98a789c,zapsib,0,2026-05-23,1563368095819,0,5,numpy_eigh_with_cos_lat,axis_v1,wind_ambiguous,0,projects/nodal-thunder-481307-u1/assets/RuPlumeScan/catalog/CH4/events_2019_intermediate,viirs_0103,1562051009000,172.62559822084364,,1.2,2026-05-23T02:59:45.045830+00:00,150,2026-05-23,2026-06-20,1,,0.3235413794834048,30.447494528118057,0,291.7443223743501,10m,0,ERA5_HOURLY_10m,4.050321969470294,misaligned,-1.5005041360855103,0.08806991577148438,3.7621264457702637,0.5753264427185059,
CH4-WSP-013,2019-07-02T07:03:29Z,2019-07-02,2019,7,79.41438799122395,65.89396646560958,243.4078385931502,5,3.6098112223114183,3.2328808817300647,18.035091144196713,12.83842077294405,1,0.5106671986022991,viirs_flare_high,20.621701887941008,0,0,2.3.2,default_combine,d98a789c5e179d12e49e7df613db1b9655a8203f84fa7900a8de69ead5947285,default_combine_2019_combined_d98a789c,zapsib,1,2026-05-23,1610612736069,0,5,numpy_eigh_with_cos_lat,axis_v1,CH4_only,0,projects/nodal-thunder-481307-u1/assets/RuPlumeScan/catalog/CH4/events_2019_intermediate,viirs_0190,1562051009000,145.28195400047247,,1.2,2026-05-23T02:59:45.045830+00:00,150,2026-05-23,2026-06-20,0,,0.8975650992614034,68.66282472869659,1,334.50109506694616,10m,1,ERA5_HOURLY_10m,2.372047613846676,aligned,-2.1409947872161865,-1.1842823028564453,1.0211519002914429,-1.1107125282287598,
CH4-WSP-014,2019-07-02T07:03:29Z,2019-07-02,2019,7,82.82463143300845,67.72196457369267,486.848886323074,10,6.640478120121972,5.238991100017094,36.871200980617914,27.691897976678618,0,0.44492954170840493,viirs_flare_high,23.028238401525435,0,0,2.3.2,default_combine,d98a789c5e179d12e49e7df613db1b9655a8203f84fa7900a8de69ead5947285,default_combine_2019_combined_d98a789c,zapsib,0,2026-05-23,1498943586346,0,10,numpy_eigh_with_cos_lat,axis_v1,CH4_only,0,projects/nodal-thunder-481307-u1/assets/RuPlumeScan/catalog/CH4/events_2019_intermediate,viirs_0144,1562051009000,37.55592667934274,,1.2,2026-05-23T02:59:45.045830+00:00,150,2026-05-23,2026-06-20,0,,0.47303481270664505,117.75521440941964,,350.1290598229408,10m,1,ERA5_HOURLY_10m,1.427874897055964,insufficient_wind,-1.406737208366394,1.4528369903564453,0.2447797954082489,-4.502294540405273,
CH4-WSP-015,2019-07-20T06:24:41Z,2019-07-20,2019,7,77.59584921475214,66.39225151712421,243.51057200792368,5,5.583606619400302,4.563318385822492,34.924266277401784,26.26573179575012,0,-0.42599990946439,gas_field,29.17015567106305,0,0,2.3.2,default_combine,d98a789c5e179d12e49e7df613db1b9655a8203f84fa7900a8de69ead5947285,default_combine_2019_combined_d98a789c,zapsib,0,2026-05-23,1563368095823,0,5,numpy_eigh_with_cos_lat,axis_v1,wind_ambiguous,0,projects/nodal-thunder-481307-u1/assets/RuPlumeScan/catalog/CH4/events_2019_intermediate,ru_yanao_zapolyarnoe,1563603881000,73.66570362453415,,1.2,2026-05-23T02:59:45.045830+00:00,150,2026-05-23,2026-06-20,0,,0.5425087170092304,39.215949942813495,0,294.83991909370343,10m,0,ERA5_HOURLY_10m,5.619685155165419,misaligned,-2.3607423305511475,-1.5738773345947266,5.099780082702637,0.7657324075698853,
CH4-WSP-016,2019-08-06T06:04:40Z,2019-08-06,2019,8,77.49251787740322,65.39203912720725,292.1512469706208,6,5.742889508784447,3.9443688735658404,16.41321373370988,10.762021973286704,0,0.02205096529668979,viirs_flare_high,37.60116182280453,0,0,2.3.2,default_combine,d98a789c5e179d12e49e7df613db1b9655a8203f84fa7900a8de69ead5947285,default_combine_2019_combined_d98a789c,zapsib,0,2026-05-23,1636382539858,0,6,numpy_eigh_with_cos_lat,axis_v1,wind_ambiguous,0,projects/nodal-thunder-481307-u1/assets/RuPlumeScan/catalog/CH4/events_2019_intermediate,viirs_0203,1565071480000,122.70687069137037,,1.2,2026-05-23T02:59:45.045830+00:00,150,2026-05-23,2026-06-20,0,,0.3542846572726006,42.46272448614769,0,244.59248984590442,10m,0,ERA5_HOURLY_10m,4.5451019816280365,misaligned,1.950092077255249,7.199337005615234,4.105495452880859,2.9277052879333496,
CH4-WSP-017,2020-07-01T06:19:25Z,2020-07-01,2020,7,76.6518670199375,59.01096670890626,877.2068410418581,13,0,0,8.568898464718131,7.411811284180935,0,-0.41007692706481774,viirs_flare_high,29.273449410890887,0,0,2.3.2,default_combine,4ace2be260ce67383dfa5792df09e077534fab0f6532f2b15f8cd397e72b8485,default_combine_2020_combined_4ace2be2,zapsib,0,2026-05-23,2035814498414,0,18,numpy_eigh_with_cos_lat,axis_v1,CH4_only,0,projects/nodal-thunder-481307-u1/assets/RuPlumeScan/catalog/CH4/events_2020_intermediate,viirs_0446,1593584365000,130.45584199096757,,1.2,2026-05-23T02:59:55.375818+00:00,150,2026-05-23,2026-06-20,0,,0.9294297668895299,8.466060715499907,1,316.80716297090987,10m,0,ERA5_HOURLY_10m,4.106452088895944,aligned,-2.993826150894165,-6.92308235168457,2.810685634613037,8.753225326538086,
CH4-WSP-018,2020-07-10T06:50:47Z,2020-07-10,2020,7,70.50688371172488,66.20848525643106,243.59178287514175,5,5.979415803316026,3.778287747126049,10.543501264774704,1.1601968474789348,0,0,viirs_flare_high,21.879945569519514,0,0,2.3.2,default_combine,4ace2be260ce67383dfa5792df09e077534fab0f6532f2b15f8cd397e72b8485,default_combine_2020_combined_4ace2be2,zapsib,0,2026-05-23,1524713390204,0,5,numpy_eigh_with_cos_lat,axis_v1,CH4_only,0,projects/nodal-thunder-481307-u1/assets/RuPlumeScan/catalog/CH4/events_2020_intermediate,viirs_0033,1594363847000,108.06750162651016,,1.2,2026-05-23T02:59:55.375818+00:00,150,2026-05-23,2026-06-20,0,,0.9683294515285427,24.92650382913905,1,105.217152264079,10m,0,ERA5_HOURLY_10m,4.728104856944405,aligned,1.2410237789154053,-1.7384700775146484,-4.562327861785889,-10.160483360290527,
CH4-WSP-019,2020-07-10T06:50:47Z,2020-07-10,2020,7,74.79899722637253,67.53713624582187,291.9530166752999,6,4.904176134917493,4.183067680053424,21.730447580487635,8.504384513258596,0,-0.3896070285386487,gas_field,29.105872309639697,0,0,2.3.2,default_combine,4ace2be260ce67383dfa5792df09e077534fab0f6532f2b15f8cd397e72b8485,default_combine_2020_combined_4ace2be2,zapsib,0,2026-05-23,1468878815323,0,6,numpy_eigh_with_cos_lat,axis_v1,wind_ambiguous,0,projects/nodal-thunder-481307-u1/assets/RuPlumeScan/catalog/CH4/events_2020_intermediate,ru_yanao_yamburgskoe,1594363847000,35.34755915061304,,1.2,2026-05-23T02:59:55.375818+00:00,150,2026-05-23,2026-06-20,0,,0.41693102289871575,27.512257460732542,0,87.82376708972862,10m,0,ERA5_HOURLY_10m,7.695549486001261,misaligned,-0.2922253906726837,-6.986045837402344,-7.689999103546143,-12.253561019897461,
CH4-WSP-020,2020-07-10T06:50:47Z,2020-07-10,2020,7,75.0480773846577,67.00056624102372,389.3107376071336,8,8.724209480545108,6.233548434200661,24.53735024042703,9.492066499736783,0,-0.21348826241499722,viirs_flare_high,22.01756183109922,0,0,2.3.2,default_combine,4ace2be260ce67383dfa5792df09e077534fab0f6532f2b15f8cd397e72b8485,default_combine_2020_combined_4ace2be2,zapsib,0,2026-05-23,1503238553693,0,8,numpy_eigh_with_cos_lat,axis_v1,wind_ambiguous,0,projects/nodal-thunder-481307-u1/assets/RuPlumeScan/catalog/CH4/events_2020_intermediate,viirs_0048,1594363847000,172.56003189377898,,1.2,2026-05-23T02:59:55.375818+00:00,150,2026-05-23,2026-06-20,0,,0.010379385616220316,20.161830042770816,0,83.49417659923881,10m,0,ERA5_HOURLY_10m,8.17125524351369,misaligned,-0.925837516784668,-6.71307373046875,-8.118635177612305,-13.366254806518555,
CH4-WSP-021,2020-07-10T06:50:47Z,2020-07-10,2020,7,76.92080079308336,66.24932869651775,243.37100387062185,5,5.234716812776977,4.960794989397624,16.534129079074773,15.891724114497634,1,0.9497080831733978,gas_field,22.45564273906251,0,0,2.3.2,default_combine,4ace2be260ce67383dfa5792df09e077534fab0f6532f2b15f8cd397e72b8485,default_combine_2020_combined_4ace2be2,zapsib,1,2026-05-23,1567663063124,0,5,numpy_eigh_with_cos_lat,axis_v1,wind_ambiguous,0,projects/nodal-thunder-481307-u1/assets/RuPlumeScan/catalog/CH4/events_2020_intermediate,ru_yanao_urengoyskoe,1594363847000,160.70814747991278,,1.2,2026-05-23T02:59:55.375818+00:00,150,2026-05-23,2026-06-20,0,,0.16213428516160777,19.41375794569433,0,85.30023314445748,10m,0,ERA5_HOURLY_10m,10.207844578551555,misaligned,-0.8363741636276245,-7.402187347412109,-10.17352294921875,-16.537322998046875,
CH4-WSP-022,2020-07-10T06:50:47Z,2020-07-10,2020,7,77.53606471273044,64.44480844253592,876.4231371155357,18,13.785042335902544,8.02141894839079,30.764644077045432,13.828837894525881,0,-0.13689548587385927,viirs_flare_high,8.660848718140802,0,0,2.3.2,default_combine,4ace2be260ce67383dfa5792df09e077534fab0f6532f2b15f8cd397e72b8485,default_combine_2020_combined_4ace2be2,zapsib,0,2026-05-23,1683627180117,0,18,numpy_eigh_with_cos_lat,axis_v1,wind_ambiguous,0,projects/nodal-thunder-481307-u1/assets/RuPlumeScan/catalog/CH4/events_2020_intermediate,viirs_0238,1594363847000,174.5912366001543,,1.2,2026-05-23T02:59:55.375818+00:00,150,2026-05-23,2026-06-20,0,,0.15948508063885447,25.556033814056548,0,98.94489385765121,10m,0,ERA5_HOURLY_10m,8.160334639559258,misaligned,1.2688051462173462,-5.000785827636719,-8.061091423034668,-16.762897491455078,
CH4-WSP-023,2020-08-08T07:45:56Z,2020-08-08,2020,8,73.00810227108715,61.350544373981286,243.4184734471491,5,5.863175894941225,3.9239557038478594,27.35620824751004,16.41008670246215,0,-0.05970415226111377,gas_field,16.660436595141565,0,0,2.3.2,default_combine,4ace2be260ce67383dfa5792df09e077534fab0f6532f2b15f8cd397e72b8485,default_combine_2020_combined_4ace2be2,zapsib,0,2026-05-23,1851130904707,0,5,numpy_eigh_with_cos_lat,axis_v1,wind_ambiguous,0,projects/nodal-thunder-481307-u1/assets/RuPlumeScan/catalog/CH4/events_2020_intermediate,ru_khmao_priobskoye,1596872756000,141.78709459568796,zone_boundary_adjustment_applied,1.2,2026-05-23T02:59:55.375818+00:00,150,2026-05-23,2026-06-20,0,,0.2657057907184076,39.05130595313295,0,255.70061576034465,10m,0,ERA5_HOURLY_10m,3.3278237363296728,misaligned,0.8219345211982727,3.555624008178711,3.224722385406494,2.645390272140503,16
CH4-WSP-024,2020-08-28T06:27:52Z,2020-08-28,2020,8,72.70284275869722,67.89598883338202,291.8230715604576,6,6.518470098895598,4.199915206570821,43.46571004387579,18.50867823211561,0,0.2956386806835209,gas_field,5.589934723725443,0,0,2.3.2,default_combine,4ace2be260ce67383dfa5792df09e077534fab0f6532f2b15f8cd397e72b8485,default_combine_2020_combined_4ace2be2,zapsib,0,2026-05-23,1430224109670,0,6,numpy_eigh_with_cos_lat,axis_v1,wind_ambiguous,0,projects/nodal-thunder-481307-u1/assets/RuPlumeScan/catalog/CH4/events_2020_intermediate,manual_p_01_0d_novoportovskoye,1598596072000,45.39860628926391,,1.2,2026-05-23T02:59:55.375818+00:00,150,2026-05-23,2026-06-20,0,,0.1742241045426618,40.768729404532905,0,299.71843688042435,10m,0,ERA5_HOURLY_10m,3.818051809480411,misaligned,-1.8927539587020874,0.8222465515136719,3.315871238708496,4.210357189178467,
CH4-WSP-025,2020-10-09T06:36:09Z,2020-10-09,2020,10,72.37963364922919,63.253633173496205,340.87122844884715,7,6.063439733639203,4.895786103912553,14.136608716977435,13.854419363885548,0,-0.6203231533197996,viirs_flare_high,23.135185433300528,0,0,2.3.2,default_combine,4ace2be260ce67383dfa5792df09e077534fab0f6532f2b15f8cd397e72b8485,default_combine_2020_combined_4ace2be2,zapsib,0,2026-05-23,1722281885822,0,7,numpy_eigh_with_cos_lat,axis_v1,wind_ambiguous,0,projects/nodal-thunder-481307-u1/assets/RuPlumeScan/catalog/CH4/events_2020_intermediate,viirs_0204,1602225369000,19.43331899696861,,1.2,2026-05-23T02:59:55.375818+00:00,150,2026-05-23,2026-06-20,1,,0.1022158810676782,16.3807375116279,0,118.63274829305965,10m,0,ERA5_HOURLY_10m,2.489946616732908,misaligned,1.1931664943695068,8.67487621307373,-2.1854491233825684,-8.670793533325195,
CH4-WSP-026,2021-03-01T06:54:56Z,2021-03-01,2021,3,70.82255502835496,61.293954969184824,533.0528237824658,11,4.772236916929408,4.0896291415622885,44.32886338470212,23.493479938028255,1,-0.37911153195993,viirs_flare_high,28.20299255930742,1,0,2.3.2,default_combine,1d909d3a2b8d4c422affaf6f4b3a8cc878fe24201803592a5c6322488bfd25ba,default_combine_2021_combined_1d909d3a,zapsib,0,2026-05-14,1821066133652,0.9846799125170906,11,numpy_eigh_with_cos_lat,axis_v1,CH4_only,0,projects/nodal-thunder-481307-u1/assets/RuPlumeScan/catalog/CH4/events_2021_intermediate,viirs_0254,1614581696000,161.6121866466529,zone_boundary_adjustment_applied,1.2,2026-05-14T22:19:44.001182+00:00,150,2026-05-23,2026-06-20,0,,0.8923479212595294,27.255177750564258,1,331.92349956001055,10m,0,ERA5_HOURLY_10m,2.091915023550605,aligned,-1.845738410949707,-2.830503463745117,0.9845598936080933,4.092598915100098,16
CH4-WSP-027,2021-05-03T07:20:45Z,2021-05-03,2021,5,78.8297058081365,67.1512642578424,389.2962513953752,8,4.45261064046168,4.135905864194609,53.435504081590125,24.291891648250154,1,0.4645674561298109,viirs_flare_high,19.900474070070796,1,0,2.3.2,default_combine,1d909d3a2b8d4c422affaf6f4b3a8cc878fe24201803592a5c6322488bfd25ba,default_combine_2021_combined_1d909d3a,zapsib,0,2026-05-14,1520418422852,0.9747924080664293,8,numpy_eigh_with_cos_lat,axis_v1,wind_ambiguous,0,projects/nodal-thunder-481307-u1/assets/RuPlumeScan/catalog/CH4/events_2021_intermediate,viirs_0063,1620026445000,125.91148241740677,,1.2,2026-05-14T22:19:44.001182+00:00,150,2026-05-23,2026-06-20,0,,0.5711068766870324,45.44215922986098,0,164.51186351557385,10m,1,ERA5_HOURLY_10m,6.813223869987587,misaligned,6.565806865692139,1.3042774200439453,-1.8193954229354858,0.7516300678253174,
CH4-WSP-028,2021-07-02T06:56:56Z,2021-07-02,2021,7,72.9827903373991,60.72773106107938,1218.4938193775904,25,8.715282230894584,6.044676584020152,46.12478179531672,22.209328815946034,0,0.15763043045928343,viirs_flare_high,20.847386707934064,0,0,2.3.2,default_combine,1d909d3a2b8d4c422affaf6f4b3a8cc878fe24201803592a5c6322488bfd25ba,default_combine_2021_combined_1d909d3a,zapsib,0,2026-05-14,1889785610372,0,25,numpy_eigh_with_cos_lat,axis_v1,wind_ambiguous,0,projects/nodal-thunder-481307-u1/assets/RuPlumeScan/catalog/CH4/events_2021_intermediate,viirs_0332,1625209016000,0.5605329765727415,,1.2,2026-05-14T22:19:44.001182+00:00,150,2026-05-23,2026-06-20,0,,0.3543314105062134,96.60809084944708,0,58.67070603101354,10m,1,ERA5_HOURLY_10m,3.7262917096647388,misaligned,-1.9375073909759521,8.457441329956055,-3.1829726696014404,-3.8937809467315674,
CH4-WSP-029,2021-07-02T06:56:56Z,2021-07-02,2021,7,73.18539093164252,60.32476549376851,292.5624816657644,6,4.252015585508413,3.9126461204322176,23.76389509263163,13.517705171289563,0,0.028532534875201257,viirs_flare_high,24.271729566514207,0,0,2.3.2,default_combine,1d909d3a2b8d4c422affaf6f4b3a8cc878fe24201803592a5c6322488bfd25ba,default_combine_2021_combined_1d909d3a,zapsib,0,2026-05-14,1919850381446,0,6,numpy_eigh_with_cos_lat,axis_v1,wind_ambiguous,0,projects/nodal-thunder-481307-u1/assets/RuPlumeScan/catalog/CH4/events_2021_intermediate,viirs_0364,1625209016000,141.5725788547655,,1.2,2026-05-14T22:19:44.001182+00:00,150,2026-05-23,2026-06-20,0,,0.08652450316858673,97.32540077392963,0,59.35978413993831,10m,1,ERA5_HOURLY_10m,3.246752790908057,misaligned,-1.6546927690505981,8.56275463104248,-2.7934558391571045,-3.6903297901153564,
CH4-WSP-030,2021-07-02T06:56:56Z,2021-07-02,2021,7,74.10809124927215,60.26706133008775,633.4201331316057,13,9.303176346532046,6.890586495836695,49.660775993793095,28.205452684701893,0,0.10187326862912482,viirs_flare_high,22.54144980771843,0,0,2.3.2,default_combine,1d909d3a2b8d4c422affaf6f4b3a8cc878fe24201803592a5c6322488bfd25ba,default_combine_2021_combined_1d909d3a,zapsib,0,2026-05-14,1924145348734,0,13,numpy_eigh_with_cos_lat,axis_v1,wind_ambiguous,0,projects/nodal-thunder-481307-u1/assets/RuPlumeScan/catalog/CH4/events_2021_intermediate,viirs_0399,1625209016000,9.068441930997128,,1.2,2026-05-14T22:19:44.001182+00:00,150,2026-05-23,2026-06-20,0,,0.31615642834398505,83.92313688490373,0,70.61436338003847,10m,1,ERA5_HOURLY_10m,3.414650589106606,misaligned,-1.1334067583084106,9.514620780944824,-3.221060037612915,-4.530599594116211,
CH4-WSP-031,2021-07-02T06:56:56Z,2021-07-02,2021,7,74.67635845557338,60.75727331454053,1558.947077347357,32,8.529536125218575,5.155849927436648,54.12609146198315,20.60175989950306,0,-0.26986831199673045,viirs_flare_high,6.449361584606569,0,0,2.3.2,default_combine,1d909d3a2b8d4c422affaf6f4b3a8cc878fe24201803592a5c6322488bfd25ba,default_combine_2021_combined_1d909d3a,zapsib,0,2026-05-14,1906965479542,0,32,numpy_eigh_with_cos_lat,axis_v1,wind_ambiguous,0,projects/nodal-thunder-481307-u1/assets/RuPlumeScan/catalog/CH4/events_2021_intermediate,viirs_0385,1625209016000,132.36985039274037,,1.2,2026-05-14T22:19:44.001182+00:00,150,2026-05-23,2026-06-20,0,,0.45501542319433574,66.3327632742562,0,83.32123848023059,10m,1,ERA5_HOURLY_10m,3.890440856505473,misaligned,-0.45246830582618713,9.360701560974121,-3.864039659500122,-5.480038166046143,
CH4-WSP-032,2021-07-08T06:44:06Z,2021-07-08,2021,7,68.78823356884622,70.45137194001298,631.7760515089969,13,8.276257009258194,5.091357651502524,68.966815259834,20.63943953639902,0,-0.4514398141633836,gas_field,9.974393540386238,1,0,2.3.2,default_combine,1d909d3a2b8d4c422affaf6f4b3a8cc878fe24201803592a5c6322488bfd25ba,default_combine_2021_combined_1d909d3a,zapsib,0,2026-05-14,1236950581357,0,13,numpy_eigh_with_cos_lat,axis_v1,CH4_only,0,projects/nodal-thunder-481307-u1/assets/RuPlumeScan/catalog/CH4/events_2021_intermediate,ru_yamal_bovanenkovo,1625726646000,65.41646134885985,,1.2,2026-05-14T22:19:44.001182+00:00,150,2026-05-23,2026-06-20,0,,0.6674497015923887,92.48428817234867,1,215.48693449217484,10m,1,ERA5_HOURLY_10m,3.1349123479340695,aligned,2.552595853805542,5.580994606018066,1.8198708295822144,-8.593109130859375,
CH4-WSP-033,2021-07-08T06:44:06Z,2021-07-08,2021,7,77.49760358209312,65.67145802021764,340.58004076721534,7,4.01596499913412,3.376514048848605,27.917965375383346,16.616113924892662,0,0.4717139495899731,gas_field,32.34714715647389,1,0,2.3.2,default_combine,1d909d3a2b8d4c422affaf6f4b3a8cc878fe24201803592a5c6322488bfd25ba,default_combine_2021_combined_1d909d3a,zapsib,0,2026-05-14,1610612736082,0,7,numpy_eigh_with_cos_lat,axis_v1,CH4_only,0,projects/nodal-thunder-481307-u1/assets/RuPlumeScan/catalog/CH4/events_2021_intermediate,manual_p_01_0d_yuzhno_russkoye,1625726646000,129.5053531667636,,1.2,2026-05-14T22:19:44.001182+00:00,150,2026-05-23,2026-06-20,0,,0.7936001797619756,15.345868583247295,1,110.9293693453414,10m,0,ERA5_HOURLY_10m,6.219140829195659,aligned,2.2215816974639893,7.636517524719238,-5.808811187744141,-10.405281066894531,
CH4-WSP-034,2021-07-08T06:44:06Z,2021-07-08,2021,7,78.98870164911612,65.75452884793202,243.3686417823312,5,4.4671885177885455,4.046522162305963,30.1090815248524,18.426385474006164,0,0.0055414481035523395,viirs_flare_high,4.642326211268442,1,0,2.3.2,default_combine,1d909d3a2b8d4c422affaf6f4b3a8cc878fe24201803592a5c6322488bfd25ba,default_combine_2021_combined_1d909d3a,zapsib,0,2026-05-14,1614907703368,0,5,numpy_eigh_with_cos_lat,axis_v1,wind_ambiguous,0,projects/nodal-thunder-481307-u1/assets/RuPlumeScan/catalog/CH4/events_2021_intermediate,viirs_0190,1625726646000,140.0586891119844,,1.2,2026-05-14T22:19:44.001182+00:00,150,2026-05-23,2026-06-20,0,,0.6651033001103137,16.48205075286012,0,109.91798612191263,10m,0,ERA5_HOURLY_10m,5.887417281455164,misaligned,2.0056941509246826,8.038959503173828,-5.535239219665527,-10.903764724731445,
CH4-WSP-035,2021-07-23T07:02:30Z,2021-07-23,2021,7,70.99540591026532,60.41077826433579,584.5870136735061,12,12.39024831971379,9.869086397077,32.71180520459916,13.23062328986943,0,-0.2320478479095932,viirs_flare_high,13.270316491160878,0,0,2.3.2,default_combine,1d909d3a2b8d4c422affaf6f4b3a8cc878fe24201803592a5c6322488bfd25ba,default_combine_2021_combined_1d909d3a,zapsib,0,2026-05-14,1881195675797,0,12,numpy_eigh_with_cos_lat,axis_v1,wind_ambiguous,0,projects/nodal-thunder-481307-u1/assets/RuPlumeScan/catalog/CH4/events_2021_intermediate,viirs_0316,1627023750000,23.324028505330958,,1.2,2026-05-14T22:19:44.001182+00:00,150,2026-05-23,2026-06-20,0,,0.2979324191807696,11.578301425818665,0,266.5101107790617,10m,0,ERA5_HOURLY_10m,6.239795629713804,misaligned,0.37983134388923645,3.5376243591308594,6.228224277496338,13.140019416809082,
CH4-WSP-036,2021-07-23T07:02:30Z,2021-07-23,2021,7,71.30916009313891,59.436101219031755,243.792994999346,5,6.768336539918788,6.043271157796271,15.783281269306144,7.021097654998001,0,0.12771351435534528,viirs_flare_high,18.3087736770071,0,0,2.3.2,default_combine,1d909d3a2b8d4c422affaf6f4b3a8cc878fe24201803592a5c6322488bfd25ba,default_combine_2021_combined_1d909d3a,zapsib,0,2026-05-14,1954210119833,0,5,numpy_eigh_with_cos_lat,axis_v1,wind_ambiguous,0,projects/nodal-thunder-481307-u1/assets/RuPlumeScan/catalog/CH4/events_2021_intermediate,viirs_0387,1627023750000,47.80325794927677,,1.2,2026-05-14T22:19:44.001182+00:00,150,2026-05-23,2026-06-20,0,,0.5075685942425758,26.20552715278467,0,272.12208446744495,10m,0,ERA5_HOURLY_10m,6.713182518373726,misaligned,-0.24858172237873077,6.608119964599609,6.708578586578369,14.784097671508789,
CH4-WSP-037,2021-07-23T07:02:30Z,2021-07-23,2021,7,71.62321471095663,60.35747548718621,292.34084974196924,6,11.319945584458331,6.855730227493958,31.45227696977622,13.96767760095291,0,0.3005539060698206,viirs_flare_high,24.759401321470822,0,0,2.3.2,default_combine,1d909d3a2b8d4c422affaf6f4b3a8cc878fe24201803592a5c6322488bfd25ba,default_combine_2021_combined_1d909d3a,zapsib,0,2026-05-14,1902670512274,0,6,numpy_eigh_with_cos_lat,axis_v1,wind_ambiguous,0,projects/nodal-thunder-481307-u1/assets/RuPlumeScan/catalog/CH4/events_2021_intermediate,viirs_0346,1627023750000,131.75920795239722,,1.2,2026-05-14T22:19:44.001182+00:00,150,2026-05-23,2026-06-20,0,,0.5229049277370361,15.129421151051929,0,268.8206514487305,10m,0,ERA5_HOURLY_10m,6.541319349252157,misaligned,0.1346338391304016,3.8384571075439453,6.539933681488037,13.11904525756836,
CH4-WSP-038,2021-07-23T07:02:30Z,2021-07-23,2021,7,71.87470993009188,60.814331651172516,1120.1777612085968,23,15.690690374621266,8.038585427833796,35.27444855233193,14.597195908202174,0,-0.03672624395470024,viirs_flare_high,17.586008556111164,0,0,2.3.2,default_combine,1d909d3a2b8d4c422affaf6f4b3a8cc878fe24201803592a5c6322488bfd25ba,default_combine_2021_combined_1d909d3a,zapsib,0,2026-05-14,1864015806605,0,23,numpy_eigh_with_cos_lat,axis_v1,wind_ambiguous,0,projects/nodal-thunder-481307-u1/assets/RuPlumeScan/catalog/CH4/events_2021_intermediate,viirs_0329,1627023750000,176.3673785951941,,1.2,2026-05-14T22:19:44.001182+00:00,150,2026-05-23,2026-06-20,0,,0.05532061038228764,11.323700325282005,0,271.3462335296,10m,0,ERA5_HOURLY_10m,7.216414600542753,misaligned,-0.16954277455806732,2.276132583618164,7.214422702789307,12.938342094421387,
CH4-WSP-039,2021-07-23T07:02:30Z,2021-07-23,2021,7,74.95013173115595,60.74782488004463,340.49484185410057,7,16.267918459761074,12.263971931464463,38.906329847870666,17.978039175727492,0,-0.26947788384125404,viirs_flare_high,21.346185184604636,0,0,2.3.2,default_combine,1d909d3a2b8d4c422affaf6f4b3a8cc878fe24201803592a5c6322488bfd25ba,default_combine_2021_combined_1d909d3a,zapsib,0,2026-05-14,1902670512247,0,7,numpy_eigh_with_cos_lat,axis_v1,wind_ambiguous,0,projects/nodal-thunder-481307-u1/assets/RuPlumeScan/catalog/CH4/events_2021_intermediate,viirs_0385,1627023750000,171.37552957155813,,1.2,2026-05-14T22:19:44.001182+00:00,150,2026-05-23,2026-06-20,0,,0.1768175109203295,27.140591091280783,0,277.2891055543878,10m,0,ERA5_HOURLY_10m,6.623921357217663,misaligned,-0.840416669845581,4.185417175292969,6.570390701293945,11.592747688293457,
CH4-WSP-040,2021-08-23T07:19:15Z,2021-08-23,2021,8,66.05723005975582,61.33403636361982,3264.017928640333,67,8.014415540156122,4.177284011075958,49.40260889168144,17.874983792930813,0,-0.20640979583553756,viirs_flare_high,19.60427878503738,1,0,2.3.2,default_combine,1d909d3a2b8d4c422affaf6f4b3a8cc878fe24201803592a5c6322488bfd25ba,default_combine_2021_combined_1d909d3a,zapsib,0,2026-05-14,1752346656946,0,67,numpy_eigh_with_cos_lat,axis_v1,wind_ambiguous,0,projects/nodal-thunder-481307-u1/assets/RuPlumeScan/catalog/CH4/events_2021_intermediate,viirs_0132,1629703155000,119.66609742160753,zone_boundary_adjustment_applied,1.2,2026-05-14T22:19:44.001182+00:00,150,2026-05-23,2026-06-20,0,,0.5027767247306425,18.445285688514275,0,254.91600264736536,10m,0,ERA5_HOURLY_10m,4.955053564716807,misaligned,1.2894775867462158,7.206296920776367,4.784328937530518,10.875446319580078,16
CH4-WSP-041,2021-08-24T07:00:08Z,2021-08-24,2021,8,72.069210176536,65.4727256980579,243.3523089052521,5,3.9211916554294035,3.746759407559587,26.694273783087738,15.33490782563404,0,-0.6587362011373283,viirs_flare_high,22.310244718901995,1,0,2.3.2,default_combine,1d909d3a2b8d4c422affaf6f4b3a8cc878fe24201803592a5c6322488bfd25ba,default_combine_2021_combined_1d909d3a,zapsib,0,2026-05-14,1584842932342,0,5,numpy_eigh_with_cos_lat,axis_v1,wind_ambiguous,0,projects/nodal-thunder-481307-u1/assets/RuPlumeScan/catalog/CH4/events_2021_intermediate,viirs_0054,1629788408000,122.31834205422444,,1.2,2026-05-14T22:19:44.001182+00:00,150,2026-05-23,2026-06-20,1,,0.27789523781664227,17.011169826761716,0,187.30777065072664,10m,0,ERA5_HOURLY_10m,8.33869050392193,misaligned,8.270956993103027,17.298477172851562,1.0606741905212402,7.817447185516357,
CH4-WSP-042,2022-03-29T05:49:03Z,2022-03-29,2022,3,79.14555186991755,66.43403461011334,636.277096302951,13,3.9390989976932773,3.583505253329224,47.63271964983596,37.79581135054706,1,0.3217118264273582,viirs_flare_high,24.38500123460499,0,0,2.3.2,default_combine,04d66637e0305e40e7ca473e451525062769524f147cfd2648490b698688f8bf,default_combine_2022_combined_04d66637,zapsib,0,2026-05-23,1571958030405,1,13,numpy_eigh_with_cos_lat,axis_v1,wind_ambiguous,0,projects/nodal-thunder-481307-u1/assets/RuPlumeScan/catalog/CH4/events_2022_intermediate,viirs_0142,1648532943000,165.43133226732658,,1.2,2026-05-23T03:00:03.495554+00:00,150,2026-05-23,2026-06-20,0,,0.10553005813640837,37.70107709354181,0,264.92903749960334,10m,0,ERA5_HOURLY_10m,7.644930696096519,misaligned,0.6757315397262573,8.630271911621094,7.615008354187012,9.328973770141602,
CH4-WSP-043,2022-05-07T07:02:31Z,2022-05-07,2022,5,80.5143873853428,68.69856717792945,291.8492898634801,6,3.643419125467626,3.2208698420444044,27.435110037609775,15.870948836808086,1,0.3275877484708355,viirs_flare_high,30.977944483315262,0,0,2.3.2,default_combine,04d66637e0305e40e7ca473e451525062769524f147cfd2648490b698688f8bf,default_combine_2022_combined_04d66637,zapsib,0,2026-05-23,1430224109622,0.9990666691067475,6,numpy_eigh_with_cos_lat,axis_v1,wind_ambiguous,0,projects/nodal-thunder-481307-u1/assets/RuPlumeScan/catalog/CH4/events_2022_intermediate,viirs_0041,1651906951000,155.58752666765204,,1.2,2026-05-23T03:00:03.495554+00:00,150,2026-05-23,2026-06-20,0,,0.250275752162061,93.69855879258773,0,88.11234436223754,10m,1,ERA5_HOURLY_10m,8.430064117800303,misaligned,-0.2776850163936615,4.2105865478515625,-8.42548942565918,0.13312506675720215,
CH4-WSP-044,2022-05-14T06:31:13Z,2022-05-14,2022,5,75.02686767111278,67.5284301119259,389.276536624337,8,4.512459128504291,4.106970921935532,49.38430562306644,41.685399978579746,1,0.034094740178193875,gas_field,28.074982174452796,0,0,2.3.2,default_combine,04d66637e0305e40e7ca473e451525062769524f147cfd2648490b698688f8bf,default_combine_2022_combined_04d66637,zapsib,0,2026-05-23,1468878815323,0.9659055789064708,8,numpy_eigh_with_cos_lat,axis_v1,wind_ambiguous,0,projects/nodal-thunder-481307-u1/assets/RuPlumeScan/catalog/CH4/events_2022_intermediate,ru_yanao_yamburgskoe,1652509873000,160.5040204882277,,1.2,2026-05-23T03:00:03.495554+00:00,150,2026-05-23,2026-06-20,0,,0.5118717871298972,74.47803276859463,0,296.57248132991845,10m,1,ERA5_HOURLY_10m,3.8470960074883904,misaligned,-1.7209198474884033,2.1007156372070312,3.4407241344451904,1.8977725505828857,
CH4-WSP-045,2022-05-14T06:31:13Z,2022-05-14,2022,5,75.26754230022,67.96164630093509,291.93247837956346,6,4.137239118257443,3.662033081109237,30.509197812034927,26.900077587961295,1,0.1890382023445131,gas_field,22.22950354163945,0,0,2.3.2,default_combine,04d66637e0305e40e7ca473e451525062769524f147cfd2648490b698688f8bf,default_combine_2022_combined_04d66637,zapsib,0,2026-05-23,1443109011543,0.9701135639024685,6,numpy_eigh_with_cos_lat,axis_v1,wind_ambiguous,0,projects/nodal-thunder-481307-u1/assets/RuPlumeScan/catalog/CH4/events_2022_intermediate,ru_yanao_yamburgskoe,1652509873000,20.536533857125445,,1.2,2026-05-23T03:00:03.495554+00:00,150,2026-05-23,2026-06-20,0,,0.007842967448791205,80.01721030638856,0,289.83066678673424,10m,1,ERA5_HOURLY_10m,3.746051758338002,misaligned,-1.2708160877227783,3.544485092163086,3.5239083766937256,2.0310513973236084,
CH4-WSP-046,2022-06-09T06:44:36Z,2022-06-09,2022,6,78.83460369334142,65.92470727501691,486.5037866618233,10,5.0405915905177805,4.1517969216972315,26.165421945657044,16.289922317304804,0,-0.154091366906937,viirs_flare_high,17.694764815365986,0,0,2.3.2,default_combine,04d66637e0305e40e7ca473e451525062769524f147cfd2648490b698688f8bf,default_combine_2022_combined_04d66637,zapsib,0,2026-05-23,1606317768776,0,10,numpy_eigh_with_cos_lat,axis_v1,CH4_only,0,projects/nodal-thunder-481307-u1/assets/RuPlumeScan/catalog/CH4/events_2022_intermediate,viirs_0190,1654757076000,136.5989969038166,,1.2,2026-05-23T03:00:03.495554+00:00,150,2026-05-23,2026-06-20,0,,0.7714944639441728,160.03784467849977,,296.03349865879215,10m,1,ERA5_HOURLY_10m,1.8630857603025306,insufficient_wind,-0.8177019357681274,8.39217472076416,1.6740525960922241,-8.105459213256836,
CH4-WSP-047,2022-06-09T06:44:36Z,2022-06-09,2022,6,82.52061645615849,67.20961691696218,291.9721671597683,6,5.386713303122042,4.23548532001296,25.994164911197913,14.15181830934066,0,-0.37112823557807334,viirs_flare_high,23.739052058014988,0,0,2.3.2,default_combine,04d66637e0305e40e7ca473e451525062769524f147cfd2648490b698688f8bf,default_combine_2022_combined_04d66637,zapsib,0,2026-05-23,1533303324718,0,6,numpy_eigh_with_cos_lat,axis_v1,CH4_only,0,projects/nodal-thunder-481307-u1/assets/RuPlumeScan/catalog/CH4/events_2022_intermediate,viirs_0175,1654757076000,153.7594675443676,,1.2,2026-05-23T03:00:03.495554+00:00,150,2026-05-23,2026-06-20,0,,0.3417949627051905,94.57543060312958,,212.99792090090045,10m,1,ERA5_HOURLY_10m,1.1397162742355356,insufficient_wind,0.9558690190315247,2.4935522079467773,0.6206992864608765,-4.607404708862305,
CH4-WSP-048,2022-07-23T06:18:38Z,2022-07-23,2022,7,80.7924302212649,67.0529203989976,437.63434429666245,9,5.2247781901904,4.126892338940476,51.1705615922383,22.463599494075474,0,-0.167867826951335,gas_field,48.746125304952955,0,0,2.3.2,default_combine,04d66637e0305e40e7ca473e451525062769524f147cfd2648490b698688f8bf,default_combine_2022_combined_04d66637,zapsib,0,2026-05-23,1533303324729,0,9,numpy_eigh_with_cos_lat,axis_v1,CH4_only,0,projects/nodal-thunder-481307-u1/assets/RuPlumeScan/catalog/CH4/events_2022_intermediate,ru_yanao_tazovskoe,1658557118000,159.68700425292684,,1.2,2026-05-23T03:00:03.495554+00:00,150,2026-05-23,2026-06-20,0,,0.6983444406552268,13.907192118075614,1,6.836004593956432,10m,0,ERA5_HOURLY_10m,7.47379622168577,aligned,-7.420664310455322,-8.61578369140625,-0.8895904421806335,1.0687530040740967,
CH4-WSP-049,2023-04-04T06:35:45Z,2023-04-04,2023,4,70.69199794954638,61.818943516771135,341.11926894048895,7,6.1772932320521985,4.802494377519437,44.82043294733103,36.40308136367297,1,0.5585344974512211,viirs_flare_low,3.3057896828612474,0,1,2.3.2,default_combine,e28cf8046aba243c45f89c7b47a89288d0e9e597bba906d5566f9b726bcbf4b3,default_combine_2023_combined_e28cf804,zapsib,1,2026-05-23,1795296329874,0.9477141444717576,7,numpy_eigh_with_cos_lat,axis_v1,CH4_only,0,projects/nodal-thunder-481307-u1/assets/RuPlumeScan/catalog/CH4/events_2023_intermediate,viirs_0232,1680590145000,165.65405103717308,zone_boundary_adjustment_applied,1.2,2026-05-23T03:00:11.463093+00:00,150,2026-05-23,2026-06-20,0,,0.7753269242335471,86.90904881197878,1,5.874627856153836,10m,1,ERA5_HOURLY_10m,2.309441370763848,aligned,-2.2973127365112305,0.4107503890991211,-0.23637604713439941,-8.447728157043457,16
CH4-WSP-050,2023-04-04T06:35:45Z,2023-04-04,2023,4,72.06250257126278,60.29713221614259,340.94095419003617,7,3.754845380170564,3.5304944113227075,25.115506989624464,14.44713106477671,0,-0.2867849660368879,viirs_flare_high,14.974256792025168,0,1,2.3.2,default_combine,e28cf8046aba243c45f89c7b47a89288d0e9e597bba906d5566f9b726bcbf4b3,default_combine_2023_combined_e28cf804,zapsib,0,2026-05-23,1906965479567,0.2256641293026963,7,numpy_eigh_with_cos_lat,axis_v1,CH4_only,0,projects/nodal-thunder-481307-u1/assets/RuPlumeScan/catalog/CH4/events_2023_intermediate,viirs_0346,1680590145000,15.365427255016353,,1.2,2026-05-23T03:00:11.463093+00:00,150,2026-05-23,2026-06-20,0,,0.7601868178174451,68.84263863805313,1,36.948613651446294,10m,1,ERA5_HOURLY_10m,3.5752035026054543,aligned,-2.857213020324707,1.9839601516723633,-2.1490495204925537,-7.015254497528076,
CH4-WSP-051,2023-04-04T06:35:45Z,2023-04-04,2023,4,74.2228255885439,60.970380630338155,341.16132351012425,7,6.47344101437397,3.8004448270429623,25.93345018543073,15.116833904567535,0,-0.08085555061308525,viirs_flare_high,27.7338907466925,0,1,2.3.2,default_combine,e28cf8046aba243c45f89c7b47a89288d0e9e597bba906d5566f9b726bcbf4b3,default_combine_2023_combined_e28cf804,zapsib,0,2026-05-23,1889785610363,0.268337317482879,7,numpy_eigh_with_cos_lat,axis_v1,wind_ambiguous,0,projects/nodal-thunder-481307-u1/assets/RuPlumeScan/catalog/CH4/events_2023_intermediate,viirs_0366,1680590145000,134.16027748340906,,1.2,2026-05-23T03:00:11.463093+00:00,150,2026-05-23,2026-06-20,0,,0.0008242436968670663,66.90065485548956,0,44.08609555069103,10m,1,ERA5_HOURLY_10m,3.3484171677422467,misaligned,-2.405151844024658,3.4070749282836914,-2.329622745513916,-8.881872177124023,
CH4-WSP-052,2023-04-04T06:35:45Z,2023-04-04,2023,4,75.05635614067717,61.366941159799175,340.7973173788356,7,5.4129175100711695,4.81405036183028,29.332688472734162,16.605879151427583,1,-0.1220943142166926,viirs_flare_high,25.947702280585002,0,1,2.3.2,default_combine,e28cf8046aba243c45f89c7b47a89288d0e9e597bba906d5566f9b726bcbf4b3,default_combine_2023_combined_e28cf804,zapsib,0,2026-05-23,1868310773875,0.9981836458802732,7,numpy_eigh_with_cos_lat,axis_v1,wind_ambiguous,0,projects/nodal-thunder-481307-u1/assets/RuPlumeScan/catalog/CH4/events_2023_intermediate,viirs_0370,1680590145000,179.47105866656378,zone_boundary_adjustment_applied,1.2,2026-05-23T03:00:11.463093+00:00,150,2026-05-23,2026-06-20,0,,0.3301985909146187,46.467634069584506,0,59.75318548424809,10m,1,ERA5_HOURLY_10m,2.4152576550509695,misaligned,-1.2166279554367065,2.869701385498047,-2.0864529609680176,-9.86419677734375,16
CH4-WSP-053,2023-04-04T06:35:45Z,2023-04-04,2023,4,75.71338624858699,60.78508235986036,243.56832438986913,5,3.555818989436308,3.377595706047379,17.109474738886775,12.325168400433459,1,-0.34958389833396086,viirs_flare_high,49.242724028486535,0,1,2.3.2,default_combine,e28cf8046aba243c45f89c7b47a89288d0e9e597bba906d5566f9b726bcbf4b3,default_combine_2023_combined_e28cf804,zapsib,0,2026-05-23,1915555414128,0.5926492685402203,5,numpy_eigh_with_cos_lat,axis_v1,wind_ambiguous,0,projects/nodal-thunder-481307-u1/assets/RuPlumeScan/catalog/CH4/events_2023_intermediate,viirs_0376,1680590145000,112.90054064199678,,1.2,2026-05-23T03:00:11.463093+00:00,150,2026-05-23,2026-06-20,0,,0.35114275550697005,59.58373319868622,0,54.503388637624084,10m,1,ERA5_HOURLY_10m,2.502814505094601,misaligned,-1.4532712697982788,4.029687881469727,-2.037666082382202,-9.013915061950684,
CH4-WSP-054,2023-04-30T06:51:59Z,2023-04-30,2023,4,66.13691897764785,61.44198828182144,243.6996631750855,5,4.787200829049656,4.157268665754602,21.95498306139484,12.2693612713467,0,-0.38773727396807206,viirs_flare_high,7.13315301331507,0,1,2.3.2,default_combine,e28cf8046aba243c45f89c7b47a89288d0e9e597bba906d5566f9b726bcbf4b3,default_combine_2023_combined_e28cf804,zapsib,0,2026-05-23,1765231558837,0,5,numpy_eigh_with_cos_lat,axis_v1,wind_ambiguous,0,projects/nodal-thunder-481307-u1/assets/RuPlumeScan/catalog/CH4/events_2023_intermediate,viirs_0132,1682837519000,35.543586462160924,zone_boundary_adjustment_applied,1.2,2026-05-23T03:00:11.463093+00:00,150,2026-05-23,2026-06-20,0,,0.4042598512102604,6.747986304185019,0,89.16019985323749,10m,0,ERA5_HOURLY_10m,3.7374739321936903,misaligned,-0.054779231548309326,-1.8572578430175781,-3.737072467803955,-13.942170143127441,16
CH4-WSP-055,2023-04-30T06:51:59Z,2023-04-30,2023,4,71.32619680334541,71.57299743045375,1947.8216360088418,40,7.236253263309417,4.4589915415190635,52.49547115346263,22.823665588210993,1,0.17738773452397183,gas_field,10.004077736630231,0,0,2.3.2,default_combine,e28cf8046aba243c45f89c7b47a89288d0e9e597bba906d5566f9b726bcbf4b3,default_combine_2023_combined_e28cf804,zapsib,0,2026-05-23,1185410973785,1,40,numpy_eigh_with_cos_lat,axis_v1,wind_ambiguous,0,projects/nodal-thunder-481307-u1/assets/RuPlumeScan/catalog/CH4/events_2023_intermediate,manual_p_01_0d_tambeyskoye,1682837519000,7.287678089832594,,1.2,2026-05-23T03:00:11.463093+00:00,150,2026-05-23,2026-06-20,0,,0.306208488549651,27.83157351362604,0,124.84644205930118,10m,0,ERA5_HOURLY_10m,4.121923207860572,misaligned,2.355180263519287,1.8295326232910156,-3.3828060626983643,-14.868448257446289,
CH4-WSP-056,2023-04-30T06:51:59Z,2023-04-30,2023,4,77.21525455032307,64.65715014983995,243.17588241316966,5,5.277340050153886,4.030904135733951,55.705985964519186,27.711258508781533,1,0.07850522378490953,viirs_flare_high,21.41066359723133,0,1,2.3.2,default_combine,e28cf8046aba243c45f89c7b47a89288d0e9e597bba906d5566f9b726bcbf4b3,default_combine_2023_combined_e28cf804,zapsib,0,2026-05-23,1670742278232,1,5,numpy_eigh_with_cos_lat,axis_v1,wind_ambiguous,0,projects/nodal-thunder-481307-u1/assets/RuPlumeScan/catalog/CH4/events_2023_intermediate,viirs_0206,1682837519000,163.21468571235292,,1.2,2026-05-23T03:00:11.463093+00:00,150,2026-05-23,2026-06-20,0,,0.0881268062321463,31.535881251942953,0,81.14609827324608,10m,0,ERA5_HOURLY_10m,12.513316642191269,misaligned,-1.9259928464889526,-9.359283447265625,-12.364208221435547,-11.001094818115234,
CH4-WSP-057,2023-05-01T06:33:04Z,2023-05-01,2023,5,69.21722091805741,70.70806957145928,290.951612820669,6,5.3828488135632915,4.377106735813282,24.35516051598347,13.615699563517945,1,-0.45053030737514743,gas_field,41.9534161865957,0,0,2.3.2,default_combine,e28cf8046aba243c45f89c7b47a89288d0e9e597bba906d5566f9b726bcbf4b3,default_combine_2023_combined_e28cf804,zapsib,0,2026-05-23,1219770712172,1,6,numpy_eigh_with_cos_lat,axis_v1,wind_ambiguous,0,projects/nodal-thunder-481307-u1/assets/RuPlumeScan/catalog/CH4/events_2023_intermediate,ru_yamal_bovanenkovo,1682922784000,156.94481961170493,,1.2,2026-05-23T03:00:11.463093+00:00,150,2026-05-23,2026-06-20,0,,0.050253110031596604,125.73035395825309,0,251.46759951454862,10m,1,ERA5_HOURLY_10m,5.6601621255457015,misaligned,1.7990309000015259,2.5400848388671875,5.366649150848389,-3.530057430267334,
CH4-WSP-058,2023-05-01T06:33:04Z,2023-05-01,2023,5,70.45053860513963,60.722222779673515,243.37383179886123,5,4.607523432581413,4.390730663884603,28.15746762998333,13.840958490222553,0,0.23109445733840847,viirs_flare_high,13.478577983214109,0,1,2.3.2,default_combine,e28cf8046aba243c45f89c7b47a89288d0e9e597bba906d5566f9b726bcbf4b3,default_combine_2023_combined_e28cf804,zapsib,0,2026-05-23,1864015806617,0,5,numpy_eigh_with_cos_lat,axis_v1,wind_ambiguous,0,projects/nodal-thunder-481307-u1/assets/RuPlumeScan/catalog/CH4/events_2023_intermediate,viirs_0271,1682922784000,179.99999999999102,,1.2,2026-05-23T03:00:11.463093+00:00,150,2026-05-23,2026-06-20,0,,0.12829848533118904,2.347991733071524,0,78.453136320184,10m,0,ERA5_HOURLY_10m,3.705182469673569,misaligned,-0.7416640520095825,-2.414754867553711,-3.6301944255828857,-14.911006927490234,
CH4-WSP-059,2023-05-01T06:33:04Z,2023-05-01,2023,5,73.83228868730635,62.87711094380004,243.52489208299878,5,3.5139111698111045,3.272843321616925,38.73137115933969,23.02907437219376,1,-0.2767802135110208,viirs_flare_high,11.358407920123447,0,0,2.3.2,default_combine,e28cf8046aba243c45f89c7b47a89288d0e9e597bba906d5566f9b726bcbf4b3,default_combine_2023_combined_e28cf804,zapsib,0,2026-05-23,1765231558774,0.9907192065141494,5,numpy_eigh_with_cos_lat,axis_v1,CH4_only,0,projects/nodal-thunder-481307-u1/assets/RuPlumeScan/catalog/CH4/events_2023_intermediate,viirs_0241,1682922784000,79.16614273244278,zone_boundary_adjustment_applied,1.2,2026-05-23T03:00:11.463093+00:00,150,2026-05-23,2026-06-20,0,,0.9015416728426455,22.122261316550635,1,88.02739217660468,10m,0,ERA5_HOURLY_10m,7.025391576754119,aligned,-0.2418259233236313,-8.167459487915039,-7.021228313446045,-18.262971878051758,16
CH4-WSP-060,2023-05-01T08:14:34Z,2023-05-01,2023,5,72.74597341000127,61.80444748870613,292.2557769675982,6,4.472460789845591,3.813841277652831,30.638510390360807,18.02238811687628,1,-0.07487853546171948,gas_field,36.500798026085,0,1,2.3.2,default_combine,e28cf8046aba243c45f89c7b47a89288d0e9e597bba906d5566f9b726bcbf4b3,default_combine_2023_combined_e28cf804,zapsib,0,2026-05-23,1825361100930,0.9991933761951081,6,numpy_eigh_with_cos_lat,axis_v1,CH4_only,0,projects/nodal-thunder-481307-u1/assets/RuPlumeScan/catalog/CH4/events_2023_intermediate,ru_khmao_priobskoye,1682928874000,94.74192062168933,zone_boundary_adjustment_applied,1.2,2026-05-23T03:00:11.463093+00:00,150,2026-05-23,2026-06-20,0,,0.9685719951876103,26.15715501567314,1,91.91340018857426,10m,0,ERA5_HOURLY_10m,6.803756061200267,aligned,0.22717010974884033,-7.402360916137695,-6.799962520599365,-16.437416076660156,16
CH4-WSP-061,2023-05-17T06:34:17Z,2023-05-17,2023,5,75.65706052572344,64.76416470407061,632.5965948185112,13,5.235075035422658,3.859287888864183,41.29921618677713,14.053008471332177,1,-0.13852142192526068,viirs_flare_high,14.866045600529159,0,1,2.3.2,default_combine,e28cf8046aba243c45f89c7b47a89288d0e9e597bba906d5566f9b726bcbf4b3,default_combine_2023_combined_e28cf804,zapsib,0,2026-05-23,1644972474465,0.9985726527664259,13,numpy_eigh_with_cos_lat,axis_v1,wind_ambiguous,0,projects/nodal-thunder-481307-u1/assets/RuPlumeScan/catalog/CH4/events_2023_intermediate,viirs_0174,1684305257000,13.075668454355858,,1.2,2026-05-23T03:00:11.463093+00:00,150,2026-05-23,2026-06-20,0,,0.2233038910794677,38.19887277492239,0,123.17301865150796,10m,0,ERA5_HOURLY_10m,3.9884237138599823,misaligned,2.182342290878296,-0.9171905517578125,-3.3383986949920654,-10.429330825805664,
CH4-WSP-062,2023-05-17T06:34:17Z,2023-05-17,2023,5,77.84376554754019,66.6618830197655,291.8440208703367,6,4.243636692353065,3.7388219179661824,34.422253559674346,22.37652308393244,1,-0.8729499442727283,gas_field,41.56199710068018,0,0,2.3.2,default_combine,e28cf8046aba243c45f89c7b47a89288d0e9e597bba906d5566f9b726bcbf4b3,default_combine_2023_combined_e28cf804,zapsib,0,2026-05-23,1541893259341,1,6,numpy_eigh_with_cos_lat,axis_v1,wind_ambiguous,0,projects/nodal-thunder-481307-u1/assets/RuPlumeScan/catalog/CH4/events_2023_intermediate,ru_yanao_zapolyarnoe,1684305257000,4.642308280043341,,1.2,2026-05-23T03:00:11.463093+00:00,150,2026-05-23,2026-06-20,1,,0.5332524075063408,57.763730735948684,0,142.63502495561403,10m,1,ERA5_HOURLY_10m,4.087347599239928,misaligned,3.248565673828125,-0.8519649505615234,-2.4805707931518555,-9.492365837097168,
CH4-WSP-063,2023-05-17T06:34:17Z,2023-05-17,2023,5,78.98924930185012,67.04969347161925,777.579061825497,16,6.812925641350872,3.9289104550998664,38.82068157486492,16.721843929537222,1,0.32806473996721613,gas_field,39.01418108710716,0,0,2.3.2,default_combine,e28cf8046aba243c45f89c7b47a89288d0e9e597bba906d5566f9b726bcbf4b3,default_combine_2023_combined_e28cf804,zapsib,0,2026-05-23,1520418422852,1,16,numpy_eigh_with_cos_lat,axis_v1,CH4_only,0,projects/nodal-thunder-481307-u1/assets/RuPlumeScan/catalog/CH4/events_2023_intermediate,ru_yanao_tazovskoe,1684305257000,165.38909598759875,,1.2,2026-05-23T03:00:11.463093+00:00,150,2026-05-23,2026-06-20,0,,0.8271387588212848,63.98852811797747,1,149.83158428151438,10m,1,ERA5_HOURLY_10m,4.504855820984955,aligned,3.894681930541992,-0.6562843322753906,-2.263885736465454,-9.02978801727295,
CH4-WSP-064,2023-05-17T06:34:17Z,2023-05-17,2023,5,79.83392081168427,67.68546568935422,584.2529503279594,12,6.693504031514257,4.3831984835219115,42.015890339082944,20.9279672100284,1,0.018184316156334153,viirs_flare_high,18.698450217161273,0,0,2.3.2,default_combine,e28cf8046aba243c45f89c7b47a89288d0e9e597bba906d5566f9b726bcbf4b3,default_combine_2023_combined_e28cf804,zapsib,0,2026-05-23,1490353651772,1,12,numpy_eigh_with_cos_lat,axis_v1,wind_ambiguous,0,projects/nodal-thunder-481307-u1/assets/RuPlumeScan/catalog/CH4/events_2023_intermediate,viirs_0058,1684305257000,15.631739293020718,,1.2,2026-05-23T03:00:11.463093+00:00,150,2026-05-23,2026-06-20,0,,0.538661996214797,66.44011099502416,0,154.11131895235246,10m,1,ERA5_HOURLY_10m,4.538837607488784,misaligned,4.083338260650635,-0.34464454650878906,-1.9817657470703125,-8.474695205688477,
CH4-WSP-065,2023-06-07T06:41:20Z,2023-06-07,2023,6,77.11251699584358,59.47719735159956,389.7408796528337,8,4.830055943340968,3.607060986267479,31.053615021459336,21.491402427900645,0,-0.2951670361688056,viirs_flare_high,23.45648352154678,0,0,2.3.2,default_combine,e28cf8046aba243c45f89c7b47a89288d0e9e597bba906d5566f9b726bcbf4b3,default_combine_2023_combined_e28cf804,zapsib,0,2026-05-23,2005749727338,0,8,numpy_eigh_with_cos_lat,axis_v1,CH4_only,0,projects/nodal-thunder-481307-u1/assets/RuPlumeScan/catalog/CH4/events_2023_intermediate,viirs_0450,1686120080000,5.009007367879416,,1.2,2026-05-23T03:00:11.463093+00:00,150,2026-05-23,2026-06-20,0,,0.703969463084315,26.217482493794193,1,211.65175569029105,10m,0,ERA5_HOURLY_10m,2.3121953736125413,aligned,1.968263864517212,0.2511014938354492,1.2133362293243408,0.02388763427734375,
CH4-WSP-066,2023-08-02T07:29:21Z,2023-08-02,2023,8,73.93611858366435,71.00794261589954,1606.7419884901967,33,13.263837345414373,5.498102405550486,64.53197617716864,24.926129883589745,0,-0.6597672938304726,viirs_flare_high,4.707904723036966,0,0,2.3.2,default_combine,e28cf8046aba243c45f89c7b47a89288d0e9e597bba906d5566f9b726bcbf4b3,default_combine_2023_combined_e28cf804,zapsib,0,2026-05-23,1236950581328,0,33,numpy_eigh_with_cos_lat,axis_v1,CH4_only,0,projects/nodal-thunder-481307-u1/assets/RuPlumeScan/catalog/CH4/events_2023_intermediate,viirs_0013,1690961361000,174.82612179908554,,1.2,2026-05-23T03:00:11.463093+00:00,150,2026-05-23,2026-06-20,1,,0.8979824649637032,31.0625102469603,1,4.0076999523522545,10m,0,ERA5_HOURLY_10m,7.179610602687693,aligned,-7.162054061889648,-3.4023914337158203,-0.5017868280410767,-2.388598918914795,
CH4-WSP-067,2023-09-05T06:47:26Z,2023-09-05,2023,9,67.17605661003736,63.059136703655945,243.5562797846889,5,3.5926555347323528,3.313640879769129,68.49152173547918,48.36164841022686,0,-0.5770445042737905,viirs_flare_high,19.410490234573267,0,1,2.3.2,default_combine,e28cf8046aba243c45f89c7b47a89288d0e9e597bba906d5566f9b726bcbf4b3,default_combine_2023_combined_e28cf804,zapsib,0,2026-05-23,1679332212900,0,5,numpy_eigh_with_cos_lat,axis_v1,wind_ambiguous,0,projects/nodal-thunder-481307-u1/assets/RuPlumeScan/catalog/CH4/events_2023_intermediate,viirs_0071,1693896446000,166.58649596249097,,1.2,2026-05-23T03:00:11.463093+00:00,150,2026-05-23,2026-06-20,1,,0.14980582356894778,23.757452371033708,0,63.10397184128567,10m,0,ERA5_HOURLY_10m,2.0642487662001265,misaligned,-0.9338101744651794,-7.617603302001953,-1.840956687927246,-6.2452712059021,
CH4-WSP-068,2023-09-06T06:28:19Z,2023-09-06,2023,9,67.07962371244955,62.969493273473574,243.80559974001105,5,3.320538846418551,3.2500297428213094,43.18035230095279,29.024429218619236,0,-0.5638327841976933,viirs_flare_high,21.038633113243915,0,1,2.3.2,default_combine,e28cf8046aba243c45f89c7b47a89288d0e9e597bba906d5566f9b726bcbf4b3,default_combine_2023_combined_e28cf804,zapsib,0,2026-05-23,1692217114789,0,5,numpy_eigh_with_cos_lat,axis_v1,CH4_only,0,projects/nodal-thunder-481307-u1/assets/RuPlumeScan/catalog/CH4/events_2023_intermediate,viirs_0071,1693981699000,142.99126347144542,,1.2,2026-05-23T03:00:11.463093+00:00,150,2026-05-23,2026-06-20,1,,0.3635734520966698,22.60973381611899,,85.7128741601457,10m,0,ERA5_HOURLY_10m,0.15364335717626623,insufficient_wind,-0.011485557071864605,-1.9841079711914062,-0.15321345627307892,-3.911421775817871,
CH4-WSP-069,2023-09-06T06:28:19Z,2023-09-06,2023,9,81.1460100915534,67.03258968349523,291.9798251615229,6,5.136712795076213,4.142009980589058,29.797872115502287,22.426230000060777,1,0.8016442408061577,viirs_flare_high,20.789946910181666,0,0,2.3.2,default_combine,e28cf8046aba243c45f89c7b47a89288d0e9e597bba906d5566f9b726bcbf4b3,default_combine_2023_combined_e28cf804,zapsib,1,2026-05-23,1537598292023,0,6,numpy_eigh_with_cos_lat,axis_v1,CH4_only,0,projects/nodal-thunder-481307-u1/assets/RuPlumeScan/catalog/CH4/events_2023_intermediate,viirs_0138,1693981699000,12.533851644505194,,1.2,2026-05-23T03:00:11.463093+00:00,150,2026-05-23,2026-06-20,0,,0.9907685681852518,2.025455128920157,1,13.364680507832531,10m,0,ERA5_HOURLY_10m,3.9261613180816863,aligned,-3.8198351860046387,-4.217914581298828,-0.9075251221656799,-1.1610260009765625,
CH4-WSP-070,2024-04-22T06:36:00Z,2024-04-22,2024,4,66.56015719376396,61.90812832713608,438.1191724089091,9,4.9433545316178265,3.6058648585162607,32.93452846445689,23.983387322354073,1,0.02351963255417229,viirs_flare_high,20.34406200011472,0,1,3.1.4,default_combine,19aa2a9b479246bdd0330cb38d725e695b098160d736290942f9a5f12569a2c8,default_combine_2024_combined_19aa2a9b,zapsib,0,2026-05-13,1748051689646,0.876498707657105,9,numpy_eigh_with_cos_lat,axis_v1,CH4_only,0,projects/nodal-thunder-481307-u1/assets/RuPlumeScan/catalog/CH4/events_2024_intermediate,viirs_0125,1713767760000,86.17751902798065,zone_boundary_adjustment_applied,1.2,2026-05-14T03:57:50.383568+00:00,150,2026-05-23,2026-06-20,0,1,0.7256116374865065,30.13534858715491,1,110.87247165419507,10m,0,ERA5_HOURLY_10m,4.856352131631158,aligned,1.7302653789520264,9.247782707214355,-4.537657737731934,-7.486617088317871,16
CH4-WSP-071,2024-05-03T06:30:35Z,2024-05-03,2024,5,71.17206660294073,60.75732091440409,292.0174380230987,6,4.345604736141457,4.239542580194274,37.713888280061155,28.08383604827408,1,0.31096083967113275,viirs_flare_high,18.999163220056012,0,1,3.1.4,default_combine,19aa2a9b479246bdd0330cb38d725e695b098160d736290942f9a5f12569a2c8,default_combine_2024_combined_19aa2a9b,zapsib,0,2026-05-13,1864015806612,0.8970794439325349,6,numpy_eigh_with_cos_lat,axis_v1,CH4_only,0,projects/nodal-thunder-481307-u1/assets/RuPlumeScan/catalog/CH4/events_2024_intermediate,viirs_0289,1714717835000,175.69522848790405,,1.2,2026-05-14T03:57:50.383568+00:00,150,2026-05-23,2026-06-20,0,1,0.8834206174338685,159.84175413357423,1,345.2030840569522,10m,1,ERA5_HOURLY_10m,2.104490612129798,aligned,-2.0346996784210205,5.988994598388672,0.5374736785888672,-4.186558246612549,
CH4-WSP-072,2024-05-03T06:30:35Z,2024-05-03,2024,5,74.8655876706199,61.27910002830544,1753.9781530477107,36,6.907648790048544,4.398318885144778,50.78400949675688,26.13442166849874,1,-0.07709652636766225,viirs_flare_high,21.335402092075473,0,1,3.1.4,default_combine,19aa2a9b479246bdd0330cb38d725e695b098160d736290942f9a5f12569a2c8,default_combine_2024_combined_19aa2a9b,zapsib,0,2026-05-13,1885490643059,0.9481752570784002,36,numpy_eigh_with_cos_lat,axis_v1,CH4_only,0,projects/nodal-thunder-481307-u1/assets/RuPlumeScan/catalog/CH4/events_2024_intermediate,viirs_0366,1714717835000,150.44195169812573,zone_boundary_adjustment_applied,1.2,2026-05-14T03:57:50.383568+00:00,150,2026-05-23,2026-06-20,0,1,0.7653970286151949,45.650236375443114,,171.5562191227582,10m,1,ERA5_HOURLY_10m,1.4124594350539352,insufficient_wind,1.3971489667892456,3.9166393280029297,-0.2074040025472641,-5.409435749053955,16
CH4-WSP-073,2024-05-03T08:12:05Z,2024-05-03,2024,5,73.66283845796339,61.999565702670694,291.9514909201434,6,5.025029215553364,4.091001948621844,20.581902252349664,17.867676498128244,1,0.6408956575115702,viirs_flare_high,18.89424064311656,0,1,3.1.4,default_combine,19aa2a9b479246bdd0330cb38d725e695b098160d736290942f9a5f12569a2c8,default_combine_2024_combined_19aa2a9b,zapsib,1,2026-05-13,1816771166331,1,6,numpy_eigh_with_cos_lat,axis_v1,CH4_only,0,projects/nodal-thunder-481307-u1/assets/RuPlumeScan/catalog/CH4/events_2024_intermediate,viirs_0297,1714723925000,116.99662816679077,zone_boundary_adjustment_applied,1.2,2026-05-14T03:57:50.383568+00:00,150,2026-05-23,2026-06-20,0,1,0.004628590574596303,74.07116976419655,,207.41320131850443,10m,1,ERA5_HOURLY_10m,1.9161352391235384,insufficient_wind,1.7009711265563965,4.105722427368164,0.8821969628334045,-4.350488185882568,16
CH4-WSP-074,2024-05-06T07:15:12Z,2024-05-06,2024,5,68.33504843591778,62.34696039108573,486.464034746763,10,7.320166694317599,5.457116983980595,55.46832752707178,27.265514127096672,1,-0.21536467285715558,viirs_flare_high,11.450940739856406,0,1,3.1.4,default_combine,19aa2a9b479246bdd0330cb38d725e695b098160d736290942f9a5f12569a2c8,default_combine_2024_combined_19aa2a9b,zapsib,0,2026-05-13,1735166787743,0.9382450059717574,10,numpy_eigh_with_cos_lat,axis_v1,CH4_only,0,projects/nodal-thunder-481307-u1/assets/RuPlumeScan/catalog/CH4/events_2024_intermediate,viirs_0146,1714979712000,54.56756997913638,zone_boundary_adjustment_applied,1.2,2026-05-14T03:57:50.383568+00:00,150,2026-05-23,2026-06-20,0,1,0.7307102920403437,90.25205195327186,1,210.3314962627673,10m,1,ERA5_HOURLY_10m,3.8242492247636846,aligned,3.30077862739563,5.548852920532227,1.9312541484832764,-9.580193519592285,16
CH4-WSP-075,2024-05-06T07:15:12Z,2024-05-06,2024,5,72.85833054685709,61.593223226046305,390.2356423403317,8,5.388583072822479,4.184588230399762,29.556509982183115,12.612453974234555,1,0.2794303061685265,gas_field,12.832539966425372,0,1,3.1.4,default_combine,19aa2a9b479246bdd0330cb38d725e695b098160d736290942f9a5f12569a2c8,default_combine_2024_combined_19aa2a9b,zapsib,0,2026-05-13,1829656068227,0.9951341159296879,8,numpy_eigh_with_cos_lat,axis_v1,CH4_only,0,projects/nodal-thunder-481307-u1/assets/RuPlumeScan/catalog/CH4/events_2024_intermediate,ru_khmao_priobskoye,1714979712000,165.12352320864903,zone_boundary_adjustment_applied,1.2,2026-05-14T03:57:50.383568+00:00,150,2026-05-23,2026-06-20,0,1,0.9160846823642999,22.998543000090876,1,172.67590179586205,10m,0,ERA5_HOURLY_10m,4.600258021767974,aligned,4.5627241134643555,7.962120056152344,-0.5864490866661072,-4.656908988952637,16
CH4-WSP-076,2024-05-06T07:15:12Z,2024-05-06,2024,5,75.79365937139175,62.388696886537836,292.33631210571,6,8.391594838129397,5.467214153579362,52.623666325480826,32.787146913264415,1,0.6573429600956621,viirs_flare_high,48.98781846820805,0,1,3.1.4,default_combine,19aa2a9b479246bdd0330cb38d725e695b098160d736290942f9a5f12569a2c8,default_combine_2024_combined_19aa2a9b,zapsib,1,2026-05-13,1812476199017,1,6,numpy_eigh_with_cos_lat,axis_v1,CH4_only,0,projects/nodal-thunder-481307-u1/assets/RuPlumeScan/catalog/CH4/events_2024_intermediate,viirs_0352,1714979712000,172.11825135186595,zone_boundary_adjustment_applied,1.2,2026-05-14T03:57:50.383568+00:00,150,2026-05-23,2026-06-20,0,1,0.9746454387650908,26.702821794618217,1,169.83634084072412,10m,0,ERA5_HOURLY_10m,7.2170774267085696,aligned,7.103825092315674,10.302202224731445,-1.273528814315796,-7.725691795349121,16
CH4-WSP-077,2024-06-01T07:28:51Z,2024-06-01,2024,6,64.72604558186084,60.29557942445128,2144.3189565884722,44,5.747357213762728,4.514028768660071,4.577048751971006,4.410449455503788,0,0.0583632340755396,viirs_flare_high,3.9056993244660974,0,1,3.1.4,default_combine,19aa2a9b479246bdd0330cb38d725e695b098160d736290942f9a5f12569a2c8,default_combine_2024_combined_19aa2a9b,zapsib,0,2026-05-13,1816771166403,0,44,numpy_eigh_with_cos_lat,axis_v1,CH4_only,0,projects/nodal-thunder-481307-u1/assets/RuPlumeScan/catalog/CH4/events_2024_intermediate,viirs_0169,1717226931000,160.1660438523475,,1.2,2026-05-14T03:57:50.383568+00:00,150,2026-05-23,2026-06-20,0,1,0.9650995169844735,71.42975596185613,1,157.02500038095013,10m,1,ERA5_HOURLY_10m,2.285131416828043,aligned,2.1038639545440674,-0.5796489715576172,-0.8919540643692017,-7.525045394897461,
CH4-WSP-078,2024-06-01T07:28:51Z,2024-06-01,2024,6,65.23614803795353,60.87953560661203,437.32780730968807,9,6.306128700622569,4.547953051511883,35.27894181759552,11.32850926364333,0,-0.4875156530782616,viirs_flare_high,12.657343591652246,0,1,3.1.4,default_combine,19aa2a9b479246bdd0330cb38d725e695b098160d736290942f9a5f12569a2c8,default_combine_2024_combined_19aa2a9b,zapsib,0,2026-05-13,1786706395326,0,9,numpy_eigh_with_cos_lat,axis_v1,wind_ambiguous,0,projects/nodal-thunder-481307-u1/assets/RuPlumeScan/catalog/CH4/events_2024_intermediate,viirs_0157,1717226931000,68.61872091757407,,1.2,2026-05-14T03:57:50.383568+00:00,150,2026-05-23,2026-06-20,0,1,0.19614801528093295,93.37716181300755,0,176.27204229285803,10m,1,ERA5_HOURLY_10m,2.877778907487432,misaligned,2.871689558029175,-0.8646011352539062,-0.1871109902858734,-6.936379432678223,
CH4-WSP-079,2024-06-01T07:28:51Z,2024-06-01,2024,6,65.84906603423161,59.6215523727505,584.4815902968742,12,19.16349189798426,7.752841459363366,20.88646937663225,7.1745861027374795,0,-0.10931891317984804,viirs_flare_low,4.442699458768155,0,0,3.1.4,default_combine,19aa2a9b479246bdd0330cb38d725e695b098160d736290942f9a5f12569a2c8,default_combine_2024_combined_19aa2a9b,zapsib,0,2026-05-13,1868310773954,0,12,numpy_eigh_with_cos_lat,axis_v1,wind_ambiguous,0,projects/nodal-thunder-481307-u1/assets/RuPlumeScan/catalog/CH4/events_2024_intermediate,viirs_0233,1717226931000,39.964206802197616,,1.2,2026-05-14T03:57:50.383568+00:00,150,2026-05-23,2026-06-20,0,1,0.2570178373289751,33.384711731900495,0,106.83260144258986,10m,0,ERA5_HOURLY_10m,2.2686681816382475,misaligned,0.6569529175758362,5.188586235046387,-2.171466827392578,-4.320311546325684,
CH4-WSP-080,2024-06-01T07:28:51Z,2024-06-01,2024,6,67.05896408698837,61.29977032428275,292.2851429150208,6,8.336079599695399,8.09575559394674,57.79958922125297,24.25483019295443,0,-0.2806978312903835,viirs_flare_high,18.422959398195406,0,1,3.1.4,default_combine,19aa2a9b479246bdd0330cb38d725e695b098160d736290942f9a5f12569a2c8,default_combine_2024_combined_19aa2a9b,zapsib,0,2026-05-13,1786706395311,0,6,numpy_eigh_with_cos_lat,axis_v1,wind_ambiguous,0,projects/nodal-thunder-481307-u1/assets/RuPlumeScan/catalog/CH4/events_2024_intermediate,viirs_0181,1717226931000,76.30134146257049,zone_boundary_adjustment_applied,1.2,2026-05-14T03:57:50.383568+00:00,150,2026-05-23,2026-06-20,0,1,0.028154267982656522,56.36808743404595,0,168.83522558100958,10m,1,ERA5_HOURLY_10m,3.1613583395188507,misaligned,3.101527690887451,2.1843814849853516,-0.6121376752853394,-5.282130241394043,16
CH4-WSP-081,2024-06-19T06:51:12Z,2024-06-19,2024,6,65.58733497160937,61.22535377717851,389.671449369622,8,5.859751353097654,4.65357716708269,42.56839942845795,19.98567920323813,0,-0.287041949228674,viirs_flare_high,2.8695493704275856,0,1,3.1.4,default_combine,19aa2a9b479246bdd0330cb38d725e695b098160d736290942f9a5f12569a2c8,default_combine_2024_combined_19aa2a9b,zapsib,0,2026-05-13,1769526526138,0,8,numpy_eigh_with_cos_lat,axis_v1,CH4_only,0,projects/nodal-thunder-481307-u1/assets/RuPlumeScan/catalog/CH4/events_2024_intermediate,viirs_0135,1718779872000,16.891339387259677,zone_boundary_adjustment_applied,1.2,2026-05-14T03:57:50.383568+00:00,150,2026-05-23,2026-06-20,0,1,0.933405713589722,119.87046328820071,1,22.88482516418469,10m,1,ERA5_HOURLY_10m,3.0611049983396446,aligned,-2.8201606273651123,8.829233169555664,-1.1904023885726929,-6.712618827819824,16
CH4-WSP-082,2024-06-19T06:51:12Z,2024-06-19,2024,6,66.3448284594465,61.2437274910681,827.0952863469547,17,9.341696289595413,5.117619746875043,32.233519967275015,12.970711437854867,0,-0.3350002716037532,viirs_flare_high,17.072997811876654,0,1,3.1.4,default_combine,19aa2a9b479246bdd0330cb38d725e695b098160d736290942f9a5f12569a2c8,default_combine_2024_combined_19aa2a9b,zapsib,0,2026-05-13,1791001362612,0,17,numpy_eigh_with_cos_lat,axis_v1,wind_ambiguous,0,projects/nodal-thunder-481307-u1/assets/RuPlumeScan/catalog/CH4/events_2024_intermediate,viirs_0176,1718779872000,150.04846127855046,zone_boundary_adjustment_applied,1.2,2026-05-14T03:57:50.383568+00:00,150,2026-05-23,2026-06-20,0,1,0.3286375579576498,111.71827513903702,0,30.471081062361975,10m,1,ERA5_HOURLY_10m,2.9299993681506247,misaligned,-2.5253231525421143,9.818188667297363,-1.4858126640319824,-7.61868953704834,16
CH4-WSP-083,2024-06-19T06:51:12Z,2024-06-19,2024,6,66.3598925134879,62.02952076399666,439.0456370583041,9,9.241117234057578,6.122829796750729,37.480755469827045,14.314153228353314,0,-0.3201871521864238,viirs_flare_high,26.089811510312124,0,1,3.1.4,default_combine,19aa2a9b479246bdd0330cb38d725e695b098160d736290942f9a5f12569a2c8,default_combine_2024_combined_19aa2a9b,zapsib,0,2026-05-13,1730871820464,0,9,numpy_eigh_with_cos_lat,axis_v1,wind_ambiguous,0,projects/nodal-thunder-481307-u1/assets/RuPlumeScan/catalog/CH4/events_2024_intermediate,viirs_0083,1718779872000,148.65172221226237,zone_boundary_adjustment_applied,1.2,2026-05-14T03:57:50.383568+00:00,150,2026-05-23,2026-06-20,0,1,0.3099893893354483,107.3403378217194,0,30.752677172072026,10m,1,ERA5_HOURLY_10m,2.5431101811320485,misaligned,-2.18550443649292,11.573539733886719,-1.3003767728805542,-10.386890411376953,16
CH4-WSP-084,2024-06-19T06:51:12Z,2024-06-19,2024,6,67.19162990360401,61.28455084268615,389.55412848936237,8,7.694477031926762,5.736649215420351,33.44523514019352,15.968713907428636,0,0.23819201203186788,viirs_flare_high,16.656783741877106,0,1,3.1.4,default_combine,19aa2a9b479246bdd0330cb38d725e695b098160d736290942f9a5f12569a2c8,default_combine_2024_combined_19aa2a9b,zapsib,0,2026-05-13,1795296329902,0,8,numpy_eigh_with_cos_lat,axis_v1,wind_ambiguous,0,projects/nodal-thunder-481307-u1/assets/RuPlumeScan/catalog/CH4/events_2024_intermediate,viirs_0181,1718779872000,154.3424476241388,zone_boundary_adjustment_applied,1.2,2026-05-14T03:57:50.383568+00:00,150,2026-05-23,2026-06-20,0,1,0.2826510875238234,103.52172710428891,0,38.903849746994695,10m,1,ERA5_HOURLY_10m,2.898507977490003,misaligned,-2.2556216716766357,11.261238098144531,-1.8203074932098389,-8.664315223693848,16
CH4-WSP-085,2024-07-02T06:06:46Z,2024-07-02,2024,7,77.58203651995147,67.72888039724162,243.2680429258571,5,7.888537900605627,5.829086538304118,49.59515648050183,18.640482914012445,0,-0.30112036610685977,viirs_flare_high,24.86604347892115,0,1,3.1.4,default_combine,19aa2a9b479246bdd0330cb38d725e695b098160d736290942f9a5f12569a2c8,default_combine_2024_combined_19aa2a9b,zapsib,0,2026-05-13,1473173782603,0,5,numpy_eigh_with_cos_lat,axis_v1,CH4_only,0,projects/nodal-thunder-481307-u1/assets/RuPlumeScan/catalog/CH4/events_2024_intermediate,viirs_0034,1719900406000,8.126641751626945,,1.2,2026-05-14T03:57:50.383568+00:00,150,2026-05-23,2026-06-20,0,1,0.9471066420276657,46.32573047640432,1,183.36623953411686,10m,1,ERA5_HOURLY_10m,6.82665861238242,aligned,6.814879894256592,7.097607612609863,0.4008488953113556,-6.609250545501709,
CH4-WSP-086,2024-07-03T05:47:43Z,2024-07-03,2024,7,78.43311956881594,62.299308540808454,243.48989305337852,5,4.390100686506063,3.978057365342118,44.80530880255242,21.883661439914487,0,-0.5328335556104085,viirs_flare_high,13.83447680458242,0,0,3.1.4,default_combine,19aa2a9b479246bdd0330cb38d725e695b098160d736290942f9a5f12569a2c8,default_combine_2024_combined_19aa2a9b,zapsib,0,2026-05-13,1838246002774,0,5,numpy_eigh_with_cos_lat,axis_v1,wind_ambiguous,0,projects/nodal-thunder-481307-u1/assets/RuPlumeScan/catalog/CH4/events_2024_intermediate,viirs_0378,1719985663000,115.31280119199299,zone_boundary_adjustment_applied,1.2,2026-05-14T03:57:50.383568+00:00,150,2026-05-23,2026-06-20,1,1,0.256404150389145,78.99639735731733,0,48.38917472701604,10m,1,ERA5_HOURLY_10m,2.8589232309353814,misaligned,-1.8985179662704468,-1.2565269470214844,-2.1375386714935303,0.7433217763900757,16
CH4-WSP-087,2024-07-03T05:47:43Z,2024-07-03,2024,7,79.83538180250918,62.24570887164453,584.5454006989431,12,4.540775010978417,3.5888749180425474,37.76594094453162,27.833612408274625,0,-0.3016905749122745,viirs_flare_high,23.42376316691304,0,0,3.1.4,default_combine,19aa2a9b479246bdd0330cb38d725e695b098160d736290942f9a5f12569a2c8,default_combine_2024_combined_19aa2a9b,zapsib,0,2026-05-13,1842540970060,0,12,numpy_eigh_with_cos_lat,axis_v1,wind_ambiguous,0,projects/nodal-thunder-481307-u1/assets/RuPlumeScan/catalog/CH4/events_2024_intermediate,viirs_0414,1719985663000,178.2456238016927,zone_boundary_adjustment_applied,1.2,2026-05-14T03:57:50.383568+00:00,150,2026-05-23,2026-06-20,0,1,0.6149950023266182,29.56402864272468,0,32.89607359229706,10m,0,ERA5_HOURLY_10m,2.0018051552214207,misaligned,-1.6808298826217651,-3.4997291564941406,-1.0872142314910889,-0.20375704765319824,16
CH4-WSP-088,2024-07-04T07:10:10Z,2024-07-04,2024,7,76.94968980597402,60.65284451395876,292.32372753898545,6,5.072792288938911,3.867137903528068,44.05610954282861,23.533144646804107,0,-0.8182478611880736,gas_field,14.623729648738863,0,1,3.1.4,default_combine,19aa2a9b479246bdd0330cb38d725e695b098160d736290942f9a5f12569a2c8,default_combine_2024_combined_19aa2a9b,zapsib,0,2026-05-13,1932735283303,0,6,numpy_eigh_with_cos_lat,axis_v1,CH4_only,0,projects/nodal-thunder-481307-u1/assets/RuPlumeScan/catalog/CH4/events_2024_intermediate,ru_khmao_samotlor,1720077010000,168.1279233132669,,1.2,2026-05-14T03:57:50.383568+00:00,150,2026-05-23,2026-06-20,1,1,0.31737621844295794,26.739934993260988,,106.69178297313312,10m,0,ERA5_HOURLY_10m,1.6961520018727634,insufficient_wind,0.4871741235256195,-0.8695297241210938,-1.6246824264526367,-4.907228469848633,
CH4-WSP-089,2024-07-06T06:32:04Z,2024-07-06,2024,7,70.8500593220889,61.08213732807738,340.8763263899266,7,3.9434857058775927,3.4875663163573156,56.86317399906329,29.61019648297359,0,0.36305419134433925,viirs_flare_high,13.607739077166979,0,1,3.1.4,default_combine,19aa2a9b479246bdd0330cb38d725e695b098160d736290942f9a5f12569a2c8,default_combine_2024_combined_19aa2a9b,zapsib,0,2026-05-13,1842540970132,0,7,numpy_eigh_with_cos_lat,axis_v1,wind_ambiguous,0,projects/nodal-thunder-481307-u1/assets/RuPlumeScan/catalog/CH4/events_2024_intermediate,viirs_0278,1720247524000,179.27679295864561,,1.2,2026-05-14T03:57:50.383568+00:00,150,2026-05-23,2026-06-20,0,1,0.4475536263865334,10.204974055961145,0,48.99696658385761,10m,0,ERA5_HOURLY_10m,5.384717923660023,misaligned,-3.5329079627990723,-1.8899879455566406,-4.063711166381836,-3.1707284450531006,
CH4-WSP-090,2024-07-06T06:32:04Z,2024-07-06,2024,7,71.2715680861402,61.03541084014732,243.56186934036074,5,5.209449952218673,4.296043102520449,46.37897081071446,17.97723473427044,0,-0.469006527400616,viirs_flare_high,23.43600106836084,0,1,3.1.4,default_combine,19aa2a9b479246bdd0330cb38d725e695b098160d736290942f9a5f12569a2c8,default_combine_2024_combined_19aa2a9b,zapsib,0,2026-05-13,1851130904721,0,5,numpy_eigh_with_cos_lat,axis_v1,wind_ambiguous,0,projects/nodal-thunder-481307-u1/assets/RuPlumeScan/catalog/CH4/events_2024_intermediate,viirs_0278,1720247524000,14.118599993372294,,1.2,2026-05-14T03:57:50.383568+00:00,150,2026-05-23,2026-06-20,0,1,0.5897601485837829,12.528064284067,0,51.04018662083183,10m,0,ERA5_HOURLY_10m,5.4339747034835355,misaligned,-3.416748285293579,-1.5427474975585938,-4.225389003753662,-3.103525400161743,
CH4-WSP-091,2024-07-06T06:32:04Z,2024-07-06,2024,7,72.8046635367837,60.8781438391819,340.7565203595919,7,5.662297559205773,3.8322446771566976,36.288809905650396,23.449825514646705,0,-0.6803063724019482,viirs_flare_high,1.6177808373728064,0,1,3.1.4,default_combine,19aa2a9b479246bdd0330cb38d725e695b098160d736290942f9a5f12569a2c8,default_combine_2024_combined_19aa2a9b,zapsib,0,2026-05-13,1876900708487,0,7,numpy_eigh_with_cos_lat,axis_v1,wind_ambiguous,0,projects/nodal-thunder-481307-u1/assets/RuPlumeScan/catalog/CH4/events_2024_intermediate,viirs_0332,1720247524000,153.42834218078713,,1.2,2026-05-14T03:57:50.383568+00:00,150,2026-05-23,2026-06-20,1,1,0.05976031886324529,16.821164181426298,0,58.049913483095054,10m,0,ERA5_HOURLY_10m,5.719905920284484,misaligned,-3.0268614292144775,-0.9364833831787109,-4.853394031524658,-3.46380877494812,
CH4-WSP-092,2024-07-06T06:32:04Z,2024-07-06,2024,7,77.60336824617231,64.82130452176816,292.09825286696116,6,3.9968303529479017,3.639756526067503,38.00278017398864,22.175633108235754,0,0.4298086889539448,viirs_flare_high,12.989366812086384,0,1,3.1.4,default_combine,19aa2a9b479246bdd0330cb38d725e695b098160d736290942f9a5f12569a2c8,default_combine_2024_combined_19aa2a9b,zapsib,0,2026-05-13,1657857376341,0,6,numpy_eigh_with_cos_lat,axis_v1,wind_ambiguous,0,projects/nodal-thunder-481307-u1/assets/RuPlumeScan/catalog/CH4/events_2024_intermediate,viirs_0215,1720247524000,168.7976830526866,,1.2,2026-05-14T03:57:50.383568+00:00,150,2026-05-23,2026-06-20,0,1,0.2663035364366152,2.1944251827065955,0,102.76500133198198,10m,0,ERA5_HOURLY_10m,4.991678448048386,misaligned,1.1029253005981445,3.286714553833008,-4.868306636810303,-12.30102252960205,
CH4-WSP-093,2024-07-21T06:50:29Z,2024-07-21,2024,7,77.12214807442366,64.89838035162198,243.50952722831266,5,3.7925345094183305,3.4519897047543404,27.38724217825802,15.420479165503915,0,0.03808689642967458,viirs_flare_high,8.344022752631172,0,1,3.1.4,default_combine,19aa2a9b479246bdd0330cb38d725e695b098160d736290942f9a5f12569a2c8,default_combine_2024_combined_19aa2a9b,zapsib,0,2026-05-13,1662152343639,0,5,numpy_eigh_with_cos_lat,axis_v1,wind_ambiguous,0,projects/nodal-thunder-481307-u1/assets/RuPlumeScan/catalog/CH4/events_2024_intermediate,viirs_0206,1721544629000,143.5194826287353,,1.2,2026-05-14T03:57:50.383568+00:00,150,2026-05-23,2026-06-20,0,1,0.23401347951323426,28.921648140699176,0,74.58069578492638,10m,0,ERA5_HOURLY_10m,5.860155432120022,misaligned,-1.5581035614013672,-6.703876495361328,-5.649224281311035,-6.859901428222656,
CH4-WSP-094,2024-07-23T06:12:20Z,2024-07-23,2024,7,71.72417899465441,60.409418330339584,486.94139804545193,10,5.708056888961493,4.525793183655109,26.378904113639692,13.3977757673498,0,0.1306505340996954,viirs_flare_high,17.938819847390235,0,1,3.1.4,default_combine,19aa2a9b479246bdd0330cb38d725e695b098160d736290942f9a5f12569a2c8,default_combine_2024_combined_19aa2a9b,zapsib,0,2026-05-13,1894080577681,0,10,numpy_eigh_with_cos_lat,axis_v1,wind_ambiguous,0,projects/nodal-thunder-481307-u1/assets/RuPlumeScan/catalog/CH4/events_2024_intermediate,viirs_0346,1721715140000,176.0034885959343,,1.2,2026-05-14T03:57:50.383568+00:00,150,2026-05-23,2026-06-20,0,1,0.4600795742524345,13.628702160983607,0,44.596326913215194,10m,0,ERA5_HOURLY_10m,2.963538167609018,misaligned,-2.1102497577667236,-4.361148834228516,-2.0807220935821533,-2.6170897483825684,
CH4-WSP-095,2024-07-27T06:37:27Z,2024-07-27,2024,7,79.28606075952459,62.233931529048625,389.87138303133946,8,3.5136420732652556,3.328151933460111,70.4718813945151,34.06343199349122,0,0.23136718711715312,viirs_flare_high,13.668324080404894,0,0,3.1.4,default_combine,19aa2a9b479246bdd0330cb38d725e695b098160d736290942f9a5f12569a2c8,default_combine_2024_combined_19aa2a9b,zapsib,0,2026-05-13,1851130904655,0,8,numpy_eigh_with_cos_lat,axis_v1,wind_ambiguous,0,projects/nodal-thunder-481307-u1/assets/RuPlumeScan/catalog/CH4/events_2024_intermediate,viirs_0412,1722062247000,91.88906449011775,zone_boundary_adjustment_applied,1.2,2026-05-14T03:57:50.383568+00:00,150,2026-05-23,2026-06-20,0,1,0.17183199815132244,88.23516328976518,0,346.4241846564987,10m,1,ERA5_HOURLY_10m,3.2833148457718915,misaligned,-3.191579580307007,1.053152084350586,0.7706984877586365,5.0363335609436035,16
CH4-WSP-096,2024-08-01T05:01:58Z,2024-08-01,2024,8,71.51259772263562,71.76671384934058,291.2704115004339,6,3.798658045815137,3.5351556827049273,28.364248269868767,20.199809734535407,0,-0.6579275607189076,gas_field,24.3755479932407,0,0,3.1.4,default_combine,19aa2a9b479246bdd0330cb38d725e695b098160d736290942f9a5f12569a2c8,default_combine_2024_combined_19aa2a9b,zapsib,0,2026-05-13,1172526071899,0,6,numpy_eigh_with_cos_lat,axis_v1,wind_ambiguous,0,projects/nodal-thunder-481307-u1/assets/RuPlumeScan/catalog/CH4/events_2024_intermediate,manual_p_01_0d_tambeyskoye,1722488518000,145.0825298386497,,1.2,2026-05-14T03:57:50.383568+00:00,150,2026-05-23,2026-06-20,1,1,0.2918204191364907,16.721713813094368,0,28.818692116365526,10m,0,ERA5_HOURLY_10m,7.005080364857716,misaligned,-6.137497425079346,-8.737503051757812,-3.376725673675537,-1.8726763725280762,
CH4-WSP-097,2024-08-17T06:42:02Z,2024-08-17,2024,8,71.9198421004187,71.10211226398563,388.8520555832629,8,4.393437975075463,3.5677041117347574,41.670717424835175,30.735827354592526,0,-0.786294613370249,gas_field,1.1158209580132963,0,0,3.1.4,default_combine,19aa2a9b479246bdd0330cb38d725e695b098160d736290942f9a5f12569a2c8,default_combine_2024_combined_19aa2a9b,zapsib,0,2026-05-13,1224065679451,0,8,numpy_eigh_with_cos_lat,axis_v1,wind_ambiguous,0,projects/nodal-thunder-481307-u1/assets/RuPlumeScan/catalog/CH4/events_2024_intermediate,manual_p_01_0d_kruzenshternskoye,1723876922000,91.15693431486874,,1.2,2026-05-14T03:57:50.383568+00:00,150,2026-05-23,2026-06-20,1,1,0.5354015017315596,37.26020208338173,0,49.34306947070911,10m,0,ERA5_HOURLY_10m,7.62347422650202,misaligned,-4.966909408569336,-9.920708656311035,-5.783352851867676,-2.1237130165100098,
CH4-WSP-098,2024-09-01T06:59:17Z,2024-09-01,2024,9,64.69163725713446,60.53031310604396,340.5410413671771,7,5.799055424163976,4.828844991857641,32.051957117657594,22.397026613205725,0,0.17354956250182854,viirs_flare_high,22.38648407111667,0,1,3.1.4,default_combine,19aa2a9b479246bdd0330cb38d725e695b098160d736290942f9a5f12569a2c8,default_combine_2024_combined_19aa2a9b,zapsib,0,2026-05-13,1799591297221,0,7,numpy_eigh_with_cos_lat,axis_v1,wind_ambiguous,0,projects/nodal-thunder-481307-u1/assets/RuPlumeScan/catalog/CH4/events_2024_intermediate,viirs_0169,1725173957000,86.19081301303277,,1.2,2026-05-14T03:57:50.383568+00:00,150,2026-05-23,2026-06-20,0,1,0.008881560696588409,61.215781978187465,0,176.99015347572572,10m,1,ERA5_HOURLY_10m,2.690161012152064,misaligned,2.6864500045776367,3.0828657150268555,-0.14125382900238037,-6.384500503540039,
CH4-WSP-099,2024-09-02T08:21:37Z,2024-09-02,2024,9,61.95675590415663,54.05886162852584,243.78196456339845,5,5.119650449479567,3.955326759847486,24.093708127052196,14.27363037578772,0,-0.057112304905771606,tpp_gres,20.500288326830084,0,1,3.1.4,default_combine,19aa2a9b479246bdd0330cb38d725e695b098160d736290942f9a5f12569a2c8,default_combine_2024_combined_19aa2a9b,zapsib,0,2026-05-13,2130303779080,0,5,numpy_eigh_with_cos_lat,axis_v1,wind_ambiguous,0,projects/nodal-thunder-481307-u1/assets/RuPlumeScan/catalog/CH4/events_2024_intermediate,gppd_WRI1003839,1725265297000,133.01213003912218,,1.2,2026-05-14T03:57:50.383568+00:00,150,2026-05-23,2026-06-20,0,1,0.6461744137492509,14.012935115493633,0,164.8564328016896,10m,0,ERA5_HOURLY_10m,4.523100092026232,misaligned,4.366032123565674,6.921426773071289,-1.1816082000732422,-3.8613617420196533,
CH4-WSP-100,2024-10-01T05:52:56Z,2024-10-01,2024,10,70.25937347672942,60.4243046106282,243.63511964292587,5,8.514798774450949,5.60824658734275,14.035473985560202,4.819214254133747,0,0.15957117523045872,viirs_flare_high,37.886865511396,0,1,3.1.4,default_combine,19aa2a9b479246bdd0330cb38d725e695b098160d736290942f9a5f12569a2c8,default_combine_2024_combined_19aa2a9b,zapsib,0,2026-05-13,1876900708508,0,5,numpy_eigh_with_cos_lat,axis_v1,wind_ambiguous,0,projects/nodal-thunder-481307-u1/assets/RuPlumeScan/catalog/CH4/events_2024_intermediate,viirs_0316,1727761976000,18.23682350240438,,1.2,2026-05-14T03:57:50.383568+00:00,150,2026-05-23,2026-06-20,0,1,0.5660214613550756,4.728781892598363,0,159.17875502436118,10m,0,ERA5_HOURLY_10m,5.437360340050519,misaligned,5.082267761230469,13.252105712890625,-1.9327291250228882,-3.8231353759765625,
CH4-WSP-101,2024-10-01T05:52:56Z,2024-10-01,2024,10,71.28478200260027,60.33365633172219,1462.0886694136077,30,9.974694378126525,5.947484250569777,38.68470289965035,12.73099541351578,0,-0.2436291213475681,viirs_flare_high,21.58579726757953,0,1,3.1.4,default_combine,19aa2a9b479246bdd0330cb38d725e695b098160d736290942f9a5f12569a2c8,default_combine_2024_combined_19aa2a9b,zapsib,0,2026-05-13,1898375544977,0,30,numpy_eigh_with_cos_lat,axis_v1,wind_ambiguous,0,projects/nodal-thunder-481307-u1/assets/RuPlumeScan/catalog/CH4/events_2024_intermediate,viirs_0316,1727761976000,72.41330771900508,,1.2,2026-05-14T03:57:50.383568+00:00,150,2026-05-23,2026-06-20,0,1,0.04607248337574077,4.854411126731293,0,158.2667842151884,10m,0,ERA5_HOURLY_10m,5.1668205229800055,misaligned,4.799552917480469,13.836090087890625,-1.9131978750228882,-4.1981353759765625,
CH4-WSP-102,2024-10-01T05:52:56Z,2024-10-01,2024,10,77.27113782122501,65.583550625787,682.6210034030944,14,4.695293856131943,4.560616548618644,23.99025980707779,22.64635734940841,0,0.15535811612149356,gas_field,40.881995068270115,0,1,3.1.4,default_combine,19aa2a9b479246bdd0330cb38d725e695b098160d736290942f9a5f12569a2c8,default_combine_2024_combined_19aa2a9b,zapsib,0,2026-05-13,1614907703378,0.00573329929922319,14,numpy_eigh_with_cos_lat,axis_v1,wind_ambiguous,0,projects/nodal-thunder-481307-u1/assets/RuPlumeScan/catalog/CH4/events_2024_intermediate,manual_p_01_0d_yuzhno_russkoye,1727761976000,90.42891419380227,,1.2,2026-05-14T03:57:50.383568+00:00,150,2026-05-23,2026-06-20,0,1,0.050735106425988885,22.375423578572054,0,184.99507377214127,10m,0,ERA5_HOURLY_10m,10.384564777136314,misaligned,10.345126152038574,15.908355712890625,0.9041849970817566,-4.9793853759765625,
CH4-WSP-103,2024-10-01T07:34:25Z,2024-10-01,2024,10,71.33757121867808,60.315315271005254,389.79135269024795,8,4.437599746339903,3.9075904728291597,12.459013462077337,7.574149365949974,0,-0.35496919951640815,viirs_flare_high,24.259890493104812,0,1,3.1.4,default_combine,19aa2a9b479246bdd0330cb38d725e695b098160d736290942f9a5f12569a2c8,default_combine_2024_combined_19aa2a9b,zapsib,0,2026-05-13,1898375544980,0,8,numpy_eigh_with_cos_lat,axis_v1,CH4_only,0,projects/nodal-thunder-481307-u1/assets/RuPlumeScan/catalog/CH4/events_2024_intermediate,viirs_0316,1727768065000,0.970129666797511,,1.2,2026-05-14T03:57:50.383568+00:00,150,2026-05-23,2026-06-20,0,1,0.762137478080651,3.5586926478636087,1,159.5625026940561,10m,0,ERA5_HOURLY_10m,5.860510571120433,aligned,5.491612911224365,13.836090087890625,-2.0464046001434326,-4.1981353759765625,
CH4-WSP-104,2024-10-01T07:34:25Z,2024-10-01,2024,10,71.82069347163774,60.33734087642542,243.46681795370677,5,5.662813903915203,4.938370090057358,14.334046656370674,11.794862161718816,1,0.9329777471679459,viirs_flare_high,16.281307270082635,0,1,3.1.4,default_combine,19aa2a9b479246bdd0330cb38d725e695b098160d736290942f9a5f12569a2c8,default_combine_2024_combined_19aa2a9b,zapsib,1,2026-05-13,1902670512273,0,5,numpy_eigh_with_cos_lat,axis_v1,CH4_only,0,projects/nodal-thunder-481307-u1/assets/RuPlumeScan/catalog/CH4/events_2024_intermediate,viirs_0346,1727768065000,140.34905858629008,,1.2,2026-05-14T03:57:50.383568+00:00,150,2026-05-23,2026-06-20,0,1,0.7917332963164275,3.2610703874865976,1,159.0930619178116,10m,0,ERA5_HOURLY_10m,5.839976756137864,aligned,5.455480098724365,13.836090087890625,-2.0840022563934326,-4.4012603759765625,
CH4-WSP-105,2024-10-01T07:34:25Z,2024-10-01,2024,10,73.82207126802889,60.14940288726373,243.70964593662805,5,4.193714639780152,3.9448088663425764,22.980600511676585,17.77873958397973,0,-0.08695065781690425,viirs_flare_high,11.730529383798775,0,1,3.1.4,default_combine,19aa2a9b479246bdd0330cb38d725e695b098160d736290942f9a5f12569a2c8,default_combine_2024_combined_19aa2a9b,zapsib,0,2026-05-13,1932735283330,0,5,numpy_eigh_with_cos_lat,axis_v1,wind_ambiguous,0,projects/nodal-thunder-481307-u1/assets/RuPlumeScan/catalog/CH4/events_2024_intermediate,viirs_0399,1727768065000,15.40848285908315,,1.2,2026-05-14T03:57:50.383568+00:00,150,2026-05-23,2026-06-20,0,1,0.5805203234083149,4.265975671587853,0,157.65531196583152,10m,0,ERA5_HOURLY_10m,5.086073415231191,misaligned,4.7041778564453125,14.140777587890625,-1.933611512184143,-4.6161041259765625,
CH4-WSP-106,2024-10-02T05:33:47Z,2024-10-02,2024,10,71.2419166518102,59.38240876555397,243.8171584933749,5,5.894451220370301,4.602627666145917,42.080325150229555,23.06085693209716,0,0.2482947666438927,viirs_flare_high,21.510559359078364,0,1,3.1.4,default_combine,19aa2a9b479246bdd0330cb38d725e695b098160d736290942f9a5f12569a2c8,default_combine_2024_combined_19aa2a9b,zapsib,0,2026-05-13,1958505087130,0,5,numpy_eigh_with_cos_lat,axis_v1,CH4_only,0,projects/nodal-thunder-481307-u1/assets/RuPlumeScan/catalog/CH4/events_2024_intermediate,viirs_0397,1727847227000,134.16601599330545,,1.2,2026-05-14T03:57:50.383568+00:00,150,2026-05-23,2026-06-20,0,1,0.7393346283689589,23.645979516823047,1,157.62589944009915,10m,0,ERA5_HOURLY_10m,5.051282548323001,aligned,4.671012878417969,9.371124267578125,-1.9227828979492188,-9.710891723632812,
CH4-WSP-107,2024-10-02T05:33:47Z,2024-10-02,2024,10,74.34145679335928,58.84041323529509,633.7617215256217,13,4.29323998924794,3.0573243433718122,31.453168340349066,21.988105581019017,0,-0.2763774383061326,viirs_flare_high,25.125036475547855,0,0,3.1.4,default_combine,19aa2a9b479246bdd0330cb38d725e695b098160d736290942f9a5f12569a2c8,default_combine_2024_combined_19aa2a9b,zapsib,0,2026-05-13,2018634629251,0,13,numpy_eigh_with_cos_lat,axis_v1,CH4_only,0,projects/nodal-thunder-481307-u1/assets/RuPlumeScan/catalog/CH4/events_2024_intermediate,viirs_0440,1727847227000,166.68965088191123,,1.2,2026-05-14T03:57:50.383568+00:00,150,2026-05-23,2026-06-20,0,1,0.9047731716608294,21.273512511361503,1,158.11923633138588,10m,0,ERA5_HOURLY_10m,5.095192153939091,aligned,4.728141784667969,10.636749267578125,-1.8988571166992188,-9.972610473632812,
CH4-WSP-108,2024-10-02T07:15:16Z,2024-10-02,2024,10,64.48793510349441,61.26654493291388,389.1926651138945,8,6.280662279328279,4.8354050963999065,36.22398855356437,14.163861831808513,0,-0.010723343440711052,viirs_flare_high,10.819208719039219,0,1,3.1.4,default_combine,19aa2a9b479246bdd0330cb38d725e695b098160d736290942f9a5f12569a2c8,default_combine_2024_combined_19aa2a9b,zapsib,0,2026-05-13,1756641624257,0,8,numpy_eigh_with_cos_lat,axis_v1,wind_ambiguous,0,projects/nodal-thunder-481307-u1/assets/RuPlumeScan/catalog/CH4/events_2024_intermediate,viirs_0094,1727853316000,83.98168308141051,zone_boundary_adjustment_applied,1.2,2026-05-14T03:57:50.383568+00:00,150,2026-05-23,2026-06-20,0,1,0.0379996624767972,59.56194129559003,0,177.40165270432226,10m,1,ERA5_HOURLY_10m,3.9604801194833232,misaligned,3.9564082622528076,7.482452392578125,-0.1795450896024704,-14.167922973632812,16
CH4-WSP-109,2025-06-28T06:41:11Z,2025-06-28,2025,6,75.79488496624988,61.304497811337384,243.62122128087498,5,5.061211696138181,4.35932018894611,35.80848164232225,18.57360286052902,0,-0.13886372951077916,viirs_flare_high,26.934096231163767,0,1,2.3.2,default_combine,5848063735cfe708308a6d70be6c07a758abc5a37d945b71e43ac68520b85b19,default_combine_2025_combined_58480637,zapsib,0,2026-05-23,1876900708462,0,5,numpy_eigh_with_cos_lat,axis_v1,wind_ambiguous,0,projects/nodal-thunder-481307-u1/assets/RuPlumeScan/catalog/CH4/events_2025_intermediate,viirs_0370,1751092871000,8.741160205165656,zone_boundary_adjustment_applied,1.2,2026-05-23T03:00:25.260694+00:00,150,2026-05-23,2026-06-20,0,,0.04529079654961121,38.059576426769866,0,274.66498851570066,10m,0,ERA5_HOURLY_10m,2.2551870128582423,misaligned,-0.18341319262981415,1.95574951171875,2.247716188430786,2.9666595458984375,16
CH4-WSP-110,2025-06-28T06:41:11Z,2025-06-28,2025,6,76.38899968740468,61.20623862551482,487.0084654334018,10,7.464267825460037,5.139239248706415,35.67518756607092,20.136708398865068,0,-0.22195995635648877,viirs_flare_high,10.401943913269374,0,1,2.3.2,default_combine,5848063735cfe708308a6d70be6c07a758abc5a37d945b71e43ac68520b85b19,default_combine_2025_combined_58480637,zapsib,0,2026-05-23,1894080577641,0,10,numpy_eigh_with_cos_lat,axis_v1,wind_ambiguous,0,projects/nodal-thunder-481307-u1/assets/RuPlumeScan/catalog/CH4/events_2025_intermediate,viirs_0406,1751092871000,161.2633884414009,zone_boundary_adjustment_applied,1.2,2026-05-23T03:00:25.260694+00:00,150,2026-05-23,2026-06-20,0,,0.4265507067509712,51.46003788981693,0,289.6529520489883,10m,1,ERA5_HOURLY_10m,2.4278847433794724,misaligned,-0.8165512084960938,1.76239013671875,2.2864532470703125,2.8416595458984375,16
CH4-WSP-111,2025-06-28T06:41:11Z,2025-06-28,2025,6,78.65462110992725,59.89536861441278,292.807735145585,6,5.198673928657561,4.40504206710612,25.868332963335206,9.070807532856499,0,0.2666777197565881,viirs_flare_high,25.571833371385583,0,0,2.3.2,default_combine,5848063735cfe708308a6d70be6c07a758abc5a37d945b71e43ac68520b85b19,default_combine_2025_combined_58480637,zapsib,0,2026-05-23,1997159792731,0,6,numpy_eigh_with_cos_lat,axis_v1,wind_ambiguous,0,projects/nodal-thunder-481307-u1/assets/RuPlumeScan/catalog/CH4/events_2025_intermediate,viirs_0455,1751092871000,80.90958436896577,,1.2,2026-05-23T03:00:25.260694+00:00,150,2026-05-23,2026-06-20,0,,0.24419140749937496,54.18091953048844,0,328.932357694022,10m,1,ERA5_HOURLY_10m,2.4812168730944997,misaligned,-2.12530779838562,-0.19268798828125,1.2804311513900757,2.3182220458984375,
CH4-WSP-112,2025-07-30T06:40:19Z,2025-07-30,2025,7,73.77090898832945,62.55165476481067,828.5368268437088,17,5.6475072586371455,4.461131782196845,60.555917122019764,23.043811410377693,0,-0.42415839821777274,viirs_flare_high,32.94297327437793,0,1,2.3.2,default_combine,5848063735cfe708308a6d70be6c07a758abc5a37d945b71e43ac68520b85b19,default_combine_2025_combined_58480637,zapsib,0,2026-05-23,1786706395255,0,17,numpy_eigh_with_cos_lat,axis_v1,wind_ambiguous,0,projects/nodal-thunder-481307-u1/assets/RuPlumeScan/catalog/CH4/events_2025_intermediate,viirs_0279,1753857619000,152.21623881302443,zone_boundary_adjustment_applied,1.2,2026-05-23T03:00:25.260694+00:00,150,2026-05-23,2026-06-20,0,,0.19507362032285902,43.08713311364619,0,44.65961298396712,10m,0,ERA5_HOURLY_10m,6.825746598871941,misaligned,-4.8551201820373535,-9.562088012695312,-4.7977728843688965,-0.2624969482421875,16
CH4-WSP-113,2025-07-30T06:40:19Z,2025-07-30,2025,7,77.70088353976197,64.71236931343675,487.068112424785,10,3.798688854434936,3.362873932733323,36.88112272554372,25.81402398971758,0,-0.5369096097368853,viirs_flare_high,22.607850423368397,0,1,2.3.2,default_combine,5848063735cfe708308a6d70be6c07a758abc5a37d945b71e43ac68520b85b19,default_combine_2025_combined_58480637,zapsib,0,2026-05-23,1675037245524,0,10,numpy_eigh_with_cos_lat,axis_v1,wind_ambiguous,0,projects/nodal-thunder-481307-u1/assets/RuPlumeScan/catalog/CH4/events_2025_intermediate,viirs_0215,1753857619000,153.88853152637168,,1.2,2026-05-23T03:00:25.260694+00:00,150,2026-05-23,2026-06-20,1,,0.02551434415552789,29.586431903035646,0,61.592240552374165,10m,0,ERA5_HOURLY_10m,5.693481870845217,misaligned,-2.7086360454559326,-5.7261505126953125,-5.007896423339844,-3.5789031982421875,
CH4-WSP-114,2025-09-06T06:24:37Z,2025-09-06,2025,9,69.90382475267045,59.53277084944846,340.8673427304032,7,8.815836725994306,5.706988174527402,13.089752252297558,5.545861239789144,0,-0.06419228613681385,viirs_flare_low,8.97182243172096,0,1,2.3.2,default_combine,5848063735cfe708308a6d70be6c07a758abc5a37d945b71e43ac68520b85b19,default_combine_2025_combined_58480637,zapsib,0,2026-05-23,1928440316068,0,7,numpy_eigh_with_cos_lat,axis_v1,CH4_only,0,projects/nodal-thunder-481307-u1/assets/RuPlumeScan/catalog/CH4/events_2025_intermediate,viirs_0343,1757139877000,164.27256714735466,,1.2,2026-05-23T03:00:25.260694+00:00,150,2026-05-23,2026-06-20,0,,0.6270236717612224,15.174932531281115,,17.840436688844648,10m,0,ERA5_HOURLY_10m,1.2776204296261544,insufficient_wind,-1.2161840200424194,-3.2366180419921875,-0.39142099022865295,-2.103118896484375,
CH4-WSP-115,2025-09-06T06:24:37Z,2025-09-06,2025,9,71.0767587203745,60.185059465586505,584.5028735900428,12,16.569762849846544,10.977842910576024,33.55913005538264,19.021688077003876,0,-0.24168994359087814,viirs_flare_high,16.270685279773534,0,0,2.3.2,default_combine,5848063735cfe708308a6d70be6c07a758abc5a37d945b71e43ac68520b85b19,default_combine_2025_combined_58480637,zapsib,0,2026-05-23,1902670512277,0,12,numpy_eigh_with_cos_lat,axis_v1,CH4_only,0,projects/nodal-thunder-481307-u1/assets/RuPlumeScan/catalog/CH4/events_2025_intermediate,viirs_0316,1757139877000,62.37224558418227,,1.2,2026-05-23T03:00:25.260694+00:00,150,2026-05-23,2026-06-20,0,,0.9229804772498709,20.712360299102727,,69.30400263169389,10m,0,ERA5_HOURLY_10m,0.8516526943228255,insufficient_wind,-0.30098214745521545,0.0016632080078125,-0.7966944575309753,-5.823822021484375,
CH4-WSP-116,2025-09-06T06:24:37Z,2025-09-06,2025,9,71.80094403811539,59.351386413961976,341.39065223294784,7,9.039433759097278,6.76156592747367,15.072318321893135,10.369453637295631,1,0.5060255247966267,viirs_flare_high,12.16445982015002,0,1,2.3.2,default_combine,5848063735cfe708308a6d70be6c07a758abc5a37d945b71e43ac68520b85b19,default_combine_2025_combined_58480637,zapsib,1,2026-05-23,1971389989013,0,7,numpy_eigh_with_cos_lat,axis_v1,wind_ambiguous,0,projects/nodal-thunder-481307-u1/assets/RuPlumeScan/catalog/CH4/events_2025_intermediate,viirs_0387,1757139877000,143.7627478216615,,1.2,2026-05-23T03:00:25.260694+00:00,150,2026-05-23,2026-06-20,0,,0.15790666398324016,35.37642610603774,0,39.551148063169876,10m,0,ERA5_HOURLY_10m,3.1904267087315663,misaligned,-2.4599990844726562,-1.4495086669921875,-2.03155779838562,-5.382415771484375,
CH4-WSP-117,2025-09-11T06:30:27Z,2025-09-11,2025,9,72.54180379478571,61.621972509663095,340.9773804375569,7,6.1418905558033074,4.532884621914718,33.31640863297616,16.273683967568758,0,0.03744046658516238,gas_field,27.889646917843976,0,1,2.3.2,default_combine,5848063735cfe708308a6d70be6c07a758abc5a37d945b71e43ac68520b85b19,default_combine_2025_combined_58480637,zapsib,0,2026-05-23,1829656068228,0,7,numpy_eigh_with_cos_lat,axis_v1,CH4_only,0,projects/nodal-thunder-481307-u1/assets/RuPlumeScan/catalog/CH4/events_2025_intermediate,ru_khmao_priobskoye,1757572227000,56.85606434342941,zone_boundary_adjustment_applied,1.2,2026-05-23T03:00:25.260694+00:00,150,2026-05-23,2026-06-20,0,,0.8093988714628009,17.739130756769782,1,74.01016591177734,10m,0,ERA5_HOURLY_10m,6.483948166509824,aligned,-1.7861124277114868,-6.798187255859375,-6.23308801651001,-10.182296752929688,16
CH4-WSP-118,2025-09-11T06:30:27Z,2025-09-11,2025,9,75.15116185604862,62.88321341213744,535.54711601981,11,85.46876989389955,38.07521307225173,518.5396517173658,164.6345897918836,0,0.11493450743002587,viirs_flare_low,3.171475497719956,0,1,2.3.2,default_combine,5848063735cfe708308a6d70be6c07a758abc5a37d945b71e43ac68520b85b19,default_combine_2025_combined_58480637,zapsib,0,2026-05-23,1773821493356,0,11,numpy_eigh_with_cos_lat,axis_v1,wind_ambiguous,0,projects/nodal-thunder-481307-u1/assets/RuPlumeScan/catalog/CH4/events_2025_intermediate,viirs_0267,1757572227000,130.16498458996296,zone_boundary_adjustment_applied,1.2,2026-05-23T03:00:25.260694+00:00,150,2026-05-23,2026-06-20,0,,0.41030468286423916,21.487434515252914,0,77.09240604774448,10m,0,ERA5_HOURLY_10m,7.099659886584315,misaligned,-1.5859171152114868,-8.489593505859375,-6.920262813568115,-12.401046752929688,16
CH4-WSP-119,2025-09-11T06:30:27Z,2025-09-11,2025,9,75.65732537371971,63.30302940831393,486.8407230184793,10,14.567473745884328,6.492828725875152,42.2299307523615,19.386179697303312,0,0.0786773526224602,viirs_flare_low,5.336050309994959,0,1,2.3.2,default_combine,5848063735cfe708308a6d70be6c07a758abc5a37d945b71e43ac68520b85b19,default_combine_2025_combined_58480637,zapsib,0,2026-05-23,1752346656871,0,10,numpy_eigh_with_cos_lat,axis_v1,wind_ambiguous,0,projects/nodal-thunder-481307-u1/assets/RuPlumeScan/catalog/CH4/events_2025_intermediate,viirs_0257,1757572227000,154.5415863361507,,1.2,2026-05-23T03:00:25.260694+00:00,150,2026-05-23,2026-06-20,0,,0.1465284174080551,21.567960410194473,0,77.72914390287565,10m,0,ERA5_HOURLY_10m,6.686966674547826,misaligned,-1.42120361328125,-8.870452880859375,-6.5341949462890625,-13.231124877929688,
CH4-WSP-120,2025-09-11T06:30:27Z,2025-09-11,2025,9,76.87711217659526,61.55875408831372,243.51374020909788,5,28.30466531287613,21.45934182452617,85.44326954036887,64.17125901569722,0,-0.009771116813652211,viirs_flare_high,20.128373508743497,0,0,2.3.2,default_combine,5848063735cfe708308a6d70be6c07a758abc5a37d945b71e43ac68520b85b19,default_combine_2025_combined_58480637,zapsib,0,2026-05-23,1868310773861,0,5,numpy_eigh_with_cos_lat,axis_v1,wind_ambiguous,0,projects/nodal-thunder-481307-u1/assets/RuPlumeScan/catalog/CH4/events_2025_intermediate,viirs_0393,1757572227000,12.229383210638822,zone_boundary_adjustment_applied,1.2,2026-05-23T03:00:25.260694+00:00,150,2026-05-23,2026-06-20,0,,0.22184288268968388,23.31037830551594,0,82.26352376856727,10m,0,ERA5_HOURLY_10m,4.948541283907046,misaligned,-0.6661580204963684,-6.116546630859375,-4.90349817276001,-10.160812377929688,16
CH4-WSP-121,2025-09-11T06:30:27Z,2025-09-11,2025,9,77.39854346691375,61.72530358391496,681.9119104801925,14,28.550596313396692,13.868171664930928,86.75826819739927,49.15683046733948,0,-0.09050145278958717,viirs_flare_low,13.34906399434076,0,0,2.3.2,default_combine,5848063735cfe708308a6d70be6c07a758abc5a37d945b71e43ac68520b85b19,default_combine_2025_combined_58480637,zapsib,0,2026-05-23,1868310773855,0,14,numpy_eigh_with_cos_lat,axis_v1,wind_ambiguous,0,projects/nodal-thunder-481307-u1/assets/RuPlumeScan/catalog/CH4/events_2025_intermediate,viirs_0389,1757572227000,129.8955727871824,zone_boundary_adjustment_applied,1.2,2026-05-23T03:00:25.260694+00:00,150,2026-05-23,2026-06-20,0,,0.48962435605058274,23.739129349713778,0,83.96176483173485,10m,0,ERA5_HOURLY_10m,4.833472380095282,misaligned,-0.5084431767463684,-5.805999755859375,-4.8066558837890625,-10.147140502929688,16
CH4-WSP-122,2025-09-19T07:20:19Z,2025-09-19,2025,9,77.35596529054668,61.713098418894816,437.9509917335111,9,5.707863355722163,4.927044200102838,69.41625148159619,55.012166856174076,0,0.31207219519986257,viirs_flare_low,13.144953955393646,0,0,2.3.2,default_combine,5848063735cfe708308a6d70be6c07a758abc5a37d945b71e43ac68520b85b19,default_combine_2025_combined_58480637,zapsib,0,2026-05-23,1859720839264,0,9,numpy_eigh_with_cos_lat,axis_v1,wind_ambiguous,0,projects/nodal-thunder-481307-u1/assets/RuPlumeScan/catalog/CH4/events_2025_intermediate,viirs_0389,1758266419000,150.51766472073925,zone_boundary_adjustment_applied,1.2,2026-05-23T03:00:25.260694+00:00,150,2026-05-23,2026-06-20,0,,0.5355138710613696,26.025468112324006,0,192.32141632521598,10m,0,ERA5_HOURLY_10m,4.236630390145993,misaligned,4.13904333114624,13.006179809570312,0.9040781855583191,-3.171539306640625,16
